entry_time,exit_time,direction,killzone,entry_type,entry,stop,target,exit,outcome,r,setup_sweep_time,setup_mss_time,sweep_level,fvg_top,fvg_bottom,fvg_time,setup_mss_tf
2023-01-04 10:47:00-05:00,2023-01-04 12:47:00-05:00,long,am,fvg,10879.8,10809.339285714286,11020.721428571425,10977.8,expired,1.3624613513102781,2023-01-04 10:00:00-05:00,2023-01-04 10:45:00-05:00,10885.1,10880.1,10867.3,2023-01-04 10:46:00-05:00,1m
2023-01-12 09:59:00-05:00,2023-01-12 10:11:00-05:00,long,am,fvg,11281.7,11233.95,11377.2,11377.2,win,1.9581151832460733,2023-01-12 08:45:00-05:00,2023-01-12 08:56:00-05:00,11317.8,11281.7,11274.8,2023-01-12 09:58:00-05:00,1m
2023-01-13 09:53:00-05:00,2023-01-13 10:24:00-05:00,long,am,fvg,11387.6,11356.339285714286,11450.121428571429,11450.121428571429,win,1.9360219353364558,2023-01-13 09:15:00-05:00,2023-01-13 09:28:00-05:00,11327.8,11387.6,11380.8,2023-01-13 09:51:00-05:00,1m
2023-01-19 08:55:00-05:00,2023-01-19 09:40:00-05:00,long,am,fvg,11328.0,11299.003571428571,11385.992857142857,11385.992857142857,win,1.9310259884222196,2023-01-19 08:15:00-05:00,2023-01-19 08:29:00-05:00,11298.4,11328.0,11320.5,2023-01-19 08:54:00-05:00,1m
2023-01-19 09:59:00-05:00,2023-01-19 10:46:00-05:00,long,am,fvg,11337.8,11292.560714285713,11428.278571428571,11292.560714285713,loss,-1.0442093629115021,2023-01-19 08:45:00-05:00,2023-01-19 08:54:00-05:00,11297.6,11344.8,11331.3,2023-01-19 09:58:00-05:00,1m
2023-01-24 08:00:00-05:00,2023-01-24 08:06:00-05:00,long,am,fvg,11819.3,11812.82142857143,11832.25714285714,11832.25714285714,win,1.6912899669238532,2023-01-24 06:30:00-05:00,2023-01-24 06:42:00-05:00,11827.8,11827.5,11824.7,2023-01-24 07:49:00-05:00,1m
2023-01-24 09:29:00-05:00,2023-01-24 09:31:00-05:00,long,am,fvg,11798.5,11784.153571428571,11827.192857142858,11784.153571428571,loss,-1.1394075180482908,2023-01-24 09:15:00-05:00,2023-01-24 09:16:00-05:00,11784.8,11798.5,11795.2,2023-01-24 09:28:00-05:00,1m
2023-01-24 09:55:00-05:00,2023-01-24 09:58:00-05:00,long,am,fvg,11884.5,11841.917857142857,11969.664285714287,11841.917857142857,loss,-1.046968044955128,2023-01-24 09:45:00-05:00,2023-01-24 09:47:00-05:00,11783.9,11884.5,11880.0,2023-01-24 09:54:00-05:00,1m
2023-01-25 08:53:00-05:00,2023-01-25 09:08:00-05:00,long,am,fvg,11653.6,11646.35,11668.1,11668.1,win,1.7241379310344827,2023-01-25 05:30:00-05:00,2023-01-25 07:38:00-05:00,11706.3,11658.4,11656.5,2023-01-25 08:52:00-05:00,1m
2023-01-30 08:00:00-05:00,2023-01-30 08:21:00-05:00,long,am,fvg,12029.4,12018.410714285714,12051.378571428571,12051.378571428571,win,1.8180045498862554,2023-01-30 06:30:00-05:00,2023-01-30 07:02:00-05:00,12009.7,12029.4,12023.6,2023-01-30 07:46:00-05:00,1m
2023-01-30 11:32:00-05:00,2023-01-30 11:55:00-05:00,long,am,fvg,12007.4,11980.782142857142,12060.635714285714,11980.782142857142,loss,-1.0751375285120084,2023-01-30 10:30:00-05:00,2023-01-30 11:13:00-05:00,11987.8,12007.4,12004.6,2023-01-30 11:29:00-05:00,1m
2023-01-31 08:00:00-05:00,2023-01-31 08:18:00-05:00,long,am,fvg,11891.1,11872.564285714285,11928.171428571432,11872.564285714285,loss,-1.1078998073217652,2023-01-31 06:45:00-05:00,2023-01-31 06:46:00-05:00,11827.3,11891.1,11889.1,2023-01-31 07:54:00-05:00,1m
2023-02-03 09:50:00-05:00,2023-02-03 10:24:00-05:00,long,am,fvg,12668.9,12610.875,12784.949999999999,12784.949999999999,win,1.9655320982335198,2023-02-03 09:30:00-05:00,2023-02-03 09:33:00-05:00,12521.3,12668.9,12650.2,2023-02-03 09:47:00-05:00,1m
2023-02-07 09:53:00-05:00,2023-02-07 09:59:00-05:00,long,am,fvg,12478.5,12464.335714285715,12506.82857142857,12464.335714285715,loss,-1.1412002017145797,2023-02-07 09:15:00-05:00,2023-02-07 09:41:00-05:00,12470.1,12505.6,12488.8,2023-02-07 09:51:00-05:00,1m
2023-02-07 10:52:00-05:00,2023-02-07 10:57:00-05:00,long,am,fvg,12495.5,12480.807142857142,12524.885714285716,12480.807142857142,loss,-1.136120563928043,2023-02-07 10:15:00-05:00,2023-02-07 10:45:00-05:00,12454.3,12495.5,12491.0,2023-02-07 10:51:00-05:00,1m
2023-02-08 10:00:00-05:00,2023-02-08 10:16:00-05:00,long,am,fvg,12641.7,12618.607142857143,12687.885714285716,12687.885714285716,win,1.9133931333127143,2023-02-08 09:45:00-05:00,2023-02-08 09:46:00-05:00,12664.1,12652.4,12648.7,2023-02-08 09:59:00-05:00,1m
2023-02-10 08:07:00-05:00,2023-02-10 08:49:00-05:00,long,am,fvg,12264.2,12241.825,12308.95,12308.95,win,1.910614525139665,2023-02-10 07:15:00-05:00,2023-02-10 07:25:00-05:00,12236.3,12264.2,12261.5,2023-02-10 08:06:00-05:00,1m
2023-02-13 10:03:00-05:00,2023-02-13 12:03:00-05:00,long,am,fvg,12415.5,12355.317857142858,12535.864285714284,12498.0,expired,1.3376060767907134,2023-02-13 09:45:00-05:00,2023-02-13 09:46:00-05:00,12322.6,12419.9,12412.0,2023-02-13 09:59:00-05:00,1m
2023-02-14 09:48:00-05:00,2023-02-14 11:48:00-05:00,long,am,fvg,12502.4,12338.30357142857,12830.592857142858,12406.9,expired,-0.5941628397936739,2023-02-14 09:45:00-05:00,2023-02-14 09:46:00-05:00,12421.1,12505.4,12496.6,2023-02-14 09:47:00-05:00,1m
2023-02-15 09:13:00-05:00,2023-02-15 09:18:00-05:00,long,am,fvg,12534.6,12516.992857142857,12569.814285714287,12516.992857142857,loss,-1.113590263691682,2023-02-15 08:45:00-05:00,2023-02-15 08:46:00-05:00,12516.4,12535.3,12532.0,2023-02-15 09:11:00-05:00,1m
2023-02-15 11:08:00-05:00,2023-02-15 13:08:00-05:00,long,am,fvg,12566.9,12511.367857142857,12677.964285714284,12588.3,expired,0.3493472249019194,2023-02-15 10:15:00-05:00,2023-02-15 10:35:00-05:00,12490.3,12575.5,12561.2,2023-02-15 11:07:00-05:00,1m
2023-02-16 10:08:00-05:00,2023-02-16 10:49:00-05:00,long,am,fvg,12532.7,12486.339285714286,12625.42142857143,12625.42142857143,win,1.9568600261921272,2023-02-16 09:45:00-05:00,2023-02-16 09:48:00-05:00,12474.7,12532.7,12526.2,2023-02-16 10:07:00-05:00,1m
2023-02-20 08:12:00-05:00,2023-02-20 08:31:00-05:00,short,am,fvg,12375.0,12380.0,12365.0,12380.0,loss,-1.4,2023-02-20 07:15:00-05:00,2023-02-20 07:25:00-05:00,12374.5,12375.8,12374.3,2023-02-20 08:10:00-05:00,1m
2023-02-22 08:21:00-05:00,2023-02-22 08:28:00-05:00,short,am,fvg,12109.7,12116.528571428573,12096.042857142857,12096.042857142857,win,1.707112970711326,2023-02-22 07:45:00-05:00,2023-02-22 08:10:00-05:00,12118.2,12109.1,12106.3,2023-02-22 08:20:00-05:00,1m
2023-02-23 08:48:00-05:00,2023-02-23 08:56:00-05:00,short,am,fvg,12174.8,12190.9,12142.599999999999,12190.9,loss,-1.1242236024844692,2023-02-23 08:30:00-05:00,2023-02-23 08:31:00-05:00,12199.0,12177.8,12174.8,2023-02-23 08:47:00-05:00,1m
2023-02-27 09:40:00-05:00,2023-02-27 09:58:00-05:00,short,am,fvg,12105.7,12119.371428571429,12078.357142857145,12119.371428571429,loss,-1.1462904911180845,2023-02-27 08:30:00-05:00,2023-02-27 09:32:00-05:00,12054.6,12104.6,12100.2,2023-02-27 09:39:00-05:00,1m
2023-02-28 08:09:00-05:00,2023-02-28 09:17:00-05:00,short,am,fvg,12094.8,12119.210714285715,12045.978571428568,12045.978571428568,win,1.918068763716171,2023-02-28 07:00:00-05:00,2023-02-28 08:07:00-05:00,12099.6,12096.8,12093.3,2023-02-28 08:08:00-05:00,1m
2023-03-01 08:00:00-05:00,2023-03-01 08:01:00-05:00,short,am,fvg,12095.1,12100.1,12085.1,12085.1,win,1.6,2023-03-01 06:30:00-05:00,2023-03-01 06:54:00-05:00,12116.5,12096.2,12095.1,2023-03-01 07:43:00-05:00,1m
2023-03-02 08:00:00-05:00,2023-03-02 08:02:00-05:00,short,am,fvg,11856.6,11865.771428571428,11838.257142857145,11865.771428571428,loss,-1.2180685358255612,2023-03-02 06:15:00-05:00,2023-03-02 07:32:00-05:00,11882.4,11868.2,11856.6,2023-03-02 07:51:00-05:00,1m
2023-03-03 08:00:00-05:00,2023-03-03 08:35:00-05:00,short,am,fvg,12070.2,12084.946428571428,12040.707142857147,12084.946428571428,loss,-1.1356260595786067,2023-03-03 05:45:00-05:00,2023-03-03 07:21:00-05:00,12084.0,12070.0,12068.0,2023-03-03 07:45:00-05:00,1m
2023-03-03 11:35:00-05:00,2023-03-03 11:52:00-05:00,short,am,fvg,12180.1,12196.92857142857,12146.44285714286,12196.92857142857,loss,-1.1188455008489044,2023-03-03 10:45:00-05:00,2023-03-03 11:11:00-05:00,12206.7,12186.1,12180.1,2023-03-03 11:34:00-05:00,1m
2023-03-08 09:59:00-05:00,2023-03-08 10:00:00-05:00,long,am,fvg,12157.1,12137.153571428571,12196.992857142859,12137.153571428571,loss,-1.1002685765443112,2023-03-08 08:30:00-05:00,2023-03-08 09:31:00-05:00,12139.0,12169.0,12162.3,2023-03-08 09:58:00-05:00,1m
2023-03-08 10:35:00-05:00,2023-03-08 11:35:00-05:00,long,am,fvg,12200.9,12156.332142857143,12290.035714285712,12156.332142857143,loss,-1.0448753906563035,2023-03-08 10:15:00-05:00,2023-03-08 10:25:00-05:00,12126.9,12200.9,12195.4,2023-03-08 10:34:00-05:00,1m
2023-03-16 08:00:00-04:00,2023-03-16 08:06:00-04:00,long,am,fvg,12286.6,12274.67857142857,12310.44285714286,12274.67857142857,loss,-1.1677651288196365,2023-03-16 06:00:00-04:00,2023-03-16 06:40:00-04:00,12258.1,12292.6,12287.6,2023-03-16 07:47:00-04:00,1m
2023-03-16 10:05:00-04:00,2023-03-16 10:55:00-04:00,long,am,fvg,12265.6,12199.582142857142,12397.635714285718,12397.635714285718,win,1.9697051663510963,2023-03-16 09:45:00-04:00,2023-03-16 09:54:00-04:00,12206.3,12268.9,12256.4,2023-03-16 09:57:00-04:00,1m
2023-03-17 08:38:00-04:00,2023-03-17 08:50:00-04:00,long,am,fvg,12547.8,12535.489285714286,12572.421428571426,12535.489285714286,loss,-1.1624601102408008,2023-03-17 07:45:00-04:00,2023-03-17 07:54:00-04:00,12580.3,12551.5,12548.0,2023-03-17 08:31:00-04:00,1m
2023-03-17 09:13:00-04:00,2023-03-17 09:32:00-04:00,long,am,fvg,12573.7,12561.332142857143,12598.435714285715,12598.435714285715,win,1.838290499566851,2023-03-17 09:00:00-04:00,2023-03-17 09:04:00-04:00,12539.0,12573.7,12568.8,2023-03-17 09:10:00-04:00,1m
2023-03-20 10:43:00-04:00,2023-03-20 10:50:00-04:00,long,am,fvg,12474.6,12455.110714285714,12513.578571428572,12513.578571428572,win,1.8973795125526856,2023-03-20 10:00:00-04:00,2023-03-20 10:32:00-04:00,12430.3,12476.3,12473.6,2023-03-20 10:42:00-04:00,1m
2023-03-24 08:48:00-04:00,2023-03-24 08:58:00-04:00,long,am,fvg,12667.5,12651.385714285714,12699.728571428572,12699.728571428572,win,1.8758865248226961,2023-03-24 08:15:00-04:00,2023-03-24 08:37:00-04:00,12650.5,12671.3,12663.6,2023-03-24 08:45:00-04:00,1m
2023-03-27 09:52:00-04:00,2023-03-27 10:30:00-04:00,long,am,fvg,12839.7,12762.589285714286,12993.92142857143,12762.589285714286,loss,-1.0259367328979667,2023-03-27 09:45:00-04:00,2023-03-27 09:46:00-04:00,12783.5,12839.7,12836.9,2023-03-27 09:51:00-04:00,1m
2023-03-28 11:17:00-04:00,2023-03-28 12:17:00-04:00,long,am,fvg,12588.0,12566.582142857143,12630.835714285713,12566.582142857143,loss,-1.0933800233450086,2023-03-28 10:15:00-04:00,2023-03-28 10:19:00-04:00,12570.7,12588.2,12586.3,2023-03-28 11:16:00-04:00,1m
2023-03-31 08:29:00-04:00,2023-03-31 08:31:00-04:00,long,am,fvg,12963.1,12946.253571428571,12996.792857142858,12996.792857142858,win,1.8812804748781033,2023-03-31 07:00:00-04:00,2023-03-31 07:01:00-04:00,12956.2,12963.1,12962.1,2023-03-31 08:28:00-04:00,1m
2023-03-31 08:40:00-04:00,2023-03-31 08:44:00-04:00,long,am,fvg,12997.0,12984.042857142857,13022.914285714287,12984.042857142857,loss,-1.15435501653803,2023-03-31 08:30:00-04:00,2023-03-31 08:31:00-04:00,12956.0,12997.0,12994.7,2023-03-31 08:39:00-04:00,1m
2023-04-03 10:04:00-04:00,2023-04-03 10:49:00-04:00,long,am,fvg,13131.8,13094.060714285713,13207.278571428571,13094.060714285713,loss,-1.0529951736538277,2023-04-03 08:45:00-04:00,2023-04-03 08:53:00-04:00,13072.3,13133.9,13128.3,2023-04-03 10:03:00-04:00,1m
2023-04-04 10:33:00-04:00,2023-04-04 11:08:00-04:00,long,am,fvg,13182.9,13134.417857142858,13279.864285714282,13134.417857142858,loss,-1.041252302025784,2023-04-04 10:00:00-04:00,2023-04-04 10:01:00-04:00,13126.8,13185.9,13179.6,2023-04-04 10:32:00-04:00,1m
2023-04-07 09:06:00-04:00,2023-04-09 18:15:00-04:00,long,am,fvg,13065.6,13054.592857142858,13087.614285714286,13087.614285714286,win,1.8182998053212183,2023-04-07 08:15:00-04:00,2023-04-07 08:31:00-04:00,13035.1,13065.6,13063.6,2023-04-07 09:05:00-04:00,1m
2023-04-10 11:19:00-04:00,2023-04-10 13:19:00-04:00,long,am,fvg,12959.5,12910.689285714287,13057.121428571427,13020.1,expired,1.2005560839979805,2023-04-10 09:15:00-04:00,2023-04-10 10:37:00-04:00,12950.7,12959.7,12955.3,2023-04-10 11:13:00-04:00,1m
2023-04-12 10:43:00-04:00,2023-04-12 10:55:00-04:00,long,am,fvg,12957.3,12931.989285714286,13007.921428571426,12931.989285714286,loss,-1.079017920135462,2023-04-12 10:00:00-04:00,2023-04-12 10:23:00-04:00,12942.9,12960.6,12957.1,2023-04-12 10:42:00-04:00,1m
2023-04-13 09:53:00-04:00,2023-04-13 10:05:00-04:00,short,am,fvg,12960.0,12978.535714285714,12922.928571428572,12978.535714285714,loss,-1.1078998073217756,2023-04-13 08:45:00-04:00,2023-04-13 09:25:00-04:00,12919.3,12963.0,12956.6,2023-04-13 09:52:00-04:00,1m
2023-04-14 08:00:00-04:00,2023-04-14 08:03:00-04:00,long,am,fvg,13043.9,13038.9,13053.9,13053.9,win,1.6,2023-04-14 06:30:00-04:00,2023-04-14 06:48:00-04:00,13055.2,13043.9,13041.9,2023-04-14 07:40:00-04:00,1m
2023-04-14 09:40:00-04:00,2023-04-14 10:33:00-04:00,long,am,fvg,13093.3,13027.203571428572,13225.492857142854,13027.203571428572,loss,-1.0302588209866543,2023-04-14 09:00:00-04:00,2023-04-14 09:30:00-04:00,13013.8,13093.3,13081.7,2023-04-14 09:39:00-04:00,1m
2023-04-18 11:34:00-04:00,2023-04-18 11:39:00-04:00,long,am,fvg,13091.9,13070.889285714286,13133.921428571428,13070.889285714286,loss,-1.095189529151794,2023-04-18 10:45:00-04:00,2023-04-18 11:18:00-04:00,13071.8,13092.9,13091.1,2023-04-18 11:31:00-04:00,1m
2023-04-24 08:19:00-04:00,2023-04-24 08:43:00-04:00,short,am,fvg,12988.8,13004.20357142857,12957.992857142857,13004.20357142857,loss,-1.1298400185485775,2023-04-24 07:45:00-04:00,2023-04-24 07:50:00-04:00,13007.7,12991.3,12988.8,2023-04-24 08:18:00-04:00,1m
2023-04-24 10:14:00-04:00,2023-04-24 10:42:00-04:00,short,am,fvg,13009.1,13044.871428571429,12937.557142857144,12937.557142857144,win,1.944089456869009,2023-04-24 09:00:00-04:00,2023-04-24 09:32:00-04:00,13011.5,13011.4,13009.1,2023-04-24 10:02:00-04:00,1m
2023-04-28 09:52:00-04:00,2023-04-28 11:52:00-04:00,long,am,fvg,13138.9,13091.775,13233.15,13176.5,expired,0.755437665782501,2023-04-28 08:45:00-04:00,2023-04-28 08:52:00-04:00,13099.6,13139.5,13134.9,2023-04-28 09:51:00-04:00,1m
2023-05-01 09:04:00-04:00,2023-05-01 09:08:00-04:00,long,am,fvg,13230.4,13223.882142857143,13243.435714285713,13223.882142857143,loss,-1.3068493150685054,2023-05-01 08:30:00-04:00,2023-05-01 08:44:00-04:00,13219.7,13230.4,13229.0,2023-05-01 09:03:00-04:00,1m
2023-05-01 11:22:00-04:00,2023-05-01 12:02:00-04:00,long,am,fvg,13202.0,13185.760714285716,13234.478571428568,13234.478571428568,win,1.876841873762908,2023-05-01 10:15:00-04:00,2023-05-01 10:56:00-04:00,13211.3,13209.5,13206.0,2023-05-01 11:21:00-04:00,1m
2023-05-02 08:54:00-04:00,2023-05-02 09:08:00-04:00,long,am,fvg,13229.3,13222.45357142857,13242.992857142857,13222.45357142857,loss,-1.2921231090244998,2023-05-02 08:15:00-04:00,2023-05-02 08:44:00-04:00,13222.5,13229.4,13227.4,2023-05-02 08:52:00-04:00,1m
2023-05-02 09:24:00-04:00,2023-05-02 09:30:00-04:00,long,am,fvg,13227.6,13222.6,13237.6,13222.6,loss,-1.4,2023-05-02 08:45:00-04:00,2023-05-02 08:53:00-04:00,13215.3,13229.3,13228.5,2023-05-02 09:23:00-04:00,1m
2023-05-02 11:55:00-04:00,2023-05-02 12:30:00-04:00,long,am,fvg,13058.8,13044.425000000001,13087.549999999996,13087.549999999996,win,1.8608695652173737,2023-05-02 11:45:00-04:00,2023-05-02 11:46:00-04:00,13047.1,13063.7,13060.9,2023-05-02 11:54:00-04:00,1m
2023-05-03 09:59:00-04:00,2023-05-03 10:11:00-04:00,long,am,fvg,13153.8,13132.042857142857,13197.314285714285,13132.042857142857,loss,-1.0919238345370983,2023-05-03 09:45:00-04:00,2023-05-03 09:46:00-04:00,13121.7,13154.8,13151.1,2023-05-03 09:53:00-04:00,1m
2023-05-04 09:51:00-04:00,2023-05-04 10:17:00-04:00,long,am,fvg,12970.4,12952.682142857144,13005.835714285711,12952.682142857144,loss,-1.1128804676476602,2023-05-04 08:30:00-04:00,2023-05-04 09:08:00-04:00,13008.6,12974.8,12970.3,2023-05-04 09:50:00-04:00,1m
2023-05-05 09:05:00-04:00,2023-05-05 09:11:00-04:00,short,am,fvg,13049.2,13060.285714285716,13027.028571428571,13060.285714285716,loss,-1.1804123711340113,2023-05-05 07:45:00-04:00,2023-05-05 07:46:00-04:00,13073.2,13052.5,13048.7,2023-05-05 09:04:00-04:00,1m
2023-05-08 11:25:00-04:00,2023-05-08 11:30:00-04:00,long,am,fvg,13235.4,13225.492857142857,13255.214285714284,13225.492857142857,loss,-1.201874549387176,2023-05-08 10:45:00-04:00,2023-05-08 10:50:00-04:00,13201.4,13235.4,13233.8,2023-05-08 11:08:00-04:00,1m
2023-05-09 08:27:00-04:00,2023-05-09 08:35:00-04:00,long,am,fvg,13229.0,13223.978571428572,13239.042857142857,13223.978571428572,loss,-1.398293029872002,2023-05-09 07:30:00-04:00,2023-05-09 08:12:00-04:00,13226.5,13229.0,13228.0,2023-05-09 08:26:00-04:00,1m
2023-05-09 10:04:00-04:00,2023-05-09 11:12:00-04:00,long,am,fvg,13247.5,13216.425000000001,13309.649999999998,13216.425000000001,loss,-1.0643604183427215,2023-05-09 09:00:00-04:00,2023-05-09 09:30:00-04:00,13216.7,13247.5,13242.9,2023-05-09 09:59:00-04:00,1m
2023-05-11 08:18:00-04:00,2023-05-11 08:30:00-04:00,long,am,fvg,13384.3,13374.096428571429,13404.70714285714,13404.70714285714,win,1.8039901995099537,2023-05-11 07:30:00-04:00,2023-05-11 08:09:00-04:00,13362.3,13386.6,13379.9,2023-05-11 08:17:00-04:00,1m
2023-05-12 09:44:00-04:00,2023-05-12 09:48:00-04:00,long,am,fvg,13414.4,13400.332142857143,13442.535714285712,13400.332142857143,loss,-1.142168062960152,2023-05-12 08:45:00-04:00,2023-05-12 09:32:00-04:00,13398.9,13414.4,13412.7,2023-05-12 09:42:00-04:00,1m
2023-05-12 11:07:00-04:00,2023-05-12 11:15:00-04:00,long,am,fvg,13360.3,13330.42857142857,13420.042857142857,13330.42857142857,loss,-1.0669536107125777,2023-05-12 10:45:00-04:00,2023-05-12 11:05:00-04:00,13346.7,13360.8,13358.5,2023-05-12 11:06:00-04:00,1m
2023-05-15 11:07:00-04:00,2023-05-15 11:12:00-04:00,long,am,fvg,13344.3,13336.650000000001,13359.599999999995,13359.599999999995,win,1.7385620915031934,2023-05-15 09:45:00-04:00,2023-05-15 10:37:00-04:00,13362.5,13346.0,13344.0,2023-05-15 11:06:00-04:00,1m
2023-05-16 09:59:00-04:00,2023-05-16 10:10:00-04:00,long,am,fvg,13436.5,13418.564285714285,13472.37142857143,13418.564285714285,loss,-1.111509358821181,2023-05-16 09:30:00-04:00,2023-05-16 09:31:00-04:00,13381.9,13436.5,13433.0,2023-05-16 09:58:00-04:00,1m
2023-05-19 08:01:00-04:00,2023-05-19 08:10:00-04:00,long,am,fvg,13851.5,13845.275,13863.95,13845.275,loss,-1.3212851405622303,2023-05-19 07:00:00-04:00,2023-05-19 07:20:00-04:00,13840.2,13851.5,13849.9,2023-05-19 07:58:00-04:00,1m
2023-05-19 09:40:00-04:00,2023-05-19 09:52:00-04:00,long,am,fvg,13856.9,13837.139285714286,13896.421428571428,13837.139285714286,loss,-1.101210916320261,2023-05-19 08:30:00-04:00,2023-05-19 08:56:00-04:00,13838.2,13856.9,13853.5,2023-05-19 09:39:00-04:00,1m
2023-05-19 11:59:00-04:00,2023-05-19 13:59:00-04:00,long,am,fvg,13812.1,13770.842857142858,13894.614285714286,13791.1,expired,-0.5574792243767327,2023-05-19 11:15:00-04:00,2023-05-19 11:22:00-04:00,13812.1,13812.1,13803.6,2023-05-19 11:46:00-04:00,1m
2023-05-22 08:00:00-04:00,2023-05-22 08:24:00-04:00,long,am,fvg,13812.1,13805.442857142858,13825.414285714285,13825.414285714285,win,1.6995708154506226,2023-05-22 06:15:00-04:00,2023-05-22 07:33:00-04:00,13794.4,13812.1,13809.1,2023-05-22 07:59:00-04:00,1m
2023-05-23 09:57:00-04:00,2023-05-23 10:15:00-04:00,long,am,fvg,13822.1,13806.385714285714,13853.528571428573,13806.385714285714,loss,-1.127272727272723,2023-05-23 09:15:00-04:00,2023-05-23 09:33:00-04:00,13797.5,13822.7,13819.9,2023-05-23 09:55:00-04:00,1m
2023-05-24 08:25:00-04:00,2023-05-24 08:30:00-04:00,long,am,fvg,13634.1,13626.485714285714,13649.328571428572,13626.485714285714,loss,-1.262664165103184,2023-05-24 08:00:00-04:00,2023-05-24 08:08:00-04:00,13625.8,13635.8,13634.8,2023-05-24 08:24:00-04:00,1m
2023-05-24 09:59:00-04:00,2023-05-24 10:03:00-04:00,long,am,fvg,13603.3,13586.160714285714,13637.57857142857,13586.160714285714,loss,-1.1166909772869362,2023-05-24 09:30:00-04:00,2023-05-24 09:35:00-04:00,13596.5,13604.0,13598.5,2023-05-24 09:56:00-04:00,1m
2023-05-24 11:50:00-04:00,2023-05-24 12:21:00-04:00,long,am,fvg,13567.8,13542.6,13618.199999999997,13542.6,loss,-1.0793650793650829,2023-05-24 11:15:00-04:00,2023-05-24 11:24:00-04:00,13531.0,13567.8,13566.1,2023-05-24 11:49:00-04:00,1m
2023-05-25 10:49:00-04:00,2023-05-25 11:12:00-04:00,long,am,fvg,13886.3,13863.357142857141,13932.185714285715,13932.185714285715,win,1.9128268991282722,2023-05-25 10:00:00-04:00,2023-05-25 10:41:00-04:00,13826.8,13886.3,13880.7,2023-05-25 10:46:00-04:00,1m
2023-05-29 08:59:00-04:00,2023-05-29 10:59:00-04:00,long,am,fvg,14342.6,14334.439285714287,14358.921428571428,14352.3,expired,0.9435448577679788,2023-05-29 08:15:00-04:00,2023-05-29 08:26:00-04:00,14346.5,14342.6,14338.8,2023-05-29 08:58:00-04:00,1m
2023-05-29 10:59:00-04:00,2023-05-29 11:20:00-04:00,long,am,fvg,14352.3,14347.3,14362.3,14347.3,loss,-1.4,2023-05-29 08:45:00-04:00,2023-05-29 10:11:00-04:00,14344.5,14354.2,14351.9,2023-05-29 10:48:00-04:00,1m
2023-05-30 11:06:00-04:00,2023-05-30 11:16:00-04:00,long,am,fvg,14430.9,14412.489285714286,14467.721428571427,14412.489285714286,loss,-1.1086323957323019,2023-05-30 10:15:00-04:00,2023-05-30 10:57:00-04:00,14397.9,14430.9,14428.6,2023-05-30 11:02:00-04:00,1m
2023-05-31 09:32:00-04:00,2023-05-31 09:41:00-04:00,long,am,fvg,14308.8,14285.957142857143,14354.48571428571,14354.48571428571,win,1.9124452782989316,2023-05-31 09:15:00-04:00,2023-05-31 09:19:00-04:00,14288.1,14308.8,14301.9,2023-05-31 09:31:00-04:00,1m
2023-06-01 09:42:00-04:00,2023-06-01 11:15:00-04:00,long,am,fvg,14264.0,14215.175,14361.650000000001,14361.650000000001,win,1.9590373783922177,2023-06-01 08:30:00-04:00,2023-06-01 09:14:00-04:00,14249.8,14269.2,14259.4,2023-06-01 09:41:00-04:00,1m
2023-06-01 11:19:00-04:00,2023-06-01 12:20:00-04:00,long,am,fvg,14353.4,14315.385714285714,14429.42857142857,14429.42857142857,win,1.94738819992484,2023-06-01 09:45:00-04:00,2023-06-01 10:04:00-04:00,14243.5,14356.6,14350.1,2023-06-01 11:15:00-04:00,1m
2023-06-02 10:05:00-04:00,2023-06-02 10:43:00-04:00,long,am,fvg,14468.0,14434.417857142857,14535.164285714287,14535.164285714287,win,1.9404445389769234,2023-06-02 08:45:00-04:00,2023-06-02 09:28:00-04:00,14473.0,14468.0,14460.2,2023-06-02 10:04:00-04:00,1m
2023-06-06 08:01:00-04:00,2023-06-06 08:10:00-04:00,long,am,fvg,14569.3,14562.710714285715,14582.478571428568,14562.710714285715,loss,-1.3035230352304121,2023-06-06 06:15:00-04:00,2023-06-06 06:58:00-04:00,14547.0,14571.0,14567.3,2023-06-06 07:45:00-04:00,1m
2023-06-12 11:53:00-04:00,2023-06-12 12:04:00-04:00,long,am,fvg,14662.9,14653.925000000001,14680.849999999997,14653.925000000001,loss,-1.222841225626777,2023-06-12 10:15:00-04:00,2023-06-12 10:47:00-04:00,14598.7,14665.9,14662.7,2023-06-12 11:52:00-04:00,1m
2023-06-13 08:00:00-04:00,2023-06-13 08:26:00-04:00,long,am,fvg,14834.4,14825.885714285714,14851.42857142857,14851.42857142857,win,1.7651006711409338,2023-06-13 07:00:00-04:00,2023-06-13 07:15:00-04:00,14845.5,14835.1,14832.3,2023-06-13 07:59:00-04:00,1m
2023-06-13 09:57:00-04:00,2023-06-13 10:07:00-04:00,long,am,fvg,14851.4,14827.553571428572,14899.092857142854,14827.553571428572,loss,-1.0838700014976834,2023-06-13 08:45:00-04:00,2023-06-13 08:48:00-04:00,14827.6,14866.1,14859.1,2023-06-13 09:53:00-04:00,1m
2023-06-14 10:08:00-04:00,2023-06-14 11:21:00-04:00,long,am,fvg,14952.8,14922.689285714285,15013.021428571428,15013.021428571428,win,1.9335784604436015,2023-06-14 09:45:00-04:00,2023-06-14 09:49:00-04:00,14906.4,14952.8,14948.2,2023-06-14 10:06:00-04:00,1m
2023-06-15 08:20:00-04:00,2023-06-15 08:30:00-04:00,long,am,fvg,14915.7,14905.242857142857,14936.614285714288,14905.242857142857,loss,-1.1912568306010816,2023-06-15 06:30:00-04:00,2023-06-15 07:01:00-04:00,14916.7,14915.7,14914.3,2023-06-15 08:19:00-04:00,1m
2023-06-15 08:52:00-04:00,2023-06-15 10:06:00-04:00,long,am,fvg,14943.2,14885.621428571429,15058.357142857145,15058.357142857145,win,1.9652648554769885,2023-06-15 08:45:00-04:00,2023-06-15 08:48:00-04:00,14905.0,14943.2,14933.4,2023-06-15 08:51:00-04:00,1m
2023-06-19 09:53:00-04:00,2023-06-19 10:10:00-04:00,long,am,fvg,15073.0,15067.800000000001,15083.399999999998,15067.800000000001,loss,-1.3846153846154654,2023-06-19 08:15:00-04:00,2023-06-19 08:33:00-04:00,15069.5,15073.8,15072.7,2023-06-19 09:50:00-04:00,1m
2023-06-20 11:31:00-04:00,2023-06-20 12:24:00-04:00,long,am,fvg,15009.8,14985.796428571428,15057.807142857142,15057.807142857142,win,1.9166790656152357,2023-06-20 10:45:00-04:00,2023-06-20 11:06:00-04:00,14964.2,15009.8,15006.3,2023-06-20 11:30:00-04:00,1m
2023-06-22 08:11:00-04:00,2023-06-22 08:29:00-04:00,long,am,fvg,14835.1,14828.439285714285,14848.421428571432,14828.439285714285,loss,-1.3002680965146867,2023-06-22 07:15:00-04:00,2023-06-22 07:21:00-04:00,14809.1,14835.8,14834.6,2023-06-22 08:10:00-04:00,1m
2023-06-23 10:33:00-04:00,2023-06-23 11:21:00-04:00,long,am,fvg,14891.7,14856.560714285715,14961.978571428572,14856.560714285715,loss,-1.0569163532879362,2023-06-23 10:00:00-04:00,2023-06-23 10:10:00-04:00,14853.4,14891.8,14886.2,2023-06-23 10:31:00-04:00,1m
2023-06-27 10:15:00-04:00,2023-06-27 11:28:00-04:00,short,am,fvg,14769.8,14827.167857142857,14655.064285714285,14827.167857142857,loss,-1.0348627280084666,2023-06-27 08:45:00-04:00,2023-06-27 09:33:00-04:00,14784.3,14771.8,14764.5,2023-06-27 10:11:00-04:00,1m
2023-06-27 11:51:00-04:00,2023-06-27 11:52:00-04:00,short,am,fvg,14850.8,14857.692857142856,14837.014285714286,14857.692857142856,loss,-1.2901554404145186,2023-06-27 10:15:00-04:00,2023-06-27 11:11:00-04:00,14819.0,14847.7,14844.9,2023-06-27 11:48:00-04:00,1m
2023-06-28 11:51:00-04:00,2023-06-28 12:08:00-04:00,short,am,fvg,15022.1,15035.978571428572,14994.342857142858,15035.978571428572,loss,-1.1441070509521365,2023-06-28 11:00:00-04:00,2023-06-28 11:25:00-04:00,15046.0,15026.4,15022.1,2023-06-28 11:50:00-04:00,1m
2023-06-29 10:23:00-04:00,2023-06-29 10:46:00-04:00,long,am,fvg,14926.6,14882.060714285713,15015.678571428574,14882.060714285713,loss,-1.0449041776922448,2023-06-29 10:00:00-04:00,2023-06-29 10:06:00-04:00,14936.9,14939.3,14931.3,2023-06-29 10:22:00-04:00,1m
2023-07-03 09:49:00-04:00,2023-07-03 09:56:00-04:00,long,am,fvg,15234.9,15215.135714285714,15274.42857142857,15215.135714285714,loss,-1.101192627394291,2023-07-03 08:30:00-04:00,2023-07-03 08:53:00-04:00,15193.7,15234.9,15230.1,2023-07-03 09:48:00-04:00,1m
2023-07-06 10:41:00-04:00,2023-07-06 10:52:00-04:00,long,am,fvg,15019.3,15000.817857142856,15056.264285714286,15000.817857142856,loss,-1.1082125603864719,2023-07-06 10:15:00-04:00,2023-07-06 10:30:00-04:00,14992.5,15019.3,15016.5,2023-07-06 10:40:00-04:00,1m
2023-07-11 10:51:00-04:00,2023-07-11 10:52:00-04:00,long,am,fvg,15066.2,15057.053571428572,15084.492857142857,15057.053571428572,loss,-1.218664584146825,2023-07-11 10:00:00-04:00,2023-07-11 10:31:00-04:00,15021.5,15073.3,15070.0,2023-07-11 10:48:00-04:00,1m
2023-07-18 08:12:00-04:00,2023-07-18 08:30:00-04:00,long,am,fvg,15705.0,15700.0,15715.0,15700.0,loss,-1.4,2023-07-18 07:00:00-04:00,2023-07-18 07:07:00-04:00,15700.6,15705.7,15704.8,2023-07-18 08:08:00-04:00,1m
2023-07-18 08:56:00-04:00,2023-07-18 09:30:00-04:00,long,am,fvg,15688.0,15678.817857142858,15706.364285714284,15678.817857142858,loss,-1.217814080124485,2023-07-18 07:45:00-04:00,2023-07-18 08:27:00-04:00,15698.9,15688.0,15685.3,2023-07-18 08:47:00-04:00,1m
2023-07-19 11:14:00-04:00,2023-07-19 12:22:00-04:00,long,am,fvg,15915.3,15871.103571428572,16003.692857142854,15871.103571428572,loss,-1.0452525252525262,2023-07-19 10:30:00-04:00,2023-07-19 10:41:00-04:00,15863.1,15915.3,15906.8,2023-07-19 11:13:00-04:00,1m
2023-07-20 11:40:00-04:00,2023-07-20 12:22:00-04:00,long,am,fvg,15660.4,15621.546428571428,15738.107142857143,15621.546428571428,loss,-1.0514753194227406,2023-07-20 10:15:00-04:00,2023-07-20 11:04:00-04:00,15692.0,15664.1,15653.9,2023-07-20 11:38:00-04:00,1m
2023-07-21 11:52:00-04:00,2023-07-21 12:42:00-04:00,long,am,fvg,15496.9,15458.092857142858,15574.514285714284,15458.092857142858,loss,-1.0515369041045475,2023-07-21 10:45:00-04:00,2023-07-21 11:09:00-04:00,15440.1,15499.2,15491.4,2023-07-21 11:50:00-04:00,1m
2023-07-26 08:00:00-04:00,2023-07-26 08:06:00-04:00,long,am,fvg,15527.1,15522.003571428571,15537.292857142858,15522.003571428571,loss,-1.3924316748422945,2023-07-26 05:45:00-04:00,2023-07-26 07:17:00-04:00,15541.5,15528.8,15526.4,2023-07-26 07:42:00-04:00,1m
2023-08-01 10:06:00-04:00,2023-08-01 10:14:00-04:00,long,am,fvg,15709.7,15673.04642857143,15783.007142857143,15673.04642857143,loss,-1.0545649420247498,2023-08-01 08:45:00-04:00,2023-08-01 09:08:00-04:00,15676.9,15718.2,15709.0,2023-08-01 10:05:00-04:00,1m
2023-08-03 10:53:00-04:00,2023-08-03 11:00:00-04:00,short,am,fvg,15322.7,15352.510714285716,15263.07857142857,15352.510714285716,loss,-1.0670899724451879,2023-08-03 10:15:00-04:00,2023-08-03 10:23:00-04:00,15379.7,15326.5,15315.5,2023-08-03 10:52:00-04:00,1m
2023-08-04 09:58:00-04:00,2023-08-04 11:43:00-04:00,short,am,fvg,15379.5,15475.675,15187.150000000001,15475.675,loss,-1.0207954250064988,2023-08-04 09:45:00-04:00,2023-08-04 09:52:00-04:00,15469.2,15384.2,15377.3,2023-08-04 09:57:00-04:00,1m
2023-08-07 10:02:00-04:00,2023-08-07 12:02:00-04:00,short,am,fvg,15301.5,15372.860714285714,15158.778571428571,15344.8,expired,-0.6348030629097522,2023-08-07 09:45:00-04:00,2023-08-07 09:46:00-04:00,15380.4,15310.6,15301.1,2023-08-07 10:01:00-04:00,1m
2023-08-10 08:58:00-04:00,2023-08-10 09:00:00-04:00,short,am,fvg,15253.7,15268.128571428571,15224.84285714286,15268.128571428571,loss,-1.138613861386146,2023-08-10 08:30:00-04:00,2023-08-10 08:43:00-04:00,15226.0,15253.2,15248.9,2023-08-10 08:57:00-04:00,1m
2023-08-10 10:47:00-04:00,2023-08-10 12:47:00-04:00,short,am,fvg,15268.2,15357.85,15088.900000000001,15208.9,expired,0.6391522587841754,2023-08-10 10:15:00-04:00,2023-08-10 10:38:00-04:00,15357.5,15276.5,15258.0,2023-08-10 10:46:00-04:00,1m
2023-08-16 11:15:00-04:00,2023-08-16 11:58:00-04:00,short,am,fvg,15050.9,15085.096428571429,14982.507142857141,14982.507142857141,win,1.9415143603133174,2023-08-16 10:30:00-04:00,2023-08-16 10:49:00-04:00,15080.0,15053.2,15049.4,2023-08-16 11:14:00-04:00,1m
2023-08-17 08:02:00-04:00,2023-08-17 08:16:00-04:00,short,am,fvg,14921.5,14929.082142857142,14906.335714285717,14929.082142857142,loss,-1.2637776731041397,2023-08-17 06:30:00-04:00,2023-08-17 06:33:00-04:00,14923.2,14922.3,14921.0,2023-08-17 07:51:00-04:00,1m
2023-08-17 09:27:00-04:00,2023-08-17 09:30:00-04:00,short,am,fvg,14931.7,14943.960714285715,14907.178571428572,14943.960714285715,loss,-1.1631226332653677,2023-08-17 08:15:00-04:00,2023-08-17 09:16:00-04:00,14927.3,14933.0,14931.5,2023-08-17 09:25:00-04:00,1m
2023-08-21 08:42:00-04:00,2023-08-21 08:55:00-04:00,short,am,fvg,14779.7,14784.974999999999,14769.150000000005,14769.150000000005,win,1.6208530805685635,2023-08-21 08:15:00-04:00,2023-08-21 08:23:00-04:00,14802.5,14780.6,14779.7,2023-08-21 08:41:00-04:00,1m
2023-08-22 08:14:00-04:00,2023-08-22 08:31:00-04:00,short,am,fvg,15062.5,15068.717857142858,15050.064285714285,15068.717857142858,loss,-1.3216542217116358,2023-08-22 06:30:00-04:00,2023-08-22 06:49:00-04:00,15026.0,15064.5,15062.5,2023-08-22 08:13:00-04:00,1m
2023-08-22 09:08:00-04:00,2023-08-22 09:22:00-04:00,short,am,fvg,15043.5,15049.80357142857,15030.892857142859,15049.80357142857,loss,-1.3172804532578297,2023-08-22 08:45:00-04:00,2023-08-22 08:46:00-04:00,15066.7,15043.2,15041.8,2023-08-22 09:07:00-04:00,1m
2023-08-24 09:08:00-04:00,2023-08-24 09:30:00-04:00,long,am,fvg,15302.5,15277.539285714287,15352.421428571426,15277.539285714287,loss,-1.0801259121476645,2023-08-24 08:45:00-04:00,2023-08-24 08:48:00-04:00,15286.7,15302.5,15301.0,2023-08-24 09:06:00-04:00,1m
2023-08-25 08:15:00-04:00,2023-08-25 08:24:00-04:00,short,am,fvg,14852.8,14857.8,14842.8,14857.8,loss,-1.4,2023-08-25 06:30:00-04:00,2023-08-25 07:16:00-04:00,14846.0,14853.3,14852.1,2023-08-25 08:14:00-04:00,1m
2023-08-25 10:39:00-04:00,2023-08-25 10:53:00-04:00,short,am,fvg,14823.1,14865.971428571427,14737.357142857147,14737.357142857147,win,1.9533488837054296,2023-08-25 10:00:00-04:00,2023-08-25 10:08:00-04:00,14905.9,14828.6,14823.1,2023-08-25 10:37:00-04:00,1m
2023-08-28 10:47:00-04:00,2023-08-28 12:47:00-04:00,short,am,fvg,15010.0,15067.817857142858,14894.364285714284,15005.3,expired,0.04669837544012557,2023-08-28 09:45:00-04:00,2023-08-28 09:52:00-04:00,15071.7,15012.5,15010.0,2023-08-28 10:42:00-04:00,1m
2023-08-29 09:25:00-04:00,2023-08-29 09:33:00-04:00,long,am,fvg,15037.9,15025.107142857143,15063.485714285713,15063.485714285713,win,1.8436627582356149,2023-08-29 08:45:00-04:00,2023-08-29 09:09:00-04:00,15020.2,15037.9,15031.0,2023-08-29 09:19:00-04:00,1m
2023-09-06 09:54:00-04:00,2023-09-06 10:00:00-04:00,long,am,fvg,15478.5,15443.278571428571,15548.942857142858,15443.278571428571,loss,-1.056783613871425,2023-09-06 09:45:00-04:00,2023-09-06 09:46:00-04:00,15447.7,15481.8,15469.7,2023-09-06 09:52:00-04:00,1m
2023-09-07 10:13:00-04:00,2023-09-07 12:13:00-04:00,long,am,fvg,15195.5,15137.403571428573,15311.692857142854,15219.7,expired,0.38212331714516223,2023-09-07 09:30:00-04:00,2023-09-07 09:42:00-04:00,15168.9,15195.5,15177.5,2023-09-07 10:11:00-04:00,1m
2023-09-08 11:44:00-04:00,2023-09-08 11:59:00-04:00,short,am,fvg,15355.4,15367.110714285714,15331.97857142857,15331.97857142857,win,1.8292162244586847,2023-09-08 10:30:00-04:00,2023-09-08 10:54:00-04:00,15376.0,15357.8,15355.4,2023-09-08 11:41:00-04:00,1m
2023-09-12 08:36:00-04:00,2023-09-12 08:55:00-04:00,long,am,fvg,15439.8,15431.046428571428,15457.307142857142,15431.046428571428,loss,-1.2284781721746239,2023-09-12 08:15:00-04:00,2023-09-12 08:25:00-04:00,15428.8,15439.8,15438.0,2023-09-12 08:34:00-04:00,1m
2023-09-12 10:00:00-04:00,2023-09-12 10:25:00-04:00,long,am,fvg,15448.4,15422.482142857143,15500.235714285713,15422.482142857143,loss,-1.0771668733636508,2023-09-12 09:30:00-04:00,2023-09-12 09:41:00-04:00,15409.4,15455.1,15452.1,2023-09-12 09:56:00-04:00,1m
2023-09-12 10:34:00-04:00,2023-09-12 10:42:00-04:00,long,am,fvg,15400.6,15371.675,15458.450000000003,15371.675,loss,-1.0691443388072575,2023-09-12 09:45:00-04:00,2023-09-12 09:57:00-04:00,15402.4,15402.0,15392.2,2023-09-12 10:33:00-04:00,1m
2023-09-13 10:00:00-04:00,2023-09-13 10:04:00-04:00,long,am,fvg,15341.3,15311.9,15400.099999999999,15311.9,loss,-1.0680272108843545,2023-09-13 08:45:00-04:00,2023-09-13 09:31:00-04:00,15270.1,15344.4,15333.8,2023-09-13 09:57:00-04:00,1m
2023-09-18 11:38:00-04:00,2023-09-18 11:52:00-04:00,short,am,fvg,15253.4,15270.467857142856,15219.264285714287,15270.467857142856,loss,-1.117179326218881,2023-09-18 10:30:00-04:00,2023-09-18 10:38:00-04:00,15261.5,15254.8,15251.5,2023-09-18 11:37:00-04:00,1m
2023-09-20 08:00:00-04:00,2023-09-20 08:19:00-04:00,short,am,fvg,15231.0,15236.0,15221.0,15236.0,loss,-1.4,2023-09-20 06:00:00-04:00,2023-09-20 06:30:00-04:00,15234.5,15231.7,15230.5,2023-09-20 07:43:00-04:00,1m
2023-09-20 08:41:00-04:00,2023-09-20 08:49:00-04:00,short,am,fvg,15229.7,15243.857142857141,15201.38571428572,15243.857142857141,loss,-1.1412714429869046,2023-09-20 07:30:00-04:00,2023-09-20 08:12:00-04:00,15234.9,15228.5,15227.6,2023-09-20 08:40:00-04:00,1m
2023-09-20 09:50:00-04:00,2023-09-20 10:05:00-04:00,short,am,fvg,15246.8,15262.592857142858,15215.214285714283,15215.214285714283,win,1.8733604703754054,2023-09-20 08:30:00-04:00,2023-09-20 09:31:00-04:00,15236.6,15249.5,15246.8,2023-09-20 09:49:00-04:00,1m
2023-09-22 09:32:00-04:00,2023-09-22 10:06:00-04:00,short,am,fvg,14755.6,14792.575,14681.65,14792.575,loss,-1.0540906017579441,2023-09-22 08:45:00-04:00,2023-09-22 09:19:00-04:00,14801.5,14764.7,14755.6,2023-09-22 09:31:00-04:00,1m
2023-09-26 09:59:00-04:00,2023-09-26 10:18:00-04:00,short,am,fvg,14612.0,14634.657142857142,14566.685714285715,14566.685714285715,win,1.9117276166456476,2023-09-26 08:15:00-04:00,2023-09-26 08:31:00-04:00,14728.4,14615.2,14611.4,2023-09-26 09:58:00-04:00,1m
2023-09-27 11:06:00-04:00,2023-09-27 13:06:00-04:00,short,am,fvg,14557.8,14604.971428571429,14463.45714285714,14526.5,expired,0.6211387038158387,2023-09-27 10:00:00-04:00,2023-09-27 10:02:00-04:00,14639.4,14568.6,14557.4,2023-09-27 10:52:00-04:00,1m
2023-09-28 09:38:00-04:00,2023-09-28 09:53:00-04:00,short,am,fvg,14538.2,14567.6,14479.400000000001,14567.6,loss,-1.0680272108843545,2023-09-28 08:45:00-04:00,2023-09-28 08:47:00-04:00,14611.7,14541.9,14535.4,2023-09-28 09:37:00-04:00,1m
2023-09-29 08:01:00-04:00,2023-09-29 08:06:00-04:00,short,am,fvg,14788.9,14796.60357142857,14773.492857142859,14796.60357142857,loss,-1.2596198423737057,2023-09-29 06:30:00-04:00,2023-09-29 06:59:00-04:00,14816.9,14791.1,14788.9,2023-09-29 07:52:00-04:00,1m
2023-09-29 10:58:00-04:00,2023-09-29 11:53:00-04:00,short,am,fvg,14842.7,14881.428571428572,14765.242857142857,14765.242857142857,win,1.9483585392843974,2023-09-29 10:15:00-04:00,2023-09-29 10:24:00-04:00,14893.9,14857.5,14842.7,2023-09-29 10:57:00-04:00,1m
2023-10-04 08:00:00-04:00,2023-10-04 08:15:00-04:00,short,am,fvg,14603.0,14616.064285714285,14576.87142857143,14616.064285714285,loss,-1.1530891197375726,2023-10-04 06:30:00-04:00,2023-10-04 06:36:00-04:00,14568.9,14601.8,14600.0,2023-10-04 07:57:00-04:00,1m
2023-10-04 09:42:00-04:00,2023-10-04 10:03:00-04:00,short,am,fvg,14673.5,14700.985714285714,14618.528571428571,14618.528571428571,win,1.9272349272349278,2023-10-04 09:00:00-04:00,2023-10-04 09:17:00-04:00,14658.5,14683.3,14673.5,2023-10-04 09:41:00-04:00,1m
2023-10-05 08:39:00-04:00,2023-10-05 10:36:00-04:00,short,am,fvg,14738.7,14799.817857142858,14616.464285714286,14616.464285714286,win,1.9672763396248467,2023-10-05 08:15:00-04:00,2023-10-05 08:25:00-04:00,14808.9,14743.4,14738.6,2023-10-05 08:37:00-04:00,1m
2023-10-09 09:12:00-04:00,2023-10-09 09:32:00-04:00,long,am,fvg,14882.9,14866.242857142857,14916.214285714284,14866.242857142857,loss,-1.1200686106346518,2023-10-09 08:45:00-04:00,2023-10-09 09:01:00-04:00,14845.7,14882.9,14880.2,2023-10-09 09:10:00-04:00,1m
2023-10-09 09:51:00-04:00,2023-10-09 10:03:00-04:00,long,am,fvg,14911.7,14879.892857142857,14975.314285714288,14879.892857142857,loss,-1.0628789580058369,2023-10-09 09:45:00-04:00,2023-10-09 09:46:00-04:00,14842.1,14916.9,14900.3,2023-10-09 09:49:00-04:00,1m
2023-10-13 08:00:00-04:00,2023-10-13 08:05:00-04:00,long,am,fvg,15146.8,15137.871428571429,15164.65714285714,15137.871428571429,loss,-1.2240000000000195,2023-10-13 06:15:00-04:00,2023-10-13 06:50:00-04:00,15105.8,15146.8,15143.3,2023-10-13 07:40:00-04:00,1m
2023-10-18 08:00:00-04:00,2023-10-18 08:03:00-04:00,long,am,fvg,15044.3,15038.821428571428,15055.257142857143,15038.821428571428,loss,-1.365058670143395,2023-10-18 07:00:00-04:00,2023-10-18 07:06:00-04:00,15031.7,15044.3,15043.3,2023-10-18 07:51:00-04:00,1m
2023-10-18 09:48:00-04:00,2023-10-18 10:20:00-04:00,long,am,fvg,15040.3,15004.135714285714,15112.62857142857,15112.62857142857,win,1.944696820067153,2023-10-18 09:15:00-04:00,2023-10-18 09:34:00-04:00,15014.8,15040.8,15037.2,2023-10-18 09:47:00-04:00,1m
2023-10-18 10:45:00-04:00,2023-10-18 10:53:00-04:00,long,am,fvg,15015.0,14989.275,15066.45,14989.275,loss,-1.0777453838678317,2023-10-18 10:15:00-04:00,2023-10-18 10:20:00-04:00,15012.5,15015.0,15012.4,2023-10-18 10:44:00-04:00,1m
2023-10-18 11:27:00-04:00,2023-10-18 12:01:00-04:00,long,am,fvg,15029.2,15005.114285714286,15077.37142857143,15005.114285714286,loss,-1.0830367734282305,2023-10-18 10:45:00-04:00,2023-10-18 11:19:00-04:00,15012.4,15032.2,15025.4,2023-10-18 11:26:00-04:00,1m
2023-10-19 08:00:00-04:00,2023-10-19 08:18:00-04:00,short,am,fvg,14924.4,14934.464285714286,14904.271428571426,14934.464285714286,loss,-1.1987224982256746,2023-10-19 06:15:00-04:00,2023-10-19 07:18:00-04:00,14935.7,14928.2,14924.4,2023-10-19 07:45:00-04:00,1m
2023-10-19 09:39:00-04:00,2023-10-19 11:39:00-04:00,short,am,fvg,14940.5,15007.978571428572,14805.542857142857,14916.6,expired,0.3245474753890055,2023-10-19 09:00:00-04:00,2023-10-19 09:35:00-04:00,14978.7,14947.4,14940.5,2023-10-19 09:38:00-04:00,1m
2023-10-19 11:56:00-04:00,2023-10-19 12:00:00-04:00,short,am,fvg,14942.0,14956.264285714286,14913.471428571429,14913.471428571429,win,1.859789684526788,2023-10-19 09:45:00-04:00,2023-10-19 10:29:00-04:00,14997.8,14946.1,14942.0,2023-10-19 11:55:00-04:00,1m
2023-10-25 08:27:00-04:00,2023-10-25 08:36:00-04:00,short,am,fvg,14692.5,14700.117857142857,14677.264285714286,14677.264285714286,win,1.7374589779653107,2023-10-25 07:45:00-04:00,2023-10-25 07:57:00-04:00,14689.3,14693.8,14692.5,2023-10-25 08:26:00-04:00,1m
2023-10-25 09:19:00-04:00,2023-10-25 09:28:00-04:00,short,am,fvg,14660.4,14668.092857142858,14645.014285714284,14645.014285714284,win,1.7400185701021638,2023-10-25 08:30:00-04:00,2023-10-25 08:36:00-04:00,14696.5,14661.5,14660.4,2023-10-25 09:14:00-04:00,1m
2023-10-26 10:10:00-04:00,2023-10-26 10:46:00-04:00,short,am,fvg,14225.0,14256.035714285714,14162.928571428572,14256.035714285714,loss,-1.0644418872266985,2023-10-26 09:45:00-04:00,2023-10-26 09:49:00-04:00,14341.5,14228.9,14225.0,2023-10-26 10:09:00-04:00,1m
2023-10-27 10:03:00-04:00,2023-10-27 10:04:00-04:00,short,am,fvg,14232.3,14255.403571428571,14186.092857142856,14255.403571428571,loss,-1.086566702736125,2023-10-27 09:45:00-04:00,2023-10-27 09:50:00-04:00,14258.3,14238.5,14232.3,2023-10-27 10:00:00-04:00,1m
2023-10-27 11:36:00-04:00,2023-10-27 12:50:00-04:00,short,am,fvg,14286.8,14320.867857142857,14218.664285714283,14218.664285714283,win,1.9412936366495455,2023-10-27 10:15:00-04:00,2023-10-27 10:42:00-04:00,14270.8,14283.1,14277.5,2023-10-27 11:34:00-04:00,1m
2023-10-30 09:54:00-04:00,2023-10-30 10:04:00-04:00,short,am,fvg,14381.7,14403.132142857143,14338.835714285717,14338.835714285717,win,1.9066822196300581,2023-10-30 08:00:00-04:00,2023-10-30 08:27:00-04:00,14311.8,14385.0,14381.7,2023-10-30 09:53:00-04:00,1m
2023-10-31 08:45:00-04:00,2023-10-31 09:37:00-04:00,short,am,fvg,14342.0,14381.192857142858,14263.614285714284,14263.614285714284,win,1.948970293420814,2023-10-31 08:30:00-04:00,2023-10-31 08:38:00-04:00,14370.7,14335.4,14332.7,2023-10-31 08:44:00-04:00,1m
2023-11-01 11:24:00-04:00,2023-11-01 11:56:00-04:00,short,am,fvg,14521.3,14542.025000000001,14479.849999999995,14542.025000000001,loss,-1.0965018094089163,2023-11-01 11:00:00-04:00,2023-11-01 11:13:00-04:00,14569.9,14522.1,14515.1,2023-11-01 11:21:00-04:00,1m
2023-11-10 08:00:00-05:00,2023-11-10 08:39:00-05:00,long,am,fvg,15207.3,15195.489285714286,15230.921428571426,15230.921428571426,win,1.8306622316298633,2023-11-10 06:45:00-05:00,2023-11-10 07:00:00-05:00,15145.4,15210.3,15202.6,2023-11-10 07:58:00-05:00,1m
2023-11-13 10:20:00-05:00,2023-11-13 11:38:00-05:00,long,am,fvg,15460.5,15435.20357142857,15511.09285714286,15511.09285714286,win,1.9209374558802803,2023-11-13 10:00:00-05:00,2023-11-13 10:14:00-05:00,15425.2,15460.5,15451.0,2023-11-13 10:19:00-05:00,1m
2023-11-16 08:48:00-05:00,2023-11-16 09:18:00-05:00,long,am,fvg,15813.4,15794.989285714286,15850.221428571427,15794.989285714286,loss,-1.1086323957323019,2023-11-16 08:30:00-05:00,2023-11-16 08:31:00-05:00,15764.2,15813.4,15809.0,2023-11-16 08:46:00-05:00,1m
2023-11-21 11:53:00-05:00,2023-11-21 13:53:00-05:00,long,am,fvg,15908.5,15876.935714285713,15971.628571428573,15934.6,expired,0.763521158633165,2023-11-21 10:45:00-05:00,2023-11-21 11:29:00-05:00,15873.1,15908.5,15906.0,2023-11-21 11:52:00-05:00,1m
2023-11-23 09:42:00-05:00,2023-11-23 10:06:00-05:00,long,am,fvg,16017.2,16008.510714285716,16034.57857142857,16008.510714285716,loss,-1.2301685162351255,2023-11-23 08:45:00-05:00,2023-11-23 08:46:00-05:00,16012.6,16018.4,16015.9,2023-11-23 09:40:00-05:00,1m
2023-11-24 08:13:00-05:00,2023-11-24 09:30:00-05:00,long,am,fvg,15997.6,15982.35,16028.1,15982.35,loss,-1.1311475409836065,2023-11-24 06:15:00-05:00,2023-11-24 07:03:00-05:00,15983.8,15997.6,15996.6,2023-11-24 08:12:00-05:00,1m
2023-11-28 10:05:00-05:00,2023-11-28 11:33:00-05:00,long,am,fvg,15956.1,15921.075,16026.15,16026.15,win,1.9428979300499638,2023-11-28 08:15:00-05:00,2023-11-28 08:42:00-05:00,15916.6,15956.1,15948.7,2023-11-28 10:04:00-05:00,1m
2023-11-29 11:35:00-05:00,2023-11-29 11:54:00-05:00,long,am,fvg,16009.4,15996.853571428572,16034.492857142855,16034.492857142855,win,1.840592086535716,2023-11-29 10:15:00-05:00,2023-11-29 10:57:00-05:00,16079.1,16009.4,16006.9,2023-11-29 11:34:00-05:00,1m
2023-12-01 08:56:00-05:00,2023-12-01 09:02:00-05:00,long,am,fvg,15905.8,15894.228571428572,15928.942857142854,15894.228571428572,loss,-1.172839506172855,2023-12-01 07:30:00-05:00,2023-12-01 08:22:00-05:00,15907.7,15905.8,15903.7,2023-12-01 08:55:00-05:00,1m
2023-12-01 10:03:00-05:00,2023-12-01 10:17:00-05:00,long,am,fvg,15904.8,15860.125,15994.149999999998,15860.125,loss,-1.0447677672076112,2023-12-01 09:45:00-05:00,2023-12-01 09:46:00-05:00,15887.1,15905.2,15895.2,2023-12-01 10:02:00-05:00,1m
2023-12-01 11:17:00-05:00,2023-12-01 13:17:00-05:00,long,am,fvg,15925.1,15867.871428571429,16039.557142857144,15991.9,expired,1.1323015476784635,2023-12-01 10:45:00-05:00,2023-12-01 11:03:00-05:00,15842.1,15925.1,15916.9,2023-12-01 11:12:00-05:00,1m
2023-12-04 08:00:00-05:00,2023-12-04 08:05:00-05:00,long,am,fvg,15934.0,15929.0,15944.0,15929.0,loss,-1.4,2023-12-04 07:00:00-05:00,2023-12-04 07:33:00-05:00,15919.2,15936.3,15935.0,2023-12-04 07:47:00-05:00,1m
2023-12-04 11:25:00-05:00,2023-12-04 11:39:00-05:00,long,am,fvg,15728.3,15715.442857142856,15754.014285714286,15754.014285714286,win,1.8444444444444477,2023-12-04 11:00:00-05:00,2023-12-04 11:21:00-05:00,15707.4,15729.6,15725.0,2023-12-04 11:24:00-05:00,1m
2023-12-05 09:16:00-05:00,2023-12-05 09:30:00-05:00,short,am,fvg,15768.6,15780.275,15745.250000000002,15780.275,loss,-1.1713062098501177,2023-12-05 08:45:00-05:00,2023-12-05 09:00:00-05:00,15791.5,15774.0,15768.6,2023-12-05 09:14:00-05:00,1m
2023-12-07 08:15:00-05:00,2023-12-07 08:20:00-05:00,short,am,fvg,15844.9,15849.9,15834.9,15849.9,loss,-1.4,2023-12-07 07:00:00-05:00,2023-12-07 07:03:00-05:00,15837.5,15843.6,15839.0,2023-12-07 08:14:00-05:00,1m
2023-12-07 10:44:00-05:00,2023-12-07 11:14:00-05:00,short,am,fvg,15976.1,15989.9,15948.500000000002,15948.500000000002,win,1.8550724637681082,2023-12-07 08:15:00-05:00,2023-12-07 09:51:00-05:00,15841.4,15978.5,15976.1,2023-12-07 10:41:00-05:00,1m
2023-12-08 09:45:00-05:00,2023-12-08 11:45:00-05:00,long,am,fvg,15989.0,15932.142857142859,16102.714285714283,16002.6,expired,0.20402010050252456,2023-12-08 08:45:00-05:00,2023-12-08 09:42:00-05:00,15944.5,15995.8,15986.2,2023-12-08 09:44:00-05:00,1m
2023-12-11 08:21:00-05:00,2023-12-11 09:34:00-05:00,long,am,fvg,16086.1,16064.796428571428,16128.707142857145,16128.707142857145,win,1.9061190276613624,2023-12-11 06:30:00-05:00,2023-12-11 06:59:00-05:00,16055.6,16086.1,16084.6,2023-12-11 08:20:00-05:00,1m
2023-12-12 10:23:00-05:00,2023-12-12 10:58:00-05:00,long,am,fvg,16268.0,16255.057142857144,16293.885714285712,16293.885714285712,win,1.8454746136865223,2023-12-12 09:30:00-05:00,2023-12-12 09:59:00-05:00,16243.5,16273.1,16271.2,2023-12-12 10:17:00-05:00,1m
2023-12-14 09:35:00-05:00,2023-12-14 10:05:00-05:00,long,am,fvg,16635.5,16607.649999999998,16691.200000000004,16607.649999999998,loss,-1.071813285457804,2023-12-14 08:45:00-05:00,2023-12-14 08:56:00-05:00,16622.2,16640.7,16636.3,2023-12-14 09:32:00-05:00,1m
2023-12-28 10:54:00-05:00,2023-12-28 10:56:00-05:00,long,am,fvg,16967.9,16957.99642857143,16987.707142857143,16957.99642857143,loss,-1.201947349441047,2023-12-28 10:00:00-05:00,2023-12-28 10:30:00-05:00,16948.4,16969.9,16965.6,2023-12-28 10:49:00-05:00,1m
2023-12-29 09:02:00-05:00,2023-12-29 09:21:00-05:00,long,am,fvg,16921.5,16916.5,16931.5,16916.5,loss,-1.4,2023-12-29 08:30:00-05:00,2023-12-29 08:37:00-05:00,16909.8,16922.0,16919.0,2023-12-29 09:01:00-05:00,1m
2024-01-02 08:47:00-05:00,2024-01-02 09:23:00-05:00,long,am,fvg,16685.5,16671.10357142857,16714.292857142857,16714.292857142857,win,1.861076655916643,2024-01-02 08:30:00-05:00,2024-01-02 08:32:00-05:00,16659.3,16685.5,16680.9,2024-01-02 08:44:00-05:00,1m
2024-01-02 11:13:00-05:00,2024-01-02 13:13:00-05:00,long,am,fvg,16583.3,16532.335714285713,16685.22857142857,16562.3,expired,-0.45129642606867093,2024-01-02 11:00:00-05:00,2024-01-02 11:05:00-05:00,16538.0,16587.8,16579.4,2024-01-02 11:11:00-05:00,1m
2024-01-05 11:45:00-05:00,2024-01-05 12:08:00-05:00,short,am,fvg,16357.0,16375.571428571428,16319.857142857145,16319.857142857145,win,1.8923076923076863,2024-01-05 11:15:00-05:00,2024-01-05 11:19:00-05:00,16415.0,16362.5,16357.0,2024-01-05 11:44:00-05:00,1m
2024-01-08 08:59:00-05:00,2024-01-08 09:00:00-05:00,short,am,fvg,16331.6,16342.953571428572,16308.892857142857,16342.953571428572,loss,-1.1761560239068842,2024-01-08 08:15:00-05:00,2024-01-08 08:50:00-05:00,16340.1,16333.3,16329.4,2024-01-08 08:56:00-05:00,1m
2024-01-10 10:09:00-05:00,2024-01-10 10:29:00-05:00,long,am,fvg,16676.7,16655.457142857143,16719.185714285715,16719.185714285715,win,1.9058507061197045,2024-01-10 09:15:00-05:00,2024-01-10 09:20:00-05:00,16673.9,16676.7,16671.7,2024-01-10 10:08:00-05:00,1m
2024-01-12 08:02:00-05:00,2024-01-12 08:12:00-05:00,long,am,fvg,16781.2,16767.760714285716,16808.07857142857,16767.760714285716,loss,-1.1488174328992928,2024-01-12 06:30:00-05:00,2024-01-12 07:26:00-05:00,16777.4,16781.4,16777.9,2024-01-12 07:54:00-05:00,1m
2024-01-15 08:04:00-05:00,2024-01-15 08:14:00-05:00,long,am,fvg,16830.7,16825.7,16840.7,16825.7,loss,-1.4,2024-01-15 06:45:00-05:00,2024-01-15 07:08:00-05:00,16821.0,16831.2,16830.5,2024-01-15 08:03:00-05:00,1m
2024-01-19 10:13:00-05:00,2024-01-19 10:55:00-05:00,long,am,fvg,17068.1,17042.592857142856,17119.114285714284,17119.114285714284,win,1.9215905908709041,2024-01-19 09:45:00-05:00,2024-01-19 10:02:00-05:00,17070.7,17068.1,17059.1,2024-01-19 10:12:00-05:00,1m
2024-01-22 09:36:00-05:00,2024-01-22 09:42:00-05:00,long,am,fvg,17438.2,17405.91785714286,17502.764285714282,17405.91785714286,loss,-1.0619537559464587,2024-01-22 09:00:00-05:00,2024-01-22 09:24:00-05:00,17411.2,17444.2,17436.2,2024-01-22 09:32:00-05:00,1m
2024-01-23 11:38:00-05:00,2024-01-23 11:54:00-05:00,long,am,fvg,17328.2,17315.135714285716,17354.32857142857,17354.32857142857,win,1.8469108802624274,2024-01-23 09:45:00-05:00,2024-01-23 11:06:00-05:00,17327.5,17329.7,17327.9,2024-01-23 11:37:00-05:00,1m
2024-01-24 10:39:00-05:00,2024-01-24 11:15:00-05:00,long,am,fvg,17621.5,17584.40357142857,17695.692857142858,17584.40357142857,loss,-1.0539135457783761,2024-01-24 10:00:00-05:00,2024-01-24 10:09:00-05:00,17530.8,17621.5,17618.3,2024-01-24 10:37:00-05:00,1m
2024-01-29 09:38:00-05:00,2024-01-29 11:00:00-05:00,long,am,fvg,17474.1,17429.889285714286,17562.521428571425,17429.889285714286,loss,-1.045237902900074,2024-01-29 09:30:00-05:00,2024-01-29 09:36:00-05:00,17443.2,17474.1,17466.3,2024-01-29 09:37:00-05:00,1m
2024-01-29 11:45:00-05:00,2024-01-29 12:13:00-05:00,long,am,fvg,17469.1,17457.157142857144,17492.985714285707,17492.985714285707,win,1.8325358851674247,2024-01-29 11:15:00-05:00,2024-01-29 11:29:00-05:00,17431.8,17469.1,17467.6,2024-01-29 11:43:00-05:00,1m
2024-01-30 11:33:00-05:00,2024-01-30 11:55:00-05:00,long,am,fvg,17550.7,17537.17142857143,17577.757142857143,17537.17142857143,loss,-1.1478352692713878,2024-01-30 10:15:00-05:00,2024-01-30 11:27:00-05:00,17550.4,17554.0,17549.8,2024-01-30 11:32:00-05:00,1m
2024-02-01 10:32:00-05:00,2024-02-01 10:53:00-05:00,long,am,fvg,17267.7,17216.20714285714,17370.685714285722,17216.20714285714,loss,-1.0388403384658038,2024-02-01 09:45:00-05:00,2024-02-01 10:09:00-05:00,17209.4,17267.9,17262.2,2024-02-01 10:29:00-05:00,1m
2024-02-01 11:08:00-05:00,2024-02-01 11:39:00-05:00,long,am,fvg,17190.4,17172.97857142857,17225.24285714286,17225.24285714286,win,1.8851988519885274,2024-02-01 10:15:00-05:00,2024-02-01 10:29:00-05:00,17194.9,17193.7,17190.9,2024-02-01 11:07:00-05:00,1m
2024-02-08 08:03:00-05:00,2024-02-08 08:20:00-05:00,long,am,fvg,17738.7,17726.489285714284,17763.121428571434,17726.489285714284,loss,-1.1637905820415004,2024-02-08 06:45:00-05:00,2024-02-08 07:14:00-05:00,17729.2,17738.7,17737.7,2024-02-08 07:44:00-05:00,1m
2024-02-08 08:54:00-05:00,2024-02-08 09:30:00-05:00,long,am,fvg,17746.7,17737.460714285717,17765.17857142857,17765.17857142857,win,1.783533049864669,2024-02-08 08:30:00-05:00,2024-02-08 08:39:00-05:00,17727.4,17747.2,17742.7,2024-02-08 08:53:00-05:00,1m
2024-02-09 10:10:00-05:00,2024-02-09 10:35:00-05:00,long,am,fvg,17866.7,17844.45,17911.2,17911.2,win,1.9101123595505618,2024-02-09 09:45:00-05:00,2024-02-09 10:00:00-05:00,17819.5,17866.7,17861.6,2024-02-09 10:09:00-05:00,1m
2024-02-12 08:27:00-05:00,2024-02-12 08:30:00-05:00,long,am,fvg,17978.5,17972.307142857142,17990.885714285716,17972.307142857142,loss,-1.3229527104959198,2024-02-12 07:45:00-05:00,2024-02-12 08:09:00-05:00,17966.3,17979.6,17979.0,2024-02-12 08:26:00-05:00,1m
2024-02-12 09:57:00-05:00,2024-02-12 10:08:00-05:00,long,am,fvg,17968.3,17954.07857142857,17996.742857142857,17954.07857142857,loss,-1.1406328478151642,2024-02-12 09:30:00-05:00,2024-02-12 09:34:00-05:00,17956.1,17968.3,17966.1,2024-02-12 09:56:00-05:00,1m
2024-02-12 11:00:00-05:00,2024-02-12 11:34:00-05:00,long,am,fvg,18008.5,17989.082142857143,18047.335714285713,18047.335714285713,win,1.8970020231745415,2024-02-12 09:45:00-05:00,2024-02-12 10:34:00-05:00,17955.2,18009.4,18007.1,2024-02-12 10:54:00-05:00,1m
2024-02-13 08:11:00-05:00,2024-02-13 08:30:00-05:00,long,am,fvg,17778.6,17764.114285714284,17807.571428571428,17764.114285714284,loss,-1.1380670611439823,2024-02-13 06:00:00-05:00,2024-02-13 08:08:00-05:00,17784.2,17778.7,17777.3,2024-02-13 08:10:00-05:00,1m
2024-02-13 10:08:00-05:00,2024-02-13 10:15:00-05:00,long,am,fvg,17599.7,17574.45357142857,17650.19285714286,17574.45357142857,loss,-1.0792191257603563,2024-02-13 09:45:00-05:00,2024-02-13 09:55:00-05:00,17553.4,17600.7,17595.7,2024-02-13 10:07:00-05:00,1m
2024-02-14 11:20:00-05:00,2024-02-14 11:23:00-05:00,long,am,fvg,17650.6,17634.70357142857,17682.392857142855,17682.392857142855,win,1.874185576274992,2024-02-14 09:45:00-05:00,2024-02-14 10:20:00-05:00,17694.1,17656.8,17652.0,2024-02-14 11:19:00-05:00,1m
2024-02-16 10:55:00-05:00,2024-02-16 11:01:00-05:00,long,am,fvg,17733.7,17719.385714285716,17762.32857142857,17762.32857142857,win,1.8602794411177555,2024-02-16 10:15:00-05:00,2024-02-16 10:40:00-05:00,17693.8,17744.0,17741.0,2024-02-16 10:54:00-05:00,1m
2024-02-22 11:22:00-05:00,2024-02-22 11:35:00-05:00,short,am,fvg,17918.8,17932.45,17891.499999999996,17932.45,loss,-1.146520146520131,2024-02-22 10:45:00-05:00,2024-02-22 10:46:00-05:00,17922.0,17921.2,17916.4,2024-02-22 11:21:00-05:00,1m
2024-02-26 11:13:00-05:00,2024-02-26 13:13:00-05:00,long,am,fvg,17972.5,17947.335714285713,18022.828571428574,17998.9,expired,0.9696281578200494,2024-02-26 10:00:00-05:00,2024-02-26 10:27:00-05:00,17934.1,17974.8,17970.4,2024-02-26 11:12:00-05:00,1m
2024-02-28 11:10:00-05:00,2024-02-28 12:33:00-05:00,long,am,fvg,17908.6,17870.825,17984.149999999994,17870.825,loss,-1.0529450694904068,2024-02-28 10:00:00-05:00,2024-02-28 10:37:00-05:00,17857.3,17908.6,17895.1,2024-02-28 11:01:00-05:00,1m
2024-03-04 08:08:00-05:00,2024-03-04 09:04:00-05:00,long,am,fvg,18308.7,18297.128571428573,18331.842857142856,18297.128571428573,loss,-1.172839506172855,2024-03-04 05:30:00-05:00,2024-03-04 06:46:00-05:00,18296.7,18309.9,18305.0,2024-03-04 08:07:00-05:00,1m
2024-03-04 11:11:00-05:00,2024-03-04 11:31:00-05:00,long,am,fvg,18282.5,18270.739285714284,18306.021428571432,18270.739285714284,loss,-1.1700576981475617,2024-03-04 10:15:00-05:00,2024-03-04 10:37:00-05:00,18259.7,18282.5,18278.4,2024-03-04 11:09:00-05:00,1m
2024-03-05 11:25:00-05:00,2024-03-05 11:43:00-05:00,long,am,fvg,17925.3,17882.614285714284,18010.67142857143,17882.614285714284,loss,-1.0468540829986603,2024-03-05 11:00:00-05:00,2024-03-05 11:20:00-05:00,17894.9,17931.6,17928.4,2024-03-05 11:22:00-05:00,1m
2024-03-06 10:48:00-05:00,2024-03-06 11:02:00-05:00,long,am,fvg,18019.0,17987.625,18081.75,18081.75,win,1.9362549800796813,2024-03-06 10:00:00-05:00,2024-03-06 10:35:00-05:00,18011.5,18019.0,18012.6,2024-03-06 10:47:00-05:00,1m
2024-03-08 08:26:00-05:00,2024-03-08 08:29:00-05:00,long,am,fvg,18284.3,18273.074999999997,18306.750000000004,18273.074999999997,loss,-1.1781737193763573,2024-03-08 08:00:00-05:00,2024-03-08 08:08:00-05:00,18253.8,18285.1,18281.3,2024-03-08 08:23:00-05:00,1m
2024-03-11 09:39:00-04:00,2024-03-11 10:02:00-04:00,long,am,fvg,17975.0,17901.65357142857,18121.692857142858,17901.65357142857,loss,-1.0272678580123678,2024-03-11 09:00:00-04:00,2024-03-11 09:03:00-04:00,17930.2,17975.0,17968.0,2024-03-11 09:38:00-04:00,1m
2024-03-11 11:39:00-04:00,2024-03-11 11:50:00-04:00,long,am,fvg,17937.4,17914.585714285713,17983.02857142858,17983.02857142858,win,1.9123356293049572,2024-03-11 10:15:00-04:00,2024-03-11 10:53:00-04:00,17904.0,17941.3,17937.5,2024-03-11 11:36:00-04:00,1m
2024-03-12 08:38:00-04:00,2024-03-12 09:46:00-04:00,long,am,fvg,18094.6,17943.771428571432,18396.257142857132,17943.771428571432,loss,-1.013260087137716,2024-03-12 08:30:00-04:00,2024-03-12 08:33:00-04:00,18036.7,18101.3,18090.7,2024-03-12 08:36:00-04:00,1m
2024-03-12 10:01:00-04:00,2024-03-12 12:01:00-04:00,long,am,fvg,18053.5,17926.910714285714,18306.678571428572,18163.0,expired,0.849202990548734,2024-03-12 08:45:00-04:00,2024-03-12 08:46:00-04:00,18036.5,18053.5,18042.3,2024-03-12 10:00:00-04:00,1m
2024-03-14 10:16:00-04:00,2024-03-14 12:10:00-04:00,long,am,fvg,18060.3,18008.717857142856,18163.464285714286,18008.717857142856,loss,-1.0387731080800382,2024-03-14 09:30:00-04:00,2024-03-14 09:38:00-04:00,18110.2,18060.3,18056.2,2024-03-14 10:13:00-04:00,1m
2024-03-18 09:26:00-04:00,2024-03-18 09:31:00-04:00,short,am,fvg,18056.8,18073.610714285714,18023.17857142857,18073.610714285714,loss,-1.1189717442107434,2024-03-18 08:45:00-04:00,2024-03-18 08:54:00-04:00,18060.3,18058.0,18056.8,2024-03-18 09:22:00-04:00,1m
2024-03-18 11:22:00-04:00,2024-03-18 12:50:00-04:00,short,am,fvg,18101.2,18132.97857142857,18037.64285714286,18037.64285714286,win,1.9370645088783989,2024-03-18 10:00:00-04:00,2024-03-18 11:06:00-04:00,18122.2,18109.0,18101.2,2024-03-18 11:13:00-04:00,1m
2024-03-20 08:17:00-04:00,2024-03-20 09:29:00-04:00,short,am,fvg,18078.2,18095.360714285714,18043.878571428573,18095.360714285714,loss,-1.1165452653485988,2024-03-20 08:00:00-04:00,2024-03-20 08:07:00-04:00,18104.4,18079.9,18078.2,2024-03-20 08:16:00-04:00,1m
2024-03-20 10:38:00-04:00,2024-03-20 12:38:00-04:00,short,am,fvg,18046.5,18087.421428571426,17964.657142857148,18057.9,expired,-0.32745679874329164,2024-03-20 09:45:00-04:00,2024-03-20 09:46:00-04:00,18108.7,18049.7,18046.5,2024-03-20 10:37:00-04:00,1m
2024-03-22 09:59:00-04:00,2024-03-22 11:59:00-04:00,long,am,fvg,18311.2,18278.34285714286,18376.914285714283,18341.5,expired,0.8613043478261057,2024-03-22 08:45:00-04:00,2024-03-22 08:48:00-04:00,18278.4,18311.2,18297.4,2024-03-22 09:53:00-04:00,1m
2024-03-25 08:06:00-04:00,2024-03-25 08:12:00-04:00,long,am,fvg,18266.0,18250.753571428573,18296.492857142854,18250.753571428573,loss,-1.1311782618880453,2024-03-25 07:30:00-04:00,2024-03-25 08:03:00-04:00,18254.7,18266.2,18265.1,2024-03-25 08:04:00-04:00,1m
2024-03-26 09:46:00-04:00,2024-03-26 10:29:00-04:00,long,am,fvg,18373.9,18352.32857142857,18417.042857142864,18352.32857142857,loss,-1.0927152317880684,2024-03-26 09:30:00-04:00,2024-03-26 09:35:00-04:00,18349.1,18374.7,18371.1,2024-03-26 09:45:00-04:00,1m
2024-03-26 11:23:00-04:00,2024-03-26 11:47:00-04:00,long,am,fvg,18366.1,18349.285714285714,18399.728571428568,18349.285714285714,loss,-1.1189464740866677,2024-03-26 10:30:00-04:00,2024-03-26 11:10:00-04:00,18343.6,18366.1,18360.2,2024-03-26 11:22:00-04:00,1m
2024-03-28 10:38:00-04:00,2024-03-28 12:06:00-04:00,long,am,fvg,18302.4,18278.79642857143,18349.607142857145,18278.79642857143,loss,-1.0847329399303969,2024-03-28 09:45:00-04:00,2024-03-28 09:46:00-04:00,18256.6,18302.6,18298.0,2024-03-28 10:36:00-04:00,1m
2024-04-01 10:26:00-04:00,2024-04-01 10:38:00-04:00,long,am,fvg,18347.6,18315.942857142858,18410.91428571428,18315.942857142858,loss,-1.0631768953068637,2024-04-01 09:30:00-04:00,2024-04-01 09:34:00-04:00,18302.3,18350.1,18345.0,2024-04-01 10:25:00-04:00,1m
2024-04-02 09:23:00-04:00,2024-04-02 09:25:00-04:00,long,am,fvg,18090.4,18080.817857142854,18109.564285714296,18080.817857142854,loss,-1.2087215803204439,2024-04-02 08:30:00-04:00,2024-04-02 08:32:00-04:00,18207.7,18093.0,18089.6,2024-04-02 09:22:00-04:00,1m
2024-04-03 08:13:00-04:00,2024-04-03 08:15:00-04:00,short,am,fvg,18123.4,18134.367857142857,18101.46428571429,18101.46428571429,win,1.8176489742754578,2024-04-03 07:45:00-04:00,2024-04-03 07:50:00-04:00,18116.7,18125.6,18123.4,2024-04-03 08:12:00-04:00,1m
2024-04-03 08:48:00-04:00,2024-04-03 09:07:00-04:00,short,am,fvg,18078.7,18092.6,18050.900000000005,18092.6,loss,-1.1438848920863536,2024-04-03 08:15:00-04:00,2024-04-03 08:25:00-04:00,18122.2,18081.2,18078.7,2024-04-03 08:47:00-04:00,1m
2024-04-04 08:00:00-04:00,2024-04-04 08:07:00-04:00,short,am,fvg,18267.4,18272.4,18257.4,18272.4,loss,-1.4,2024-04-04 06:30:00-04:00,2024-04-04 06:37:00-04:00,18275.8,18268.1,18263.3,2024-04-04 07:44:00-04:00,1m
2024-04-04 10:15:00-04:00,2024-04-04 10:23:00-04:00,short,am,fvg,18334.1,18349.364285714284,18303.571428571428,18303.571428571428,win,1.8689751988769285,2024-04-04 09:45:00-04:00,2024-04-04 09:52:00-04:00,18366.4,18336.4,18334.1,2024-04-04 10:14:00-04:00,1m
2024-04-05 08:00:00-04:00,2024-04-05 08:30:00-04:00,short,am,fvg,17969.0,17981.907142857144,17943.18571428571,17943.18571428571,win,1.8450470392916598,2024-04-05 04:15:00-04:00,2024-04-05 06:32:00-04:00,17958.3,17971.7,17968.4,2024-04-05 07:55:00-04:00,1m
2024-04-08 09:52:00-04:00,2024-04-08 10:00:00-04:00,short,am,fvg,18109.2,18133.464285714283,18060.671428571437,18133.464285714283,loss,-1.0824256697085795,2024-04-08 09:15:00-04:00,2024-04-08 09:30:00-04:00,18192.4,18111.4,18107.6,2024-04-08 09:51:00-04:00,1m
2024-04-09 09:51:00-04:00,2024-04-09 10:30:00-04:00,short,am,fvg,18179.7,18237.807142857146,18063.48571428571,18063.48571428571,win,1.9655808236017223,2024-04-09 09:00:00-04:00,2024-04-09 09:35:00-04:00,18198.1,18184.0,18179.7,2024-04-09 09:50:00-04:00,1m
2024-04-09 10:32:00-04:00,2024-04-09 12:32:00-04:00,short,am,fvg,18078.4,18198.682142857142,17837.83571428572,18121.9,expired,-0.37827726476440043,2024-04-09 09:45:00-04:00,2024-04-09 09:51:00-04:00,18222.8,18098.5,18075.7,2024-04-09 10:31:00-04:00,1m
2024-04-11 10:03:00-04:00,2024-04-11 11:41:00-04:00,short,am,fvg,18073.0,18114.975000000002,17989.049999999996,18114.975000000002,loss,-1.0476474091721237,2024-04-11 09:00:00-04:00,2024-04-11 09:32:00-04:00,18090.6,18072.1,18067.1,2024-04-11 10:02:00-04:00,1m
2024-04-12 08:00:00-04:00,2024-04-12 08:14:00-04:00,long,am,fvg,18250.1,18238.814285714285,18272.671428571426,18238.814285714285,loss,-1.1772151898734258,2024-04-12 06:15:00-04:00,2024-04-12 07:37:00-04:00,18246.1,18251.9,18243.9,2024-04-12 07:47:00-04:00,1m
2024-04-12 10:24:00-04:00,2024-04-12 10:36:00-04:00,long,am,fvg,18128.6,18087.4,18210.999999999993,18087.4,loss,-1.0485436893203919,2024-04-12 09:30:00-04:00,2024-04-12 09:47:00-04:00,18122.1,18129.5,18124.9,2024-04-12 10:19:00-04:00,1m
2024-04-12 11:30:00-04:00,2024-04-12 12:17:00-04:00,long,am,fvg,18091.0,18060.957142857143,18151.085714285713,18060.957142857143,loss,-1.0665715644317655,2024-04-12 10:30:00-04:00,2024-04-12 11:28:00-04:00,18102.0,18091.0,18087.9,2024-04-12 11:29:00-04:00,1m
2024-04-15 09:36:00-04:00,2024-04-15 11:36:00-04:00,short,am,fvg,18117.2,18195.65714285714,17960.28571428572,18052.1,expired,0.8042607428988205,2024-04-15 08:30:00-04:00,2024-04-15 08:31:00-04:00,18141.9,18126.1,18115.3,2024-04-15 09:35:00-04:00,1m
2024-04-16 09:00:00-04:00,2024-04-16 09:19:00-04:00,short,am,fvg,17749.7,17763.839285714286,17721.42142857143,17721.42142857143,win,1.8585501389239687,2024-04-16 08:00:00-04:00,2024-04-16 08:24:00-04:00,17757.7,17751.9,17749.3,2024-04-16 08:57:00-04:00,1m
2024-04-16 11:33:00-04:00,2024-04-16 11:54:00-04:00,short,am,fvg,17744.3,17771.65357142857,17689.592857142856,17771.65357142857,loss,-1.0731165948557244,2024-04-16 10:30:00-04:00,2024-04-16 10:38:00-04:00,17765.9,17748.0,17744.3,2024-04-16 11:32:00-04:00,1m
2024-04-17 08:13:00-04:00,2024-04-17 08:16:00-04:00,short,am,fvg,17760.8,17768.667857142857,17745.064285714285,17768.667857142857,loss,-1.2541988197911904,2024-04-17 07:00:00-04:00,2024-04-17 07:21:00-04:00,17789.8,17760.5,17756.0,2024-04-17 08:09:00-04:00,1m
2024-04-19 09:15:00-04:00,2024-04-19 09:31:00-04:00,short,am,fvg,17351.4,17366.39285714286,17321.414285714287,17321.414285714287,win,1.8666031443544555,2024-04-19 08:45:00-04:00,2024-04-19 09:06:00-04:00,17392.6,17353.6,17347.1,2024-04-19 09:13:00-04:00,1m
2024-04-23 08:00:00-04:00,2024-04-23 08:03:00-04:00,short,am,fvg,17259.8,17264.8,17249.8,17249.8,win,1.6,2024-04-23 07:00:00-04:00,2024-04-23 07:30:00-04:00,17282.4,17260.7,17257.6,2024-04-23 07:50:00-04:00,1m
2024-04-24 09:02:00-04:00,2024-04-24 09:27:00-04:00,short,am,fvg,17568.1,17592.517857142855,17519.264285714286,17592.517857142855,loss,-1.08190726927015,2024-04-24 08:45:00-04:00,2024-04-24 08:48:00-04:00,17609.8,17572.9,17568.1,2024-04-24 09:01:00-04:00,1m
2024-04-26 09:07:00-04:00,2024-04-26 09:39:00-04:00,short,am,fvg,17601.0,17631.878571428573,17539.242857142854,17631.878571428573,loss,-1.0647698357621984,2024-04-26 08:45:00-04:00,2024-04-26 08:51:00-04:00,17646.0,17604.8,17601.0,2024-04-26 09:06:00-04:00,1m
2024-04-29 11:27:00-04:00,2024-04-29 11:32:00-04:00,long,am,fvg,17764.9,17747.97142857143,17798.757142857146,17747.97142857143,loss,-1.1181434599156046,2024-04-29 10:00:00-04:00,2024-04-29 10:32:00-04:00,17718.1,17764.9,17760.3,2024-04-29 11:26:00-04:00,1m
2024-05-01 09:58:00-04:00,2024-05-01 11:17:00-04:00,short,am,fvg,17371.0,17398.82142857143,17315.357142857138,17315.357142857138,win,1.9281129653401865,2024-05-01 09:30:00-04:00,2024-05-01 09:32:00-04:00,17407.7,17364.4,17357.8,2024-05-01 09:57:00-04:00,1m
2024-05-02 08:00:00-04:00,2024-05-02 08:10:00-04:00,short,am,fvg,17473.5,17483.685714285715,17453.12857142857,17483.685714285715,loss,-1.1963534361851151,2024-05-02 06:15:00-04:00,2024-05-02 07:32:00-04:00,17494.0,17475.2,17468.5,2024-05-02 07:56:00-04:00,1m
2024-05-02 09:51:00-04:00,2024-05-02 10:09:00-04:00,short,am,fvg,17402.9,17457.96785714286,17292.764285714286,17292.764285714286,win,1.9636811725792858,2024-05-02 09:00:00-04:00,2024-05-02 09:32:00-04:00,17511.0,17414.1,17402.9,2024-05-02 09:49:00-04:00,1m
2024-05-08 09:50:00-04:00,2024-05-08 11:50:00-04:00,long,am,fvg,18058.5,18012.25,18151.0,18084.6,expired,0.5210810810810497,2024-05-08 07:45:00-04:00,2024-05-08 09:31:00-04:00,18065.1,18058.5,18053.7,2024-05-08 09:49:00-04:00,1m
2024-05-13 10:26:00-04:00,2024-05-13 10:31:00-04:00,long,am,fvg,18220.9,18203.52857142857,18255.642857142862,18203.52857142857,loss,-1.115131578947356,2024-05-13 10:00:00-04:00,2024-05-13 10:18:00-04:00,18182.0,18220.9,18214.9,2024-05-13 10:25:00-04:00,1m
2024-05-14 08:34:00-04:00,2024-05-14 10:34:00-04:00,long,am,fvg,18144.9,18065.239285714288,18304.22142857143,18269.3,expired,1.5365164761264118,2024-05-14 07:45:00-04:00,2024-05-14 08:12:00-04:00,18200.4,18144.9,18137.5,2024-05-14 08:33:00-04:00,1m
2024-05-16 10:35:00-04:00,2024-05-16 11:04:00-04:00,long,am,fvg,18626.3,18603.15714285714,18672.585714285717,18672.585714285717,win,1.913580246913586,2024-05-16 09:45:00-04:00,2024-05-16 09:48:00-04:00,18594.3,18626.3,18623.1,2024-05-16 10:22:00-04:00,1m
2024-05-17 11:10:00-04:00,2024-05-17 11:49:00-04:00,long,am,fvg,18564.5,18542.817857142858,18607.864285714284,18542.817857142858,loss,-1.0922418053039074,2024-05-17 10:00:00-04:00,2024-05-17 10:32:00-04:00,18544.9,18568.7,18566.1,2024-05-17 11:09:00-04:00,1m
2024-05-28 08:27:00-04:00,2024-05-28 08:31:00-04:00,long,am,fvg,18870.0,18865.0,18880.0,18865.0,loss,-1.4,2024-05-28 07:45:00-04:00,2024-05-28 08:08:00-04:00,18857.3,18873.6,18872.5,2024-05-28 08:26:00-04:00,1m
2024-05-28 10:05:00-04:00,2024-05-28 12:05:00-04:00,long,am,fvg,18827.4,18782.989285714284,18916.221428571436,18867.6,expired,0.8601527945314382,2024-05-28 09:00:00-04:00,2024-05-28 09:32:00-04:00,18854.3,18828.2,18817.5,2024-05-28 10:04:00-04:00,1m
2024-05-29 08:17:00-04:00,2024-05-29 08:31:00-04:00,long,am,fvg,18778.8,18754.22142857143,18827.95714285714,18754.22142857143,loss,-1.0813716942749239,2024-05-29 07:30:00-04:00,2024-05-29 07:46:00-04:00,18748.3,18778.8,18776.9,2024-05-29 08:15:00-04:00,1m
2024-05-29 09:39:00-04:00,2024-05-29 10:24:00-04:00,long,am,fvg,18751.6,18724.735714285714,18805.328571428567,18805.328571428567,win,1.9255517149694183,2024-05-29 09:15:00-04:00,2024-05-29 09:31:00-04:00,18722.7,18751.9,18748.9,2024-05-29 09:38:00-04:00,1m
2024-05-31 09:54:00-04:00,2024-05-31 10:32:00-04:00,short,am,fvg,18507.7,18591.64642857143,18339.807142857146,18339.807142857146,win,1.976175281854924,2024-05-31 09:00:00-04:00,2024-05-31 09:18:00-04:00,18617.2,18514.5,18507.7,2024-05-31 09:53:00-04:00,1m
2024-06-03 08:00:00-04:00,2024-06-03 08:14:00-04:00,short,am,fvg,18650.3,18655.3,18640.3,18655.3,loss,-1.4,2024-06-03 06:45:00-04:00,2024-06-03 06:46:00-04:00,18638.4,18650.7,18648.2,2024-06-03 07:52:00-04:00,1m
2024-06-03 09:21:00-04:00,2024-06-03 09:22:00-04:00,short,am,fvg,18666.2,18672.0,18654.600000000002,18672.0,loss,-1.3448275862069399,2024-06-03 08:00:00-04:00,2024-06-03 08:35:00-04:00,18652.6,18664.5,18660.7,2024-06-03 09:13:00-04:00,1m
2024-06-03 09:57:00-04:00,2024-06-03 10:00:00-04:00,short,am,fvg,18647.3,18668.02142857143,18605.85714285714,18668.02142857143,loss,-1.0965184419165785,2024-06-03 09:15:00-04:00,2024-06-03 09:52:00-04:00,18663.8,18646.9,18640.7,2024-06-03 09:56:00-04:00,1m
2024-06-04 11:16:00-04:00,2024-06-04 11:21:00-04:00,short,am,fvg,18565.4,18593.7,18508.800000000003,18593.7,loss,-1.0706713780918746,2024-06-04 10:15:00-04:00,2024-06-04 11:07:00-04:00,18613.2,18571.8,18565.3,2024-06-04 11:12:00-04:00,1m
2024-06-05 09:19:00-04:00,2024-06-05 09:23:00-04:00,short,am,fvg,18797.8,18804.97857142857,18783.442857142854,18804.97857142857,loss,-1.278606965174089,2024-06-05 08:00:00-04:00,2024-06-05 08:32:00-04:00,18772.0,18798.7,18797.8,2024-06-05 09:16:00-04:00,1m
2024-06-06 10:04:00-04:00,2024-06-06 12:04:00-04:00,long,am,fvg,19027.5,18992.075,19098.35,19037.2,expired,0.2173606210303708,2024-06-06 08:45:00-04:00,2024-06-06 09:23:00-04:00,19039.6,19028.0,19021.8,2024-06-06 10:03:00-04:00,1m
2024-06-07 08:51:00-04:00,2024-06-07 09:50:00-04:00,long,am,fvg,18936.5,18898.485714285714,19012.52857142857,19012.52857142857,win,1.94738819992484,2024-06-07 07:30:00-04:00,2024-06-07 07:33:00-04:00,19023.7,18940.5,18935.5,2024-06-07 08:49:00-04:00,1m
2024-06-11 08:00:00-04:00,2024-06-11 09:34:00-04:00,long,am,fvg,19030.8,19018.189285714285,19056.02142857143,19056.02142857143,win,1.8414047012177879,2024-06-11 07:15:00-04:00,2024-06-11 07:38:00-04:00,19014.9,19031.5,19028.1,2024-06-11 07:54:00-04:00,1m
2024-06-14 08:04:00-04:00,2024-06-14 08:24:00-04:00,long,am,fvg,19522.5,19509.710714285713,19548.078571428574,19548.078571428574,win,1.8436191008098448,2024-06-14 07:15:00-04:00,2024-06-14 07:35:00-04:00,19499.5,19528.9,19525.0,2024-06-14 07:49:00-04:00,1m
2024-06-17 09:43:00-04:00,2024-06-17 09:47:00-04:00,long,am,fvg,19668.3,19653.482142857145,19697.935714285708,19653.482142857145,loss,-1.134972282477731,2024-06-17 09:00:00-04:00,2024-06-17 09:31:00-04:00,19678.5,19673.3,19670.7,2024-06-17 09:37:00-04:00,1m
2024-06-17 10:34:00-04:00,2024-06-17 12:19:00-04:00,long,am,fvg,19691.2,19654.539285714283,19764.521428571436,19764.521428571436,win,1.94544568923527,2024-06-17 10:00:00-04:00,2024-06-17 10:11:00-04:00,19658.9,19691.8,19687.1,2024-06-17 10:33:00-04:00,1m
2024-06-18 09:59:00-04:00,2024-06-18 10:45:00-04:00,long,am,fvg,19912.0,19891.69642857143,19952.607142857138,19891.69642857143,loss,-1.0985048372911295,2024-06-18 09:15:00-04:00,2024-06-18 09:33:00-04:00,19926.7,19923.2,19919.5,2024-06-18 09:57:00-04:00,1m
2024-06-18 11:58:00-04:00,2024-06-18 12:07:00-04:00,long,am,fvg,19910.3,19899.635714285716,19931.628571428566,19931.628571428566,win,1.8124581379771851,2024-06-18 09:45:00-04:00,2024-06-18 11:47:00-04:00,19919.5,19910.3,19907.5,2024-06-18 11:57:00-04:00,1m
2024-06-20 10:24:00-04:00,2024-06-20 10:59:00-04:00,long,am,fvg,19886.1,19852.764285714286,19952.771428571425,19952.771428571425,win,1.940004285408183,2024-06-20 09:45:00-04:00,2024-06-20 09:46:00-04:00,19984.7,19893.0,19882.2,2024-06-20 10:23:00-04:00,1m
2024-06-20 11:46:00-04:00,2024-06-20 11:48:00-04:00,long,am,fvg,19929.5,19920.332142857143,19947.835714285713,19920.332142857143,loss,-1.218153486560202,2024-06-20 10:30:00-04:00,2024-06-20 10:57:00-04:00,19894.2,19937.7,19936.0,2024-06-20 11:39:00-04:00,1m
2024-06-24 10:03:00-04:00,2024-06-24 10:48:00-04:00,long,am,fvg,19718.0,19606.14642857143,19941.707142857143,19606.14642857143,loss,-1.0178805198122545,2024-06-24 08:45:00-04:00,2024-06-24 09:34:00-04:00,19675.0,19718.0,19709.6,2024-06-24 10:02:00-04:00,1m
2024-06-24 11:00:00-04:00,2024-06-24 13:00:00-04:00,long,am,fvg,19646.7,19571.175,19797.750000000004,19608.0,expired,-0.5388944058258848,2024-06-24 10:00:00-04:00,2024-06-24 10:02:00-04:00,19636.2,19647.1,19632.9,2024-06-24 10:59:00-04:00,1m
2024-06-26 09:54:00-04:00,2024-06-26 11:11:00-04:00,long,am,fvg,19735.7,19669.15714285714,19868.78571428572,19669.15714285714,loss,-1.0300558179476156,2024-06-26 07:45:00-04:00,2024-06-26 09:33:00-04:00,19741.0,19738.1,19734.3,2024-06-26 09:52:00-04:00,1m
2024-06-28 09:52:00-04:00,2024-06-28 10:01:00-04:00,long,am,fvg,19887.3,19859.27857142857,19943.342857142856,19943.342857142856,win,1.928626051491205,2024-06-28 09:45:00-04:00,2024-06-28 09:46:00-04:00,19819.1,19890.5,19886.2,2024-06-28 09:51:00-04:00,1m
2024-07-02 08:28:00-04:00,2024-07-02 08:37:00-04:00,long,am,fvg,19738.8,19731.56428571429,19753.27142857142,19731.56428571429,loss,-1.276406712734583,2024-07-02 08:00:00-04:00,2024-07-02 08:08:00-04:00,19708.4,19741.3,19740.3,2024-07-02 08:26:00-04:00,1m
2024-07-03 09:35:00-04:00,2024-07-03 11:06:00-04:00,long,am,fvg,20028.9,19988.35357142857,20109.99285714286,20109.99285714286,win,1.9506738307055418,2024-07-03 08:30:00-04:00,2024-07-03 09:31:00-04:00,20014.4,20033.1,20030.8,2024-07-03 09:32:00-04:00,1m
2024-07-04 11:29:00-04:00,2024-07-04 12:05:00-04:00,long,am,fvg,20176.7,20171.7,20186.7,20171.7,loss,-1.4,2024-07-04 11:00:00-04:00,2024-07-04 11:01:00-04:00,20162.6,20176.7,20176.2,2024-07-04 11:27:00-04:00,1m
2024-07-05 08:56:00-04:00,2024-07-05 09:30:00-04:00,long,am,fvg,20217.7,20202.40357142857,20248.29285714286,20248.29285714286,win,1.8692505253327205,2024-07-05 08:30:00-04:00,2024-07-05 08:31:00-04:00,20215.5,20222.7,20220.5,2024-07-05 08:55:00-04:00,1m
2024-07-05 09:40:00-04:00,2024-07-05 09:46:00-04:00,long,am,fvg,20273.2,20230.717857142856,20358.16428571429,20230.717857142856,loss,-1.0470786044556513,2024-07-05 08:45:00-04:00,2024-07-05 09:31:00-04:00,20214.9,20275.2,20270.2,2024-07-05 09:39:00-04:00,1m
2024-07-08 10:08:00-04:00,2024-07-08 10:36:00-04:00,long,am,fvg,20430.3,20391.371428571427,20508.157142857144,20391.371428571427,loss,-1.0513761467889895,2024-07-08 09:45:00-04:00,2024-07-08 09:51:00-04:00,20401.9,20430.3,20425.3,2024-07-08 10:07:00-04:00,1m
2024-07-09 09:35:00-04:00,2024-07-09 10:06:00-04:00,long,am,fvg,20545.3,20517.92142857143,20600.05714285714,20517.92142857143,loss,-1.0730498304200415,2024-07-09 08:45:00-04:00,2024-07-09 09:21:00-04:00,20513.7,20545.5,20537.0,2024-07-09 09:33:00-04:00,1m
2024-07-10 10:07:00-04:00,2024-07-10 10:43:00-04:00,long,am,fvg,20577.5,20543.092857142856,20646.31428571429,20543.092857142856,loss,-1.0581274652273176,2024-07-10 09:45:00-04:00,2024-07-10 09:50:00-04:00,20527.1,20577.5,20573.2,2024-07-10 10:05:00-04:00,1m
2024-07-11 09:12:00-04:00,2024-07-11 09:33:00-04:00,long,am,fvg,20703.6,20676.539285714287,20757.72142857142,20676.539285714287,loss,-1.0739078791078338,2024-07-11 08:30:00-04:00,2024-07-11 08:31:00-04:00,20680.6,20703.6,20699.2,2024-07-11 09:04:00-04:00,1m
2024-07-12 09:59:00-04:00,2024-07-12 10:39:00-04:00,long,am,fvg,20345.6,20304.72857142857,20427.342857142852,20427.342857142852,win,1.9510660608178938,2024-07-12 08:45:00-04:00,2024-07-12 08:49:00-04:00,20193.3,20349.3,20341.1,2024-07-12 09:58:00-04:00,1m
2024-07-15 09:43:00-04:00,2024-07-15 09:44:00-04:00,long,am,fvg,20436.6,20419.992857142857,20469.81428571428,20419.992857142857,loss,-1.120430107526893,2024-07-15 09:00:00-04:00,2024-07-15 09:31:00-04:00,20420.1,20447.3,20440.3,2024-07-15 09:39:00-04:00,1m
2024-07-15 10:32:00-04:00,2024-07-15 11:06:00-04:00,long,am,fvg,20511.4,20478.192857142858,20577.81428571429,20577.81428571429,win,1.9397719939772005,2024-07-15 10:00:00-04:00,2024-07-15 10:05:00-04:00,20417.6,20515.1,20508.0,2024-07-15 10:31:00-04:00,1m
2024-07-17 08:13:00-04:00,2024-07-17 09:25:00-04:00,long,am,fvg,20129.3,20100.614285714284,20186.67142857143,20100.614285714284,loss,-1.0697211155378463,2024-07-17 07:45:00-04:00,2024-07-17 08:04:00-04:00,20100.0,20129.3,20123.5,2024-07-17 08:12:00-04:00,1m
2024-07-19 08:54:00-04:00,2024-07-19 08:59:00-04:00,short,am,fvg,19763.1,19776.114285714284,19737.071428571428,19776.114285714284,loss,-1.1536772777167972,2024-07-19 08:15:00-04:00,2024-07-19 08:24:00-04:00,19773.4,19764.6,19763.1,2024-07-19 08:53:00-04:00,1m
2024-07-19 09:27:00-04:00,2024-07-19 09:39:00-04:00,short,am,fvg,19725.9,19764.93928571429,19647.821428571428,19764.93928571429,loss,-1.0512304455219086,2024-07-19 09:15:00-04:00,2024-07-19 09:20:00-04:00,19778.1,19742.3,19725.9,2024-07-19 09:26:00-04:00,1m
2024-07-22 08:00:00-04:00,2024-07-22 08:02:00-04:00,short,am,fvg,19742.1,19747.1,19732.1,19747.1,loss,-1.4,2024-07-22 07:15:00-04:00,2024-07-22 07:27:00-04:00,19733.6,19736.1,19734.1,2024-07-22 07:50:00-04:00,1m
2024-07-22 09:54:00-04:00,2024-07-22 09:58:00-04:00,short,am,fvg,19856.0,19878.68928571429,19810.621428571423,19810.621428571423,win,1.911852668030862,2024-07-22 08:45:00-04:00,2024-07-22 09:31:00-04:00,19769.4,19855.5,19848.3,2024-07-22 09:52:00-04:00,1m
2024-07-22 11:18:00-04:00,2024-07-22 12:52:00-04:00,short,am,fvg,19737.1,19796.25,19618.799999999996,19796.25,loss,-1.0338123415046483,2024-07-22 10:00:00-04:00,2024-07-22 11:10:00-04:00,19822.4,19764.7,19737.1,2024-07-22 11:17:00-04:00,1m
2024-07-23 08:07:00-04:00,2024-07-23 08:18:00-04:00,short,am,fvg,19839.4,19847.65357142857,19822.892857142862,19822.892857142862,win,1.7576806577238742,2024-07-23 07:45:00-04:00,2024-07-23 07:50:00-04:00,19857.9,19839.4,19835.5,2024-07-23 08:06:00-04:00,1m
2024-07-23 10:47:00-04:00,2024-07-23 11:10:00-04:00,short,am,fvg,19814.3,19867.89642857143,19707.10714285714,19867.89642857143,loss,-1.0373159192376888,2024-07-23 10:30:00-04:00,2024-07-23 10:39:00-04:00,19882.5,19828.8,19814.3,2024-07-23 10:46:00-04:00,1m
2024-07-25 09:45:00-04:00,2024-07-25 09:57:00-04:00,short,am,fvg,19021.4,19079.260714285712,18905.67857142858,18905.67857142858,win,1.9654342324547847,2024-07-25 09:30:00-04:00,2024-07-25 09:33:00-04:00,19092.5,19034.1,19021.4,2024-07-25 09:44:00-04:00,1m
2024-07-25 11:57:00-04:00,2024-07-25 11:59:00-04:00,short,am,fvg,19055.1,19082.149999999998,19001.0,19082.149999999998,loss,-1.0739371534195954,2024-07-25 11:30:00-04:00,2024-07-25 11:43:00-04:00,19106.6,19059.1,19053.9,2024-07-25 11:56:00-04:00,1m
2024-07-26 08:30:00-04:00,2024-07-26 08:31:00-04:00,short,am,fvg,19073.4,19079.664285714287,19060.87142857143,19079.664285714287,loss,-1.31927023945269,2024-07-26 08:15:00-04:00,2024-07-26 08:21:00-04:00,19082.3,19068.5,19066.7,2024-07-26 08:29:00-04:00,1m
2024-07-26 09:12:00-04:00,2024-07-26 09:26:00-04:00,short,am,fvg,19030.3,19043.560714285715,19003.778571428567,19043.560714285715,loss,-1.1508214381901238,2024-07-26 08:45:00-04:00,2024-07-26 08:47:00-04:00,19083.5,19033.1,19029.0,2024-07-26 09:11:00-04:00,1m
2024-07-30 10:03:00-04:00,2024-07-30 11:01:00-04:00,short,am,fvg,19058.2,19117.85357142857,18938.89285714286,18938.89285714286,win,1.9664730886667063,2024-07-30 09:45:00-04:00,2024-07-30 09:46:00-04:00,19164.7,19081.9,19058.2,2024-07-30 10:02:00-04:00,1m
2024-08-05 11:00:00-04:00,2024-08-05 11:08:00-04:00,short,am,fvg,17867.7,18001.307142857142,17600.485714285718,18001.307142857142,loss,-1.0149692595562685,2024-08-05 10:00:00-04:00,2024-08-05 10:30:00-04:00,17789.7,17904.8,17867.7,2024-08-05 10:58:00-04:00,1m
2024-08-07 08:00:00-04:00,2024-08-07 08:15:00-04:00,short,am,fvg,18302.9,18324.839285714286,18259.021428571432,18324.839285714286,loss,-1.0911606706820811,2024-08-07 07:30:00-04:00,2024-08-07 07:32:00-04:00,18362.4,18312.8,18302.9,2024-08-07 07:57:00-04:00,1m
2024-08-07 11:22:00-04:00,2024-08-07 12:03:00-04:00,short,am,fvg,18383.1,18459.489285714284,18230.321428571428,18230.321428571428,win,1.9738183178269204,2024-08-07 10:00:00-04:00,2024-08-07 10:19:00-04:00,18442.2,18391.7,18383.1,2024-08-07 11:17:00-04:00,1m
2024-08-08 09:49:00-04:00,2024-08-08 10:00:00-04:00,short,am,fvg,18012.0,18122.99642857143,17790.00714285714,18122.99642857143,loss,-1.0180185977669807,2024-08-08 09:00:00-04:00,2024-08-08 09:38:00-04:00,18103.5,18032.0,18012.0,2024-08-08 09:48:00-04:00,1m
2024-08-12 09:08:00-04:00,2024-08-12 09:13:00-04:00,short,am,fvg,18578.5,18587.196428571428,18561.107142857145,18561.107142857145,win,1.770020533880876,2024-08-12 08:45:00-04:00,2024-08-12 08:54:00-04:00,18604.1,18581.1,18578.5,2024-08-12 09:07:00-04:00,1m
2024-08-14 10:31:00-04:00,2024-08-14 10:32:00-04:00,long,am,fvg,18905.8,18882.175,18953.05,18882.175,loss,-1.0846560846560847,2024-08-14 08:45:00-04:00,2024-08-14 09:31:00-04:00,18978.5,18919.8,18913.0,2024-08-14 10:30:00-04:00,1m
2024-08-16 09:52:00-04:00,2024-08-16 11:52:00-04:00,long,am,fvg,19426.5,19376.68571428571,19526.128571428577,19480.8,expired,1.0498996271866219,2024-08-16 09:00:00-04:00,2024-08-16 09:16:00-04:00,19361.5,19426.5,19420.1,2024-08-16 09:51:00-04:00,1m
2024-08-20 09:50:00-04:00,2024-08-20 10:12:00-04:00,long,am,fvg,19802.5,19768.582142857143,19870.335714285713,19768.582142857143,loss,-1.0589659892597674,2024-08-20 09:30:00-04:00,2024-08-20 09:35:00-04:00,19739.0,19802.5,19796.1,2024-08-20 09:49:00-04:00,1m
2024-08-20 11:26:00-04:00,2024-08-20 11:28:00-04:00,long,am,fvg,19730.3,19719.22857142857,19752.442857142854,19719.22857142857,loss,-1.1806451612903395,2024-08-20 10:30:00-04:00,2024-08-20 11:21:00-04:00,19734.8,19737.5,19734.4,2024-08-20 11:25:00-04:00,1m
2024-08-26 08:55:00-04:00,2024-08-26 09:31:00-04:00,long,am,fvg,19711.0,19685.142857142855,19762.71428571429,19685.142857142855,loss,-1.0773480662983363,2024-08-26 08:00:00-04:00,2024-08-26 08:17:00-04:00,19701.0,19711.0,19708.6,2024-08-26 08:54:00-04:00,1m
2024-08-27 08:26:00-04:00,2024-08-27 08:38:00-04:00,long,am,fvg,19494.3,19486.73214285714,19509.435714285715,19486.73214285714,loss,-1.2642756016988854,2024-08-27 07:15:00-04:00,2024-08-27 07:31:00-04:00,19500.1,19498.3,19496.1,2024-08-27 08:25:00-04:00,1m
2024-08-27 09:50:00-04:00,2024-08-27 10:25:00-04:00,long,am,fvg,19434.9,19372.057142857142,19560.58571428572,19560.58571428572,win,1.968174585132986,2024-08-27 08:30:00-04:00,2024-08-27 09:34:00-04:00,19495.6,19434.9,19418.7,2024-08-27 09:49:00-04:00,1m
2024-08-28 09:24:00-04:00,2024-08-28 09:39:00-04:00,long,am,fvg,19560.2,19536.46785714286,19607.664285714283,19536.46785714286,loss,-1.0842738901429703,2024-08-28 08:15:00-04:00,2024-08-28 08:27:00-04:00,19554.3,19561.9,19557.7,2024-08-28 09:22:00-04:00,1m
2024-08-28 10:56:00-04:00,2024-08-28 11:00:00-04:00,long,am,fvg,19427.2,19390.585714285713,19500.428571428576,19390.585714285713,loss,-1.05462348809988,2024-08-28 10:15:00-04:00,2024-08-28 10:26:00-04:00,19475.4,19428.7,19422.1,2024-08-28 10:55:00-04:00,1m
2024-08-29 08:00:00-04:00,2024-08-29 08:30:00-04:00,short,am,fvg,19415.0,19433.178571428572,19378.642857142855,19433.178571428572,loss,-1.1100196463654162,2024-08-29 06:15:00-04:00,2024-08-29 06:35:00-04:00,19452.7,19424.0,19415.0,2024-08-29 07:56:00-04:00,1m
2024-08-30 10:46:00-04:00,2024-08-30 11:31:00-04:00,short,am,fvg,19504.6,19561.703571428574,19390.392857142848,19390.392857142848,win,1.9649759209456525,2024-08-30 10:15:00-04:00,2024-08-30 10:26:00-04:00,19549.7,19537.5,19504.6,2024-08-30 10:45:00-04:00,1m
2024-09-06 09:43:00-04:00,2024-09-06 10:31:00-04:00,short,am,fvg,18817.2,18928.803571428572,18593.992857142857,18593.992857142857,win,1.9820794265416495,2024-09-06 09:30:00-04:00,2024-09-06 09:33:00-04:00,18922.1,18844.9,18810.0,2024-09-06 09:38:00-04:00,1m
2024-09-10 09:51:00-04:00,2024-09-10 09:55:00-04:00,short,am,fvg,18733.5,18764.31428571429,18671.871428571423,18764.31428571429,loss,-1.064904960593411,2024-09-10 09:30:00-04:00,2024-09-10 09:37:00-04:00,18745.7,18739.2,18730.1,2024-09-10 09:50:00-04:00,1m
2024-09-10 10:34:00-04:00,2024-09-10 11:58:00-04:00,short,am,fvg,18727.3,18777.210714285713,18627.47857142857,18627.47857142857,win,1.9599284436493734,2024-09-10 09:45:00-04:00,2024-09-10 10:14:00-04:00,18755.4,18736.8,18727.3,2024-09-10 10:33:00-04:00,1m
2024-09-11 08:44:00-04:00,2024-09-11 08:54:00-04:00,short,am,fvg,18764.9,18813.76785714286,18667.164285714287,18813.76785714286,loss,-1.0409266973616895,2024-09-11 08:30:00-04:00,2024-09-11 08:31:00-04:00,18822.3,18777.4,18764.9,2024-09-11 08:41:00-04:00,1m
2024-09-11 10:22:00-04:00,2024-09-11 12:03:00-04:00,short,am,fvg,18663.0,18806.850000000002,18375.299999999996,18806.850000000002,loss,-1.013903371567605,2024-09-11 09:30:00-04:00,2024-09-11 09:47:00-04:00,18889.4,18674.0,18659.7,2024-09-11 10:16:00-04:00,1m
2024-09-13 10:19:00-04:00,2024-09-13 10:29:00-04:00,long,am,fvg,19477.9,19447.007142857143,19539.68571428572,19447.007142857143,loss,-1.0647398843930602,2024-09-13 09:45:00-04:00,2024-09-13 10:07:00-04:00,19391.7,19477.9,19472.3,2024-09-13 10:16:00-04:00,1m
2024-09-16 10:16:00-04:00,2024-09-16 10:20:00-04:00,long,am,fvg,19443.7,19404.085714285717,19522.92857142857,19404.085714285717,loss,-1.0504868373602618,2024-09-16 09:30:00-04:00,2024-09-16 09:57:00-04:00,19418.5,19444.1,19433.9,2024-09-16 10:14:00-04:00,1m
2024-09-16 11:20:00-04:00,2024-09-16 13:20:00-04:00,long,am,fvg,19372.8,19289.217857142856,19539.964285714286,19362.5,expired,-0.147160620433268,2024-09-16 10:45:00-04:00,2024-09-16 11:13:00-04:00,19321.9,19372.8,19368.0,2024-09-16 11:18:00-04:00,1m
2024-09-17 11:04:00-04:00,2024-09-17 11:15:00-04:00,long,am,fvg,19523.1,19501.332142857143,19566.63571428571,19566.63571428571,win,1.9081214109926081,2024-09-17 10:00:00-04:00,2024-09-17 10:46:00-04:00,19493.8,19542.2,19532.3,2024-09-17 11:03:00-04:00,1m
2024-09-18 11:30:00-04:00,2024-09-18 11:39:00-04:00,long,am,fvg,19409.1,19395.035714285714,19437.228571428568,19395.035714285714,loss,-1.1422041645505427,2024-09-18 10:15:00-04:00,2024-09-18 10:44:00-04:00,19434.1,19414.7,19410.0,2024-09-18 11:28:00-04:00,1m
2024-09-20 08:00:00-04:00,2024-09-20 08:09:00-04:00,long,am,fvg,19791.1,19777.48571428571,19818.328571428574,19818.328571428574,win,1.853095487932865,2024-09-20 06:15:00-04:00,2024-09-20 07:43:00-04:00,19784.3,19791.1,19789.9,2024-09-20 07:58:00-04:00,1m
2024-10-03 09:04:00-04:00,2024-10-03 09:33:00-04:00,short,am,fvg,19736.0,19760.460714285717,19687.078571428567,19760.460714285717,loss,-1.0817637611330042,2024-10-03 08:30:00-04:00,2024-10-03 08:36:00-04:00,19792.2,19737.6,19734.2,2024-10-03 09:00:00-04:00,1m
2024-10-03 10:15:00-04:00,2024-10-03 12:15:00-04:00,short,am,fvg,19840.1,19935.989285714288,19648.32142857142,19845.2,expired,-0.0740437260233357,2024-10-03 08:45:00-04:00,2024-10-03 08:59:00-04:00,19792.9,19891.0,19840.1,2024-10-03 10:14:00-04:00,1m
2024-10-04 08:00:00-04:00,2024-10-04 08:07:00-04:00,short,am,fvg,19879.2,19885.64285714286,19866.314285714285,19866.314285714285,win,1.689578713968998,2024-10-04 06:45:00-04:00,2024-10-04 06:50:00-04:00,19885.7,19883.4,19879.2,2024-10-04 07:44:00-04:00,1m
2024-10-04 09:52:00-04:00,2024-10-04 09:56:00-04:00,short,am,fvg,20011.7,20041.77142857143,19951.557142857146,19951.557142857146,win,1.9334916864608054,2024-10-04 09:30:00-04:00,2024-10-04 09:35:00-04:00,20070.7,20016.6,20011.7,2024-10-04 09:51:00-04:00,1m
2024-10-10 10:12:00-04:00,2024-10-10 12:12:00-04:00,long,am,fvg,20232.9,20177.27142857143,20344.157142857148,20327.1,expired,1.657421674370722,2024-10-10 10:00:00-04:00,2024-10-10 10:06:00-04:00,20153.5,20232.9,20218.1,2024-10-10 10:11:00-04:00,1m
2024-10-16 10:53:00-04:00,2024-10-16 12:53:00-04:00,long,am,fvg,20133.4,20086.614285714284,20226.971428571436,20157.6,expired,0.47450381679379927,2024-10-16 10:15:00-04:00,2024-10-16 10:23:00-04:00,20063.7,20136.6,20130.8,2024-10-16 10:51:00-04:00,1m
2024-10-21 08:11:00-04:00,2024-10-21 08:22:00-04:00,long,am,fvg,20230.7,20221.046428571426,20250.00714285715,20250.00714285715,win,1.792822789493225,2024-10-21 07:45:00-04:00,2024-10-21 08:07:00-04:00,20209.6,20230.7,20228.1,2024-10-21 08:10:00-04:00,1m
2024-10-22 09:44:00-04:00,2024-10-22 10:08:00-04:00,long,am,fvg,20308.8,20271.89642857143,20382.60714285714,20382.60714285714,win,1.9458047033775276,2024-10-22 09:00:00-04:00,2024-10-22 09:23:00-04:00,20231.4,20315.2,20297.8,2024-10-22 09:43:00-04:00,1m
2024-10-23 08:00:00-04:00,2024-10-23 08:16:00-04:00,long,am,fvg,20331.7,20325.803571428572,20343.492857142857,20343.492857142857,win,1.6608116293155484,2024-10-23 06:15:00-04:00,2024-10-23 07:09:00-04:00,20341.4,20343.4,20339.2,2024-10-23 07:48:00-04:00,1m
2024-10-24 10:18:00-04:00,2024-10-24 10:27:00-04:00,long,am,fvg,20212.9,20185.178571428572,20268.34285714286,20185.178571428572,loss,-1.0721463540324647,2024-10-24 10:00:00-04:00,2024-10-24 10:03:00-04:00,20183.2,20213.8,20207.1,2024-10-24 10:11:00-04:00,1m
2024-10-28 10:02:00-04:00,2024-10-28 12:01:00-04:00,long,am,fvg,20446.1,20403.42857142857,20531.442857142858,20403.42857142857,loss,-1.0468697689989943,2024-10-28 08:15:00-04:00,2024-10-28 08:38:00-04:00,20488.4,20446.1,20442.8,2024-10-28 10:01:00-04:00,1m
2024-10-29 09:10:00-04:00,2024-10-29 09:31:00-04:00,long,am,fvg,20384.2,20367.535714285714,20417.528571428575,20367.535714285714,loss,-1.1200171453064633,2024-10-29 08:15:00-04:00,2024-10-29 08:54:00-04:00,20366.7,20388.2,20386.8,2024-10-29 09:09:00-04:00,1m
2024-10-30 10:29:00-04:00,2024-10-30 10:48:00-04:00,long,am,fvg,20576.2,20553.27142857143,20622.057142857146,20553.27142857143,loss,-1.087227414330214,2024-10-30 09:00:00-04:00,2024-10-30 10:20:00-04:00,20574.0,20576.2,20570.6,2024-10-30 10:28:00-04:00,1m
2024-11-05 08:14:00-05:00,2024-11-05 08:30:00-05:00,short,am,fvg,20041.4,20061.210714285713,20001.77857142858,20061.210714285713,loss,-1.1009554714260097,2024-11-05 07:00:00-05:00,2024-11-05 07:21:00-05:00,20070.3,20044.3,20041.4,2024-11-05 08:13:00-05:00,1m
2024-11-05 11:12:00-05:00,2024-11-05 11:22:00-05:00,short,am,fvg,20191.6,20208.09285714286,20158.614285714277,20208.09285714286,loss,-1.121264616717166,2024-11-05 10:30:00-05:00,2024-11-05 10:56:00-05:00,20213.8,20194.2,20191.6,2024-11-05 11:11:00-05:00,1m
2024-11-11 08:00:00-05:00,2024-11-11 08:02:00-05:00,long,am,fvg,21241.9,21235.714285714286,21254.271428571432,21254.271428571432,win,1.6766743648961229,2024-11-11 06:15:00-05:00,2024-11-11 06:31:00-05:00,21185.5,21242.8,21242.1,2024-11-11 07:47:00-05:00,1m
2024-11-11 11:05:00-05:00,2024-11-11 11:42:00-05:00,long,am,fvg,21128.7,21108.27857142857,21169.54285714286,21108.27857142857,loss,-1.0979363413780987,2024-11-11 10:15:00-05:00,2024-11-11 10:36:00-05:00,21077.3,21128.7,21123.0,2024-11-11 10:53:00-05:00,1m
2024-11-13 08:00:00-05:00,2024-11-13 08:03:00-05:00,long,am,fvg,21048.9,21043.31428571429,21060.071428571428,21043.31428571429,loss,-1.3580562659847346,2024-11-13 07:15:00-05:00,2024-11-13 07:21:00-05:00,21034.5,21048.9,21045.5,2024-11-13 07:52:00-05:00,1m
2024-11-14 09:36:00-05:00,2024-11-14 09:41:00-05:00,long,am,fvg,21077.8,21033.217857142856,21166.964285714286,21033.217857142856,loss,-1.0448610109749252,2024-11-14 08:45:00-05:00,2024-11-14 09:31:00-05:00,21070.8,21077.8,21073.3,2024-11-14 09:35:00-05:00,1m
2024-11-14 11:02:00-05:00,2024-11-14 12:15:00-05:00,long,am,fvg,21023.1,20998.65,21071.999999999993,20998.65,loss,-1.0817995910020548,2024-11-14 10:30:00-05:00,2024-11-14 10:44:00-05:00,20986.1,21023.1,21018.4,2024-11-14 11:01:00-05:00,1m
2024-11-21 08:10:00-05:00,2024-11-21 08:13:00-05:00,short,am,fvg,20705.8,20715.746428571427,20685.907142857144,20715.746428571427,loss,-1.201077199281888,2024-11-21 07:45:00-05:00,2024-11-21 07:54:00-05:00,20741.2,20704.8,20702.8,2024-11-21 08:09:00-05:00,1m
2024-11-22 10:30:00-05:00,2024-11-22 10:39:00-05:00,short,am,fvg,20695.8,20740.760714285712,20605.878571428573,20740.760714285712,loss,-1.0444832790531429,2024-11-22 10:00:00-05:00,2024-11-22 10:10:00-05:00,20792.9,20698.4,20685.7,2024-11-22 10:29:00-05:00,1m
2024-11-25 11:49:00-05:00,2024-11-25 12:02:00-05:00,long,am,fvg,20843.9,20829.196428571428,20873.30714285715,20829.196428571428,loss,-1.1360213747874435,2024-11-25 10:00:00-05:00,2024-11-25 11:23:00-05:00,20887.5,20847.2,20843.2,2024-11-25 11:47:00-05:00,1m
2024-11-29 10:01:00-05:00,2024-11-29 12:01:00-05:00,long,am,fvg,20868.2,20799.742857142857,21005.114285714288,20932.8,expired,0.9144407345575664,2024-11-29 09:45:00-05:00,2024-11-29 09:47:00-05:00,20765.3,20868.2,20861.8,2024-11-29 10:00:00-05:00,1m
2024-12-03 10:03:00-05:00,2024-12-03 10:20:00-05:00,long,am,fvg,21170.0,21144.532142857144,21220.93571428571,21144.532142857144,loss,-1.0785303603982652,2024-12-03 09:45:00-05:00,2024-12-03 09:46:00-05:00,21108.0,21171.5,21167.0,2024-12-03 10:01:00-05:00,1m
2024-12-05 11:52:00-05:00,2024-12-05 12:09:00-05:00,long,am,fvg,21490.0,21482.235714285714,21505.52857142857,21505.52857142857,win,1.7424103035878495,2024-12-05 11:00:00-05:00,2024-12-05 11:17:00-05:00,21464.9,21491.2,21488.8,2024-12-05 11:51:00-05:00,1m
2024-12-09 08:01:00-05:00,2024-12-09 09:30:00-05:00,long,am,fvg,21592.2,21582.335714285713,21611.928571428576,21582.335714285713,loss,-1.2027516292541232,2024-12-09 06:15:00-05:00,2024-12-09 07:35:00-05:00,21588.0,21592.4,21590.3,2024-12-09 07:53:00-05:00,1m
2024-12-09 10:32:00-05:00,2024-12-09 10:37:00-05:00,long,am,fvg,21538.2,21513.45357142857,21587.69285714286,21513.45357142857,loss,-1.0808197431086675,2024-12-09 09:45:00-05:00,2024-12-09 09:50:00-05:00,21563.7,21538.2,21533.8,2024-12-09 10:31:00-05:00,1m
2024-12-12 08:40:00-05:00,2024-12-12 10:10:00-05:00,long,am,fvg,21649.6,21625.053571428572,21698.69285714285,21625.053571428572,loss,-1.0814782482176717,2024-12-12 08:15:00-05:00,2024-12-12 08:23:00-05:00,21676.3,21651.8,21648.3,2024-12-12 08:39:00-05:00,1m
2024-12-12 10:39:00-05:00,2024-12-12 11:46:00-05:00,long,am,fvg,21698.1,21665.707142857143,21762.88571428571,21665.707142857143,loss,-1.061742006615219,2024-12-12 10:15:00-05:00,2024-12-12 10:24:00-05:00,21631.4,21698.1,21692.5,2024-12-12 10:38:00-05:00,1m
2024-12-17 09:46:00-05:00,2024-12-17 10:01:00-05:00,long,am,fvg,22121.8,22047.860714285714,22269.67857142857,22047.860714285714,loss,-1.0270492199198187,2024-12-17 08:45:00-05:00,2024-12-17 09:04:00-05:00,22105.6,22127.0,22115.3,2024-12-17 09:45:00-05:00,1m
2024-12-17 11:11:00-05:00,2024-12-17 13:11:00-05:00,long,am,fvg,22122.6,22055.439285714285,22256.921428571426,22123.1,expired,-0.022334485509173264,2024-12-17 09:45:00-05:00,2024-12-17 10:51:00-05:00,22105.3,22122.6,22114.7,2024-12-17 11:10:00-05:00,1m
2024-12-18 10:12:00-05:00,2024-12-18 10:48:00-05:00,long,am,fvg,22081.9,22058.449999999997,22128.80000000001,22128.80000000001,win,1.9147121535181395,2024-12-18 09:45:00-05:00,2024-12-18 10:06:00-05:00,22052.4,22081.9,22076.3,2024-12-18 10:11:00-05:00,1m
2024-12-20 10:11:00-05:00,2024-12-20 10:15:00-05:00,short,am,fvg,21085.5,21142.953571428574,20970.592857142852,21142.953571428574,loss,-1.0348107167277911,2024-12-20 09:30:00-05:00,2024-12-20 09:51:00-05:00,21025.8,21077.4,21064.4,2024-12-20 10:10:00-05:00,1m
2024-12-27 09:49:00-05:00,2024-12-27 10:00:00-05:00,long,am,fvg,21533.5,21468.85,21662.800000000003,21468.85,loss,-1.0309358081979885,2024-12-27 08:45:00-05:00,2024-12-27 08:55:00-05:00,21703.1,21533.5,21524.4,2024-12-27 09:48:00-05:00,1m
2024-12-27 11:41:00-05:00,2024-12-27 11:52:00-05:00,long,am,fvg,21420.6,21336.53214285714,21588.735714285714,21336.53214285714,loss,-1.0237903054505286,2024-12-27 10:45:00-05:00,2024-12-27 10:52:00-05:00,21318.3,21425.9,21419.3,2024-12-27 11:30:00-05:00,1m
2024-12-31 08:50:00-05:00,2024-12-31 09:37:00-05:00,short,am,fvg,21288.0,21317.785714285714,21228.428571428572,21228.428571428572,win,1.9328537170263778,2024-12-31 07:15:00-05:00,2024-12-31 07:48:00-05:00,21334.2,21293.4,21288.0,2024-12-31 08:49:00-05:00,1m
2025-01-03 11:16:00-05:00,2025-01-03 11:27:00-05:00,short,am,fvg,21194.3,21242.810714285715,21097.278571428567,21242.810714285715,loss,-1.0412280055952279,2025-01-03 10:15:00-05:00,2025-01-03 10:21:00-05:00,21255.3,21201.8,21193.3,2025-01-03 11:07:00-05:00,1m
2025-01-06 09:11:00-05:00,2025-01-06 09:15:00-05:00,short,am,fvg,21573.3,21586.632142857143,21546.635714285712,21546.635714285712,win,1.8499866059469665,2025-01-06 08:00:00-05:00,2025-01-06 08:42:00-05:00,21572.3,21576.5,21573.3,2025-01-06 09:04:00-05:00,1m
2025-01-06 11:57:00-05:00,2025-01-06 12:15:00-05:00,short,am,fvg,21686.3,21698.660714285714,21661.57857142857,21661.57857142857,win,1.8381970528748943,2025-01-06 11:15:00-05:00,2025-01-06 11:48:00-05:00,21719.0,21689.6,21686.3,2025-01-06 11:56:00-05:00,1m
2025-01-07 11:41:00-05:00,2025-01-07 11:51:00-05:00,long,am,fvg,21348.5,21293.975,21457.550000000003,21293.975,loss,-1.03668042182485,2025-01-07 11:00:00-05:00,2025-01-07 11:29:00-05:00,21252.1,21365.0,21349.1,2025-01-07 11:40:00-05:00,1m
2025-01-10 08:00:00-05:00,2025-01-10 08:11:00-05:00,short,am,fvg,21156.5,21163.585714285713,21142.328571428574,21142.328571428574,win,1.7177419354838213,2025-01-10 06:00:00-05:00,2025-01-10 06:53:00-05:00,21156.0,21150.9,21148.7,2025-01-10 07:44:00-05:00,1m
2025-01-14 10:01:00-05:00,2025-01-14 10:06:00-05:00,short,am,fvg,20847.8,20897.664285714287,20748.071428571424,20897.664285714287,loss,-1.0401088669245078,2025-01-14 09:45:00-05:00,2025-01-14 09:54:00-05:00,20983.0,20859.9,20847.8,2025-01-14 09:58:00-05:00,1m
2025-01-15 08:00:00-05:00,2025-01-15 08:30:00-05:00,short,am,fvg,20855.4,20871.282142857144,20823.635714285716,20871.282142857144,loss,-1.1259275916348108,2025-01-15 07:15:00-05:00,2025-01-15 07:24:00-05:00,20871.4,20851.7,20848.2,2025-01-15 07:56:00-05:00,1m
2025-01-15 09:39:00-05:00,2025-01-15 09:43:00-05:00,short,am,fvg,21109.0,21153.62857142857,21019.74285714286,21153.62857142857,loss,-1.0448143405889903,2025-01-15 09:00:00-05:00,2025-01-15 09:22:00-05:00,21169.5,21089.5,21084.7,2025-01-15 09:38:00-05:00,1m
2025-01-15 11:10:00-05:00,2025-01-15 13:10:00-05:00,short,am,fvg,21191.4,21236.046428571426,21102.107142857152,21203.2,expired,-0.30909527237822076,2025-01-15 10:00:00-05:00,2025-01-15 10:59:00-05:00,21185.7,21195.1,21191.4,2025-01-15 11:09:00-05:00,1m
2025-01-20 08:55:00-05:00,2025-01-20 09:32:00-05:00,long,am,fvg,21537.9,21506.214285714283,21601.27142857144,21601.27142857144,win,1.9368800721370696,2025-01-20 08:15:00-05:00,2025-01-20 08:32:00-05:00,21438.0,21538.8,21534.9,2025-01-20 08:54:00-05:00,1m
2025-01-23 11:16:00-05:00,2025-01-23 13:16:00-05:00,long,am,fvg,21803.0,21764.589285714283,21879.821428571435,21830.7,expired,0.6690841469083794,2025-01-23 09:45:00-05:00,2025-01-23 10:34:00-05:00,21745.4,21807.5,21800.5,2025-01-23 11:14:00-05:00,1m
2025-01-31 09:49:00-05:00,2025-01-31 10:02:00-05:00,long,am,fvg,21713.8,21671.582142857143,21798.23571428571,21798.23571428571,win,1.9526266813298352,2025-01-31 09:30:00-05:00,2025-01-31 09:32:00-05:00,21649.0,21717.6,21711.1,2025-01-31 09:48:00-05:00,1m
2025-02-03 10:04:00-05:00,2025-02-03 10:24:00-05:00,short,am,fvg,21069.6,21167.775,20873.249999999993,21167.775,loss,-1.0203717850776668,2025-02-03 09:45:00-05:00,2025-02-03 10:02:00-05:00,21172.2,21071.4,21064.6,2025-02-03 10:03:00-05:00,1m
2025-02-04 08:51:00-05:00,2025-02-04 09:30:00-05:00,short,am,fvg,21340.1,21352.37857142857,21315.542857142857,21315.542857142857,win,1.8371146015125017,2025-02-04 07:15:00-05:00,2025-02-04 08:43:00-05:00,21328.9,21343.9,21338.9,2025-02-04 08:48:00-05:00,1m
2025-02-05 10:18:00-05:00,2025-02-05 10:29:00-05:00,short,am,fvg,21433.3,21476.657142857144,21346.58571428571,21476.657142857144,loss,-1.046128500823721,2025-02-05 10:00:00-05:00,2025-02-05 10:04:00-05:00,21493.4,21447.8,21433.3,2025-02-05 10:17:00-05:00,1m
2025-02-06 08:04:00-05:00,2025-02-06 08:43:00-05:00,long,am,fvg,21676.5,21657.60357142857,21714.292857142857,21657.60357142857,loss,-1.1058401058401075,2025-02-06 07:15:00-05:00,2025-02-06 07:24:00-05:00,21625.0,21678.1,21674.0,2025-02-06 08:03:00-05:00,1m
2025-02-07 10:20:00-05:00,2025-02-07 10:53:00-05:00,long,am,fvg,21635.6,21596.146428571432,21714.507142857132,21596.146428571432,loss,-1.0506924957001962,2025-02-07 08:45:00-05:00,2025-02-07 09:31:00-05:00,21743.1,21639.6,21627.5,2025-02-07 10:19:00-05:00,1m
2025-02-12 10:23:00-05:00,2025-02-12 12:23:00-05:00,long,am,fvg,21608.9,21490.26785714286,21846.164285714287,21708.0,expired,0.8184965529698532,2025-02-12 09:15:00-05:00,2025-02-12 09:35:00-05:00,21434.4,21608.9,21600.4,2025-02-12 10:22:00-05:00,1m
2025-02-14 08:00:00-05:00,2025-02-14 09:27:00-05:00,long,am,fvg,22004.9,21987.625,22039.450000000004,22039.450000000004,win,1.8842257597684613,2025-02-14 07:00:00-05:00,2025-02-14 07:13:00-05:00,21977.0,22004.9,22003.7,2025-02-14 07:59:00-05:00,1m
2025-02-19 09:30:00-05:00,2025-02-19 09:31:00-05:00,long,am,fvg,22131.4,22120.753571428573,22152.692857142858,22120.753571428573,loss,-1.1878564240187912,2025-02-19 08:30:00-05:00,2025-02-19 09:06:00-05:00,22133.0,22134.0,22132.2,2025-02-19 09:28:00-05:00,1m
2025-02-19 11:04:00-05:00,2025-02-19 13:04:00-05:00,long,am,fvg,22126.1,22079.617857142857,22219.06428571428,22171.3,expired,0.9293891663465701,2025-02-19 09:45:00-05:00,2025-02-19 10:47:00-05:00,22116.9,22129.0,22125.6,2025-02-19 11:03:00-05:00,1m
2025-02-25 09:27:00-05:00,2025-02-25 09:45:00-05:00,short,am,fvg,21325.0,21357.935714285715,21259.12857142857,21259.12857142857,win,1.9392756451962716,2025-02-25 08:45:00-05:00,2025-02-25 08:48:00-05:00,21399.5,21338.4,21325.0,2025-02-25 09:26:00-05:00,1m
2025-02-26 09:44:00-05:00,2025-02-26 09:52:00-05:00,short,am,fvg,21186.6,21241.77142857143,21076.25714285714,21241.77142857143,loss,-1.0362506473329873,2025-02-26 08:45:00-05:00,2025-02-26 08:51:00-05:00,21281.9,21193.6,21185.7,2025-02-26 09:43:00-05:00,1m
2025-02-27 08:06:00-05:00,2025-02-27 08:12:00-05:00,short,am,fvg,21311.9,21318.050000000003,21299.6,21318.050000000003,loss,-1.3252032520324435,2025-02-27 07:30:00-05:00,2025-02-27 07:53:00-05:00,21319.4,21308.7,21304.9,2025-02-27 08:05:00-05:00,1m
2025-02-28 11:31:00-05:00,2025-02-28 11:40:00-05:00,short,am,fvg,20609.1,20683.69642857143,20459.907142857133,20683.69642857143,loss,-1.0268109350313577,2025-02-28 10:45:00-05:00,2025-02-28 11:17:00-05:00,20715.1,20610.9,20601.5,2025-02-28 11:29:00-05:00,1m
2025-03-03 08:32:00-05:00,2025-03-03 09:04:00-05:00,short,am,fvg,21029.2,21048.72857142857,20990.14285714286,21048.72857142857,loss,-1.1024140453547937,2025-03-03 07:30:00-05:00,2025-03-03 08:11:00-05:00,21061.8,21034.9,21026.2,2025-03-03 08:31:00-05:00,1m
2025-03-03 09:51:00-05:00,2025-03-03 09:58:00-05:00,short,am,fvg,20922.8,20989.939285714285,20788.52142857143,20788.52142857143,win,1.9702111814458214,2025-03-03 09:45:00-05:00,2025-03-03 09:46:00-05:00,21064.3,20942.6,20922.8,2025-03-03 09:50:00-05:00,1m
2025-03-07 09:58:00-05:00,2025-03-07 10:31:00-05:00,short,am,fvg,20152.0,20227.839285714283,20000.321428571435,20000.321428571435,win,1.973628443607251,2025-03-07 08:45:00-05:00,2025-03-07 09:14:00-05:00,20197.3,20180.7,20152.0,2025-03-07 09:57:00-05:00,1m
2025-03-11 08:43:00-04:00,2025-03-11 08:54:00-04:00,short,am,fvg,19462.2,19481.257142857143,19424.085714285717,19424.085714285717,win,1.8950524737631138,2025-03-11 08:15:00-04:00,2025-03-11 08:16:00-04:00,19562.0,19466.0,19462.2,2025-03-11 08:42:00-04:00,1m
2025-03-11 10:29:00-04:00,2025-03-11 11:12:00-04:00,short,am,fvg,19317.8,19477.19642857143,18999.007142857135,19477.19642857143,loss,-1.0125473325715308,2025-03-11 10:00:00-04:00,2025-03-11 10:05:00-04:00,19563.4,19327.9,19317.8,2025-03-11 10:28:00-04:00,1m
2025-03-11 11:48:00-04:00,2025-03-11 12:07:00-04:00,short,am,fvg,19479.3,19539.628571428573,19358.64285714285,19358.64285714285,win,1.9668482121714435,2025-03-11 10:15:00-04:00,2025-03-11 10:28:00-04:00,19579.5,19494.7,19477.8,2025-03-11 11:46:00-04:00,1m
2025-03-12 08:23:00-04:00,2025-03-12 08:28:00-04:00,short,am,fvg,19582.1,19592.867857142857,19560.56428571428,19560.56428571428,win,1.814262023217274,2025-03-12 07:45:00-04:00,2025-03-12 08:01:00-04:00,19583.2,19581.4,19578.6,2025-03-12 08:21:00-04:00,1m
2025-03-13 08:00:00-04:00,2025-03-13 08:08:00-04:00,short,am,fvg,19521.0,19542.73214285714,19477.535714285717,19477.535714285717,win,1.9079704190632638,2025-03-13 06:30:00-04:00,2025-03-13 06:52:00-04:00,19609.0,19527.8,19521.0,2025-03-13 07:59:00-04:00,1m
2025-03-14 10:02:00-04:00,2025-03-14 11:00:00-04:00,short,am,fvg,19487.1,19609.567857142858,19242.16428571428,19609.567857142858,loss,-1.0163308156659179,2025-03-14 08:45:00-04:00,2025-03-14 09:15:00-04:00,19507.9,19525.5,19487.1,2025-03-14 10:00:00-04:00,1m
2025-03-17 08:09:00-04:00,2025-03-17 08:33:00-04:00,short,am,fvg,19673.1,19699.839285714283,19619.62142857143,19699.839285714283,loss,-1.0747963136102625,2025-03-17 07:30:00-04:00,2025-03-17 07:50:00-04:00,19703.0,19678.2,19673.1,2025-03-17 08:04:00-04:00,1m
2025-03-19 09:44:00-04:00,2025-03-19 09:47:00-04:00,short,am,fvg,19520.2,19588.32857142857,19383.94285714286,19588.32857142857,loss,-1.029356259173832,2025-03-19 09:30:00-04:00,2025-03-19 09:42:00-04:00,19583.6,19539.2,19519.3,2025-03-19 09:43:00-04:00,1m
2025-03-19 10:57:00-04:00,2025-03-19 11:07:00-04:00,short,am,fvg,19606.0,19635.57857142857,19546.84285714286,19635.57857142857,loss,-1.0676165177493386,2025-03-19 09:45:00-04:00,2025-03-19 09:46:00-04:00,19586.1,19614.6,19606.0,2025-03-19 10:53:00-04:00,1m
2025-03-24 08:48:00-04:00,2025-03-24 09:02:00-04:00,short,am,fvg,20075.0,20085.5,20054.0,20085.5,loss,-1.1904761904761905,2025-03-24 07:30:00-04:00,2025-03-24 08:18:00-04:00,20055.0,20078.0,20074.7,2025-03-24 08:47:00-04:00,1m
2025-03-26 11:34:00-04:00,2025-03-26 11:44:00-04:00,long,am,fvg,20093.0,20063.75357142857,20151.49285714286,20063.75357142857,loss,-1.0683844181218665,2025-03-26 10:15:00-04:00,2025-03-26 11:11:00-04:00,20118.7,20098.0,20088.5,2025-03-26 11:31:00-04:00,1m
2025-03-28 09:46:00-04:00,2025-03-28 10:00:00-04:00,long,am,fvg,19691.2,19641.850000000002,19789.899999999998,19641.850000000002,loss,-1.0405268490374886,2025-03-28 09:15:00-04:00,2025-03-28 09:16:00-04:00,19670.1,19691.2,19686.5,2025-03-28 09:36:00-04:00,1m
2025-04-07 08:48:00-04:00,2025-04-07 08:49:00-04:00,short,am,fvg,16923.2,17026.735714285714,16716.128571428573,17026.735714285714,loss,-1.0193170058640912,2025-04-07 07:00:00-04:00,2025-04-07 07:36:00-04:00,17133.0,16949.9,16907.6,2025-04-07 08:46:00-04:00,1m
2025-04-08 08:50:00-04:00,2025-04-08 08:58:00-04:00,short,am,fvg,17812.6,17858.010714285712,17721.77857142857,17858.010714285712,loss,-1.0440424695241846,2025-04-08 08:15:00-04:00,2025-04-08 08:44:00-04:00,17884.1,17833.3,17812.6,2025-04-08 08:49:00-04:00,1m
2025-04-08 11:15:00-04:00,2025-04-08 12:36:00-04:00,short,am,fvg,17927.5,18060.807142857142,17660.885714285716,17660.885714285716,win,1.984997052992552,2025-04-08 10:30:00-04:00,2025-04-08 10:44:00-04:00,18191.9,17947.9,17927.5,2025-04-08 11:13:00-04:00,1m
2025-04-09 11:30:00-04:00,2025-04-09 11:33:00-04:00,short,am,fvg,17298.4,17340.382142857143,17214.43571428572,17214.43571428572,win,1.952360697575498,2025-04-09 10:15:00-04:00,2025-04-09 10:52:00-04:00,17417.0,17293.7,17283.2,2025-04-09 11:29:00-04:00,1m
2025-04-14 11:34:00-04:00,2025-04-14 11:38:00-04:00,long,am,fvg,18848.7,18789.10357142857,18967.89285714286,18789.10357142857,loss,-1.0335590579493017,2025-04-14 10:00:00-04:00,2025-04-14 10:51:00-04:00,18869.7,18848.7,18829.7,2025-04-14 11:32:00-04:00,1m
2025-04-17 08:05:00-04:00,2025-04-17 09:03:00-04:00,long,am,fvg,18434.6,18368.56071428571,18566.678571428572,18368.56071428571,loss,-1.0302850035152231,2025-04-17 06:45:00-04:00,2025-04-17 08:01:00-04:00,18398.5,18434.6,18421.4,2025-04-17 08:04:00-04:00,1m
2025-04-17 11:20:00-04:00,2025-04-17 11:27:00-04:00,long,am,fvg,18283.7,18252.192857142854,18346.714285714294,18252.192857142854,loss,-1.0634776694626997,2025-04-17 10:45:00-04:00,2025-04-17 11:07:00-04:00,18196.9,18290.8,18280.5,2025-04-17 11:18:00-04:00,1m
2025-04-22 10:20:00-04:00,2025-04-22 10:39:00-04:00,short,am,fvg,18168.8,18206.87857142857,18092.64285714286,18206.87857142857,loss,-1.052522978803228,2025-04-22 09:15:00-04:00,2025-04-22 09:31:00-04:00,18033.6,18174.3,18168.8,2025-04-22 10:14:00-04:00,1m
2025-04-23 08:00:00-04:00,2025-04-23 08:10:00-04:00,short,am,fvg,18769.1,18785.992857142857,18735.31428571428,18785.992857142857,loss,-1.1183932346722936,2025-04-23 07:15:00-04:00,2025-04-23 07:28:00-04:00,18823.5,18772.2,18767.6,2025-04-23 07:59:00-04:00,1m
2025-04-25 09:41:00-04:00,2025-04-25 09:52:00-04:00,long,am,fvg,19222.6,19141.860714285714,19384.078571428567,19141.860714285714,loss,-1.0247710886008763,2025-04-25 09:15:00-04:00,2025-04-25 09:28:00-04:00,19115.8,19225.4,19205.7,2025-04-25 09:35:00-04:00,1m
2025-04-29 10:10:00-04:00,2025-04-29 12:10:00-04:00,long,am,fvg,19472.7,19361.01785714286,19696.064285714285,19504.3,expired,0.2650378945348615,2025-04-29 09:00:00-04:00,2025-04-29 09:47:00-04:00,19351.3,19472.7,19449.9,2025-04-29 10:06:00-04:00,1m
2025-05-05 08:00:00-04:00,2025-05-05 09:01:00-04:00,long,am,fvg,19895.2,19878.664285714283,19928.271428571436,19928.271428571436,win,1.8790496760259408,2025-05-05 04:45:00-04:00,2025-05-05 07:02:00-04:00,19931.0,19895.2,19891.7,2025-05-05 07:46:00-04:00,1m
2025-05-05 09:12:00-04:00,2025-05-05 09:35:00-04:00,long,am,fvg,19917.0,19897.77142857143,19955.457142857143,19955.457142857143,win,1.8959881129271934,2025-05-05 08:00:00-04:00,2025-05-05 09:02:00-04:00,19881.8,19921.2,19909.0,2025-05-05 09:11:00-04:00,1m
2025-05-06 09:59:00-04:00,2025-05-06 10:02:00-04:00,long,am,fvg,19671.5,19652.02142857143,19710.457142857143,19710.457142857143,win,1.897323065639899,2025-05-06 08:45:00-04:00,2025-05-06 09:40:00-04:00,19720.6,19680.1,19675.3,2025-05-06 09:57:00-04:00,1m
2025-05-07 09:18:00-04:00,2025-05-07 09:30:00-04:00,long,am,fvg,19815.0,19791.024999999998,19862.950000000004,19791.024999999998,loss,-1.0834202294056232,2025-05-07 08:30:00-04:00,2025-05-07 08:52:00-04:00,19836.5,19815.0,19811.0,2025-05-07 09:16:00-04:00,1m
2025-05-08 11:29:00-04:00,2025-05-08 13:29:00-04:00,long,am,fvg,20079.7,19970.74642857143,20297.60714285714,20220.4,expired,1.273019307044305,2025-05-08 08:45:00-04:00,2025-05-08 11:18:00-04:00,20073.7,20079.7,20074.1,2025-05-08 11:26:00-04:00,1m
2025-05-09 09:57:00-04:00,2025-05-09 10:20:00-04:00,long,am,fvg,20148.2,20118.764285714286,20207.07142857143,20118.764285714286,loss,-1.0679446736229048,2025-05-09 07:30:00-04:00,2025-05-09 08:40:00-04:00,20087.2,20148.2,20143.2,2025-05-09 09:55:00-04:00,1m
2025-05-16 10:56:00-04:00,2025-05-16 12:15:00-04:00,long,am,fvg,21317.3,21292.821428571428,21366.257142857143,21366.257142857143,win,1.918295885614241,2025-05-16 10:15:00-04:00,2025-05-16 10:19:00-04:00,21312.0,21317.3,21310.7,2025-05-16 10:55:00-04:00,1m
2025-05-20 10:46:00-04:00,2025-05-20 10:51:00-04:00,long,am,fvg,21373.6,21359.796428571426,21401.207142857143,21359.796428571426,loss,-1.1448900388098209,2025-05-20 10:00:00-04:00,2025-05-20 10:40:00-04:00,21323.9,21373.6,21371.0,2025-05-20 10:45:00-04:00,1m
2025-05-22 08:50:00-04:00,2025-05-22 10:50:00-04:00,long,am,fvg,21090.6,20973.99642857143,21323.807142857135,21158.2,expired,0.5625899721278181,2025-05-22 07:45:00-04:00,2025-05-22 08:48:00-04:00,21106.3,21090.6,21080.5,2025-05-22 08:49:00-04:00,1m
2025-05-23 10:11:00-04:00,2025-05-23 12:11:00-04:00,long,am,fvg,20855.3,20779.5,21006.899999999998,20878.8,expired,0.2836411609498708,2025-05-23 08:30:00-04:00,2025-05-23 09:27:00-04:00,20684.6,20855.3,20844.3,2025-05-23 10:05:00-04:00,1m
2025-05-27 10:20:00-04:00,2025-05-27 12:20:00-04:00,long,am,fvg,21317.8,21292.117857142857,21369.164285714283,21369.164285714283,win,1.92212487832012,2025-05-27 09:00:00-04:00,2025-05-27 09:18:00-04:00,21209.3,21317.8,21306.3,2025-05-27 10:18:00-04:00,1m
2025-05-29 09:56:00-04:00,2025-05-29 10:05:00-04:00,long,am,fvg,21472.6,21429.360714285714,21559.078571428567,21429.360714285714,loss,-1.0462542330882978,2025-05-29 07:45:00-04:00,2025-05-29 09:24:00-04:00,21631.9,21477.7,21468.6,2025-05-29 09:52:00-04:00,1m
2025-05-29 11:37:00-04:00,2025-05-29 11:57:00-04:00,long,am,fvg,21401.8,21372.14642857143,21461.10714285714,21372.14642857143,loss,-1.0674455016259192,2025-05-29 10:30:00-04:00,2025-05-29 10:49:00-04:00,21350.0,21403.0,21396.7,2025-05-29 11:36:00-04:00,1m
2025-06-04 09:22:00-04:00,2025-06-04 09:36:00-04:00,long,am,fvg,21690.8,21668.1,21736.2,21736.2,win,1.9118942731277562,2025-06-04 08:30:00-04:00,2025-06-04 09:00:00-04:00,21643.6,21690.8,21682.1,2025-06-04 09:21:00-04:00,1m
2025-06-05 09:25:00-04:00,2025-06-05 09:30:00-04:00,long,am,fvg,21772.9,21755.417857142857,21807.86428571429,21807.86428571429,win,1.8855975485189105,2025-06-05 08:45:00-04:00,2025-06-05 08:50:00-04:00,21714.8,21772.9,21770.5,2025-06-05 09:19:00-04:00,1m
2025-06-05 10:40:00-04:00,2025-06-05 12:40:00-04:00,long,am,fvg,21741.1,21662.289285714287,21898.72142857142,21778.9,expired,0.4542529569040268,2025-06-05 10:00:00-04:00,2025-06-05 10:24:00-04:00,21681.7,21743.3,21726.1,2025-06-05 10:38:00-04:00,1m
2025-06-09 10:15:00-04:00,2025-06-09 12:15:00-04:00,long,am,fvg,21818.5,21770.617857142857,21914.264285714286,21803.5,expired,-0.3550384127694496,2025-06-09 09:45:00-04:00,2025-06-09 09:55:00-04:00,21735.9,21818.5,21812.2,2025-06-09 10:13:00-04:00,1m
2025-06-18 10:05:00-04:00,2025-06-18 12:05:00-04:00,long,am,fvg,21806.8,21762.14285714286,21896.11428571428,21838.8,expired,0.6717850287908214,2025-06-18 09:45:00-04:00,2025-06-18 09:53:00-04:00,21740.9,21810.8,21794.3,2025-06-18 10:04:00-04:00,1m
2025-06-19 09:25:00-04:00,2025-06-19 09:30:00-04:00,long,am,fvg,21569.6,21556.02857142857,21596.742857142854,21556.02857142857,loss,-1.147368421052643,2025-06-19 09:15:00-04:00,2025-06-19 09:17:00-04:00,21535.2,21569.6,21563.2,2025-06-19 09:24:00-04:00,1m
2025-06-20 10:13:00-04:00,2025-06-20 10:24:00-04:00,short,am,fvg,21792.8,21829.021428571432,21720.357142857134,21720.357142857134,win,1.9447840662591267,2025-06-20 09:15:00-04:00,2025-06-20 09:59:00-04:00,21831.5,21804.1,21792.8,2025-06-20 10:07:00-04:00,1m
2025-06-23 11:23:00-04:00,2025-06-23 11:41:00-04:00,short,am,fvg,21783.7,21809.417857142857,21732.26428571429,21732.26428571429,win,1.9222330231912195,2025-06-23 10:30:00-04:00,2025-06-23 10:57:00-04:00,21792.8,21791.9,21783.7,2025-06-23 11:22:00-04:00,1m
2025-06-23 11:51:00-04:00,2025-06-23 12:00:00-04:00,short,am,fvg,21761.2,21773.97142857143,21735.657142857144,21735.657142857144,win,1.8434004474272891,2025-06-23 11:00:00-04:00,2025-06-23 11:30:00-04:00,21811.1,21757.3,21754.1,2025-06-23 11:40:00-04:00,1m
2025-06-24 08:25:00-04:00,2025-06-24 08:30:00-04:00,long,am,fvg,22090.5,22071.885714285716,22127.728571428568,22071.885714285716,loss,-1.1074443591711531,2025-06-24 07:30:00-04:00,2025-06-24 07:32:00-04:00,22063.4,22090.5,22088.4,2025-06-24 08:24:00-04:00,1m
2025-06-26 10:06:00-04:00,2025-06-26 12:06:00-04:00,long,am,fvg,22349.7,22275.417857142857,22498.26428571429,22430.0,expired,1.0540891389008795,2025-06-26 08:45:00-04:00,2025-06-26 09:31:00-04:00,22330.5,22351.6,22344.9,2025-06-26 10:00:00-04:00,1m
2025-06-30 09:17:00-04:00,2025-06-30 09:30:00-04:00,long,am,fvg,22683.5,22673.575,22703.35,22673.575,loss,-1.2015113350126092,2025-06-30 09:00:00-04:00,2025-06-30 09:06:00-04:00,22665.2,22683.5,22681.5,2025-06-30 09:12:00-04:00,1m
2025-06-30 10:31:00-04:00,2025-06-30 11:15:00-04:00,long,am,fvg,22640.0,22613.442857142858,22693.114285714284,22613.442857142858,loss,-1.0753093060785393,2025-06-30 10:00:00-04:00,2025-06-30 10:12:00-04:00,22611.0,22641.1,22636.2,2025-06-30 10:30:00-04:00,1m
2025-07-01 08:01:00-04:00,2025-07-01 08:09:00-04:00,long,am,fvg,22633.6,22614.753571428573,22671.29285714285,22614.753571428573,loss,-1.1061209020276854,2025-07-01 06:00:00-04:00,2025-07-01 06:58:00-04:00,22627.0,22633.6,22631.3,2025-07-01 08:00:00-04:00,1m
2025-07-01 09:11:00-04:00,2025-07-01 09:19:00-04:00,long,am,fvg,22617.8,22603.564285714285,22646.27142857143,22603.564285714285,loss,-1.1404917210235805,2025-07-01 08:00:00-04:00,2025-07-01 09:01:00-04:00,22620.4,22618.9,22615.8,2025-07-01 09:10:00-04:00,1m
2025-07-02 08:00:00-04:00,2025-07-02 08:12:00-04:00,long,am,fvg,22457.2,22442.35714285714,22486.88571428572,22486.88571428572,win,1.8652550529355356,2025-07-02 07:00:00-04:00,2025-07-02 07:24:00-04:00,22488.3,22457.2,22455.0,2025-07-02 07:56:00-04:00,1m
2025-07-02 09:34:00-04:00,2025-07-02 09:45:00-04:00,long,am,fvg,22475.9,22453.27857142857,22521.142857142862,22521.142857142862,win,1.9115882538680211,2025-07-02 08:30:00-04:00,2025-07-02 09:05:00-04:00,22446.1,22483.5,22480.4,2025-07-02 09:33:00-04:00,1m
2025-07-08 11:00:00-04:00,2025-07-08 13:00:00-04:00,long,am,fvg,22708.7,22653.59642857143,22818.907142857144,22732.5,expired,0.39561864022294135,2025-07-08 10:30:00-04:00,2025-07-08 10:37:00-04:00,22687.5,22708.7,22690.4,2025-07-08 10:59:00-04:00,1m
2025-07-10 11:20:00-04:00,2025-07-10 11:27:00-04:00,long,am,fvg,22781.5,22762.253571428573,22819.992857142854,22819.992857142854,win,1.896084616812015,2025-07-10 10:15:00-04:00,2025-07-10 10:52:00-04:00,22766.2,22785.4,22780.8,2025-07-10 11:16:00-04:00,1m
2025-07-11 08:00:00-04:00,2025-07-11 08:23:00-04:00,long,am,fvg,22737.6,22723.921428571426,22764.957142857143,22723.921428571426,loss,-1.1462140992166991,2025-07-11 06:15:00-04:00,2025-07-11 07:10:00-04:00,22689.1,22738.8,22734.0,2025-07-11 07:51:00-04:00,1m
2025-07-15 08:53:00-04:00,2025-07-15 09:35:00-04:00,long,am,fvg,23027.3,22997.625,23086.649999999998,22997.625,loss,-1.0673967986520656,2025-07-15 08:30:00-04:00,2025-07-15 08:31:00-04:00,22973.9,23030.0,23024.5,2025-07-15 08:51:00-04:00,1m
2025-07-15 11:10:00-04:00,2025-07-15 11:48:00-04:00,long,am,fvg,22971.8,22948.489285714284,23018.42142857143,23018.42142857143,win,1.9142025432817562,2025-07-15 10:15:00-04:00,2025-07-15 10:16:00-04:00,22964.7,22971.8,22968.8,2025-07-15 11:09:00-04:00,1m
2025-07-16 11:30:00-04:00,2025-07-16 11:35:00-04:00,long,am,fvg,22787.4,22725.417857142857,22911.36428571429,22725.417857142857,loss,-1.0322673581100537,2025-07-16 10:15:00-04:00,2025-07-16 10:54:00-04:00,22801.1,22793.8,22782.1,2025-07-16 11:27:00-04:00,1m
2025-07-17 08:28:00-04:00,2025-07-17 08:30:00-04:00,long,am,fvg,22929.4,22920.032142857144,22948.135714285716,22948.135714285716,win,1.7865040030499453,2025-07-17 07:15:00-04:00,2025-07-17 08:03:00-04:00,22933.6,22936.8,22926.8,2025-07-17 08:25:00-04:00,1m
2025-07-18 08:34:00-04:00,2025-07-18 09:01:00-04:00,long,am,fvg,23109.8,23103.364285714284,23122.67142857143,23122.67142857143,win,1.689234184239779,2025-07-18 07:30:00-04:00,2025-07-18 07:47:00-04:00,23101.8,23109.8,23108.9,2025-07-18 08:33:00-04:00,1m
2025-07-23 08:16:00-04:00,2025-07-23 08:23:00-04:00,long,am,fvg,23120.3,23109.867857142857,23141.164285714283,23109.867857142857,loss,-1.191715166039043,2025-07-23 07:15:00-04:00,2025-07-23 08:04:00-04:00,23106.5,23120.3,23116.6,2025-07-23 08:14:00-04:00,1m
2025-07-23 09:51:00-04:00,2025-07-23 10:00:00-04:00,long,am,fvg,23050.0,23017.692857142858,23114.614285714284,23017.692857142858,loss,-1.0619058147247418,2025-07-23 09:00:00-04:00,2025-07-23 09:21:00-04:00,23096.0,23050.0,23041.3,2025-07-23 09:48:00-04:00,1m
2025-07-24 09:50:00-04:00,2025-07-24 10:09:00-04:00,long,am,fvg,23245.3,23193.485714285714,23348.92857142857,23193.485714285714,loss,-1.038599393438104,2025-07-24 09:00:00-04:00,2025-07-24 09:24:00-04:00,23207.5,23249.6,23236.7,2025-07-24 09:48:00-04:00,1m
2025-07-25 09:50:00-04:00,2025-07-25 11:50:00-04:00,long,am,fvg,23242.8,23193.239285714284,23341.92142857143,23289.6,expired,0.9039417741586482,2025-07-25 09:15:00-04:00,2025-07-25 09:36:00-04:00,23217.8,23242.8,23240.1,2025-07-25 09:48:00-04:00,1m
2025-07-28 08:00:00-04:00,2025-07-28 08:14:00-04:00,long,am,fvg,23373.3,23368.3,23383.3,23368.3,loss,-1.4,2025-07-28 06:30:00-04:00,2025-07-28 07:42:00-04:00,23390.2,23379.8,23378.5,2025-07-28 07:51:00-04:00,1m
2025-07-28 10:00:00-04:00,2025-07-28 10:21:00-04:00,long,am,fvg,23388.6,23371.932142857142,23421.93571428571,23371.932142857142,loss,-1.1199914291836341,2025-07-28 09:45:00-04:00,2025-07-28 09:47:00-04:00,23343.5,23388.6,23385.8,2025-07-28 09:59:00-04:00,1m
2025-07-29 10:00:00-04:00,2025-07-29 10:03:00-04:00,long,am,fvg,23464.3,23439.414285714283,23514.07142857143,23439.414285714283,loss,-1.0803673938002243,2025-07-29 09:00:00-04:00,2025-07-29 09:31:00-04:00,23454.8,23464.3,23457.0,2025-07-29 09:58:00-04:00,1m
2025-07-30 10:09:00-04:00,2025-07-30 10:23:00-04:00,long,am,fvg,23362.5,23343.264285714286,23400.97142857143,23400.97142857143,win,1.8960267359821772,2025-07-30 09:45:00-04:00,2025-07-30 09:46:00-04:00,23345.9,23366.3,23358.7,2025-07-30 10:06:00-04:00,1m
2025-08-01 11:47:00-04:00,2025-08-01 12:57:00-04:00,long,am,fvg,22867.6,22772.657142857144,23057.485714285707,22772.657142857144,loss,-1.021065302437557,2025-08-01 10:15:00-04:00,2025-08-01 10:32:00-04:00,22743.8,22883.6,22877.6,2025-08-01 11:46:00-04:00,1m
2025-08-04 08:00:00-04:00,2025-08-04 08:21:00-04:00,short,am,fvg,22944.4,22961.18571428571,22910.82857142858,22961.18571428571,loss,-1.1191489361702422,2025-08-04 06:45:00-04:00,2025-08-04 06:58:00-04:00,22971.4,22944.6,22938.4,2025-08-04 07:57:00-04:00,1m
2025-08-04 11:31:00-04:00,2025-08-04 11:37:00-04:00,short,am,fvg,23106.3,23122.3,23074.3,23122.3,loss,-1.125,2025-08-04 10:30:00-04:00,2025-08-04 10:53:00-04:00,23152.3,23112.7,23106.3,2025-08-04 11:30:00-04:00,1m
2025-08-08 09:38:00-04:00,2025-08-08 10:06:00-04:00,long,am,fvg,23472.2,23429.082142857143,23558.435714285715,23558.435714285715,win,1.9536155056738178,2025-08-08 08:45:00-04:00,2025-08-08 09:31:00-04:00,23424.0,23472.2,23467.0,2025-08-08 09:37:00-04:00,1m
2025-08-11 10:12:00-04:00,2025-08-11 11:05:00-04:00,long,am,fvg,23659.9,23629.364285714288,23720.97142857143,23629.364285714288,loss,-1.0654970760233928,2025-08-11 09:45:00-04:00,2025-08-11 09:58:00-04:00,23597.6,23661.6,23653.2,2025-08-11 10:11:00-04:00,1m
2025-08-18 10:56:00-04:00,2025-08-18 12:56:00-04:00,long,am,fvg,23695.6,23641.110714285714,23804.578571428567,23665.6,expired,-0.5872714163990479,2025-08-18 10:00:00-04:00,2025-08-18 10:25:00-04:00,23666.8,23695.6,23684.6,2025-08-18 10:53:00-04:00,1m
2025-08-22 08:37:00-04:00,2025-08-22 09:37:00-04:00,short,am,fvg,23186.3,23212.210714285713,23134.47857142857,23212.210714285713,loss,-1.0771881461061352,2025-08-22 07:15:00-04:00,2025-08-22 07:19:00-04:00,23209.5,23191.3,23183.8,2025-08-22 08:36:00-04:00,1m
2025-08-26 08:03:00-04:00,2025-08-26 08:15:00-04:00,short,am,fvg,23410.3,23419.985714285714,23390.92857142857,23390.92857142857,win,1.7935103244837958,2025-08-26 06:45:00-04:00,2025-08-26 07:03:00-04:00,23443.1,23411.9,23410.3,2025-08-26 08:02:00-04:00,1m
2025-08-26 11:01:00-04:00,2025-08-26 12:16:00-04:00,short,am,fvg,23475.3,23500.582142857143,23424.73571428571,23500.582142857143,loss,-1.079107218533687,2025-08-26 09:45:00-04:00,2025-08-26 09:47:00-04:00,23451.2,23476.6,23472.8,2025-08-26 11:00:00-04:00,1m
2025-09-03 08:00:00-04:00,2025-09-03 08:03:00-04:00,short,am,fvg,23390.3,23403.742857142857,23363.414285714283,23403.742857142857,loss,-1.1487778958554637,2025-09-03 07:15:00-04:00,2025-09-03 07:29:00-04:00,23413.8,23393.9,23382.4,2025-09-03 07:59:00-04:00,1m
2025-09-04 08:15:00-04:00,2025-09-04 09:06:00-04:00,short,am,fvg,23471.4,23489.317857142858,23435.56428571429,23435.56428571429,win,1.8883795096671279,2025-09-04 06:30:00-04:00,2025-09-04 07:24:00-04:00,23500.5,23479.6,23471.4,2025-09-04 08:14:00-04:00,1m
2025-09-04 10:46:00-04:00,2025-09-04 11:06:00-04:00,short,am,fvg,23474.5,23502.25,23419.0,23502.25,loss,-1.072072072072072,2025-09-04 09:45:00-04:00,2025-09-04 10:03:00-04:00,23500.7,23480.9,23473.3,2025-09-04 10:43:00-04:00,1m
2025-09-09 08:08:00-04:00,2025-09-09 08:31:00-04:00,long,am,fvg,23820.3,23811.042857142857,23838.814285714285,23811.042857142857,loss,-1.216049382716052,2025-09-09 07:15:00-04:00,2025-09-09 07:50:00-04:00,23804.7,23820.3,23818.8,2025-09-09 08:04:00-04:00,1m
2025-09-09 09:58:00-04:00,2025-09-09 10:00:00-04:00,long,am,fvg,23780.3,23767.507142857143,23805.885714285712,23767.507142857143,loss,-1.1563372417643851,2025-09-09 09:15:00-04:00,2025-09-09 09:32:00-04:00,23786.1,23794.7,23786.5,2025-09-09 09:57:00-04:00,1m
2025-09-09 11:57:00-04:00,2025-09-09 13:57:00-04:00,long,am,fvg,23765.0,23727.960714285717,23839.078571428567,23815.4,expired,1.3067206633884179,2025-09-09 10:15:00-04:00,2025-09-09 11:53:00-04:00,23769.9,23777.0,23770.9,2025-09-09 11:55:00-04:00,1m
2025-09-11 09:50:00-04:00,2025-09-11 11:16:00-04:00,long,am,fvg,23920.8,23880.789285714287,24000.821428571424,24000.821428571424,win,1.9500133892707285,2025-09-11 08:45:00-04:00,2025-09-11 09:28:00-04:00,23886.9,23920.8,23911.5,2025-09-11 09:47:00-04:00,1m
2025-09-23 08:36:00-04:00,2025-09-23 09:35:00-04:00,long,am,fvg,24781.2,24769.14285714286,24805.314285714285,24769.14285714286,loss,-1.1658767772511962,2025-09-23 07:30:00-04:00,2025-09-23 07:33:00-04:00,24761.0,24782.7,24777.9,2025-09-23 08:33:00-04:00,1m
2025-09-23 10:56:00-04:00,2025-09-23 11:02:00-04:00,long,am,fvg,24741.2,24723.992857142857,24775.614285714288,24723.992857142857,loss,-1.1162308011623039,2025-09-23 10:15:00-04:00,2025-09-23 10:42:00-04:00,24720.2,24741.2,24737.0,2025-09-23 10:55:00-04:00,1m
2025-09-25 09:51:00-04:00,2025-09-25 10:21:00-04:00,long,am,fvg,24272.0,24204.735714285714,24406.52857142857,24406.52857142857,win,1.9702665392375491,2025-09-25 09:15:00-04:00,2025-09-25 09:20:00-04:00,24338.7,24272.3,24267.4,2025-09-25 09:49:00-04:00,1m
2025-09-30 11:35:00-04:00,2025-09-30 12:21:00-04:00,long,am,fvg,24581.5,24556.210714285717,24632.078571428567,24632.078571428567,win,1.9209151249823397,2025-09-30 10:00:00-04:00,2025-09-30 10:49:00-04:00,24548.3,24599.3,24594.8,2025-09-30 11:32:00-04:00,1m
