date,entry_time,exit_time,entry_price,exit_price,stop,target,or_high,or_low,outcome,pnl_pts,risk_pts,r,year
2016-11-15,2016-11-15 15:00:00+00:00,2016-11-15 15:10:00+00:00,4763.0,4776.35,4728.0,4776.35,4754.7,4728.0,target,13.350000000000364,35.0,0.38142857142858183,2016
2016-11-16,2016-11-16 15:20:00+00:00,2016-11-16 20:59:00+00:00,4781.9,4793.2,4742.7,4799.5,4777.9,4742.7,expiry,11.300000000000182,39.19999999999982,0.28826530612245493,2016
2016-11-21,2016-11-21 14:45:00+00:00,2016-11-21 17:00:00+00:00,4845.0,4856.0,4820.0,4856.0,4842.0,4820.0,target,11.0,25.0,0.44,2016
2016-11-22,2016-11-22 14:45:00+00:00,2016-11-22 15:26:00+00:00,4884.8,4874.2,4874.2,4889.25,4883.1,4874.2,stop,-10.600000000000364,10.600000000000364,-1.0,2016
2016-11-25,2016-11-25 14:45:00+00:00,2016-11-25 16:45:00+00:00,4864.5,4869.1,4854.5,4869.1,4863.7,4854.5,target,4.600000000000364,10.0,0.4600000000000364,2016
2016-11-28,2016-11-28 14:50:00+00:00,2016-11-28 15:29:00+00:00,4867.9,4872.4,4855.9,4872.4,4864.9,4855.9,target,4.5,12.0,0.375,2016
2016-12-05,2016-12-05 14:50:00+00:00,2016-12-05 15:02:00+00:00,4773.1,4784.85,4744.1,4784.85,4767.6,4744.1,target,11.75,29.0,0.4051724137931034,2016
2016-12-06,2016-12-06 15:00:00+00:00,2016-12-06 16:47:00+00:00,4795.1,4770.8,4770.8,4805.85,4792.3,4770.8,stop,-24.300000000000182,24.300000000000182,-1.0,2016
2016-12-09,2016-12-09 14:45:00+00:00,2016-12-09 15:39:00+00:00,4894.9,4900.5,4880.3,4900.5,4891.5,4880.3,target,5.600000000000364,14.599999999999454,0.3835616438356557,2016
2016-12-12,2016-12-12 14:50:00+00:00,2016-12-12 15:26:00+00:00,4882.5,4869.2,4869.2,4888.9,4882.0,4869.2,stop,-13.300000000000182,13.300000000000182,-1.0,2016
2016-12-19,2016-12-19 14:45:00+00:00,2016-12-19 15:38:00+00:00,4943.0,4950.6,4918.4,4950.6,4933.6,4918.4,target,7.600000000000364,24.600000000000364,0.30894308943090454,2016
2016-12-20,2016-12-20 14:45:00+00:00,2016-12-20 19:33:00+00:00,4967.5,4953.2,4953.2,4974.0,4966.2,4953.2,stop,-14.300000000000182,14.300000000000182,-1.0,2016
2016-12-23,2016-12-23 14:50:00+00:00,2016-12-23 15:54:00+00:00,4943.7,4934.8,4934.8,4947.7,4942.8,4934.8,stop,-8.899999999999636,8.899999999999636,-1.0,2016
2016-12-27,2016-12-27 14:45:00+00:00,2016-12-27 20:59:00+00:00,4994.2,4971.9,4954.4,5003.0,4972.0,4954.4,expiry,-22.300000000000182,39.80000000000018,-0.5603015075376905,2016
2017-01-03,2017-01-03 15:05:00+00:00,2017-01-03 16:41:00+00:00,4930.8,4891.9,4891.9,4941.8,4913.9,4891.9,stop,-38.900000000000546,38.900000000000546,-1.0,2017
2017-01-04,2017-01-04 17:00:00+00:00,2017-01-04 20:59:00+00:00,4939.9,4938.4,4917.1,4950.699999999999,4938.7,4917.1,expiry,-1.5,22.799999999999272,-0.06578947368421263,2017
2017-01-06,2017-01-06 14:55:00+00:00,2017-01-06 15:54:00+00:00,4982.3,4991.75,4957.6,4991.75,4976.5,4957.6,target,9.449999999999818,24.699999999999818,0.38259109311740436,2017
2017-01-09,2017-01-09 15:20:00+00:00,2017-01-09 17:52:00+00:00,5023.7,5029.95,5009.9,5029.95,5022.4,5009.9,target,6.25,13.800000000000182,0.4528985507246317,2017
2017-01-11,2017-01-11 15:25:00+00:00,2017-01-11 15:38:00+00:00,5044.0,5048.3,5034.2,5048.3,5042.8,5034.2,target,4.300000000000182,9.800000000000182,0.43877551020409206,2017
2017-01-13,2017-01-13 14:45:00+00:00,2017-01-13 20:59:00+00:00,5062.1,5060.2,5045.6,5069.25,5059.9,5045.6,expiry,-1.9000000000005457,16.5,-0.11515151515154823,2017
2017-01-17,2017-01-17 15:30:00+00:00,2017-01-17 20:08:00+00:00,5050.0,5033.7,5033.7,5057.5,5048.7,5033.7,stop,-16.300000000000182,16.300000000000182,-1.0,2017
2017-01-18,2017-01-18 15:00:00+00:00,2017-01-18 16:58:00+00:00,5059.1,5043.2,5043.2,5066.400000000001,5057.8,5043.2,stop,-15.900000000000546,15.900000000000546,-1.0,2017
2017-01-25,2017-01-25 15:05:00+00:00,2017-01-25 15:46:00+00:00,5131.8,5135.200000000001,5122.3,5135.200000000001,5129.1,5122.3,target,3.4000000000005457,9.5,0.3578947368421627,2017
2017-02-03,2017-02-03 15:25:00+00:00,2017-02-03 16:37:00+00:00,5161.7,5150.5,5150.5,5166.799999999999,5160.7,5150.5,stop,-11.199999999999818,11.199999999999818,-1.0,2017
2017-02-06,2017-02-06 14:50:00+00:00,2017-02-06 16:14:00+00:00,5157.6,5162.1,5148.1,5162.1,5157.1,5148.1,target,4.5,9.5,0.47368421052631576,2017
2017-02-07,2017-02-07 14:45:00+00:00,2017-02-07 15:12:00+00:00,5184.1,5188.900000000001,5173.7,5188.900000000001,5183.3,5173.7,target,4.800000000000182,10.400000000000546,0.4615384615384548,2017
2017-02-13,2017-02-13 15:00:00+00:00,2017-02-13 16:24:00+00:00,5249.0,5252.5,5240.6,5252.5,5247.6,5240.6,target,3.5,8.399999999999636,0.4166666666666847,2017
2017-02-15,2017-02-15 14:45:00+00:00,2017-02-15 15:38:00+00:00,5275.0,5279.5,5265.8,5279.5,5274.8,5265.8,target,4.5,9.199999999999818,0.48913043478261836,2017
2017-02-17,2017-02-17 15:00:00+00:00,2017-02-17 18:00:00+00:00,5306.1,5311.6,5293.4,5311.6,5304.4,5293.4,target,5.5,12.700000000000728,0.4330708661417075,2017
2017-02-20,2017-02-20 15:55:00+00:00,2017-02-20 16:25:00+00:00,5335.0,5338.5,5327.2,5338.5,5334.2,5327.2,target,3.5,7.800000000000182,0.44871794871793824,2017
2017-02-21,2017-02-21 14:45:00+00:00,2017-02-21 15:09:00+00:00,5342.7,5347.1,5331.7,5347.1,5340.5,5331.7,target,4.400000000000546,11.0,0.4000000000000496,2017
2017-02-22,2017-02-22 15:15:00+00:00,2017-02-22 20:59:00+00:00,5349.1,5351.8,5336.3,5355.35,5348.8,5336.3,expiry,2.699999999999818,12.800000000000182,0.2109374999999828,2017
2017-02-24,2017-02-24 14:55:00+00:00,2017-02-24 19:20:00+00:00,5320.7,5327.2,5306.4,5327.2,5319.4,5306.4,target,6.5,14.300000000000182,0.45454545454544876,2017
2017-02-27,2017-02-27 14:55:00+00:00,2017-02-27 16:04:00+00:00,5335.6,5339.950000000001,5323.4,5339.950000000001,5332.1,5323.4,target,4.350000000000364,12.200000000000728,0.3565573770491889,2017
2017-03-01,2017-03-01 15:00:00+00:00,2017-03-01 16:26:00+00:00,5371.4,5377.9,5355.2,5377.9,5368.2,5355.2,target,6.5,16.199999999999818,0.40123456790123907,2017
2017-03-07,2017-03-07 15:15:00+00:00,2017-03-07 15:23:00+00:00,5357.9,5364.25,5343.2,5364.25,5355.9,5343.2,target,6.350000000000364,14.699999999999818,0.4319727891156763,2017
2017-03-08,2017-03-08 14:45:00+00:00,2017-03-08 15:31:00+00:00,5366.7,5373.2,5347.7,5373.2,5360.7,5347.7,target,6.5,19.0,0.34210526315789475,2017
2017-03-10,2017-03-10 14:55:00+00:00,2017-03-10 15:40:00+00:00,5392.3,5381.4,5381.4,5397.1,5391.0,5381.4,stop,-10.900000000000546,10.900000000000546,-1.0,2017
2017-03-17,2017-03-17 13:50:00+00:00,2017-03-17 14:14:00+00:00,5417.2,5409.2,5409.2,5420.2,5415.2,5409.2,stop,-8.0,8.0,-1.0,2017
2017-03-20,2017-03-20 13:45:00+00:00,2017-03-20 14:02:00+00:00,5409.7,5412.45,5402.7,5412.45,5408.2,5402.7,target,2.75,7.0,0.39285714285714285,2017
2017-03-22,2017-03-22 14:55:00+00:00,2017-03-22 15:16:00+00:00,5352.4,5361.9,5332.4,5361.9,5351.4,5332.4,target,9.5,20.0,0.475,2017
2017-03-24,2017-03-24 13:45:00+00:00,2017-03-24 17:55:00+00:00,5390.6,5371.6,5371.6,5397.55,5385.5,5371.6,stop,-19.0,19.0,-1.0,2017
2017-03-27,2017-03-27 13:50:00+00:00,2017-03-27 14:05:00+00:00,5333.1,5341.5,5316.0,5341.5,5332.8,5316.0,target,8.399999999999636,17.100000000000364,0.4912280701754069,2017
2017-03-29,2017-03-29 13:55:00+00:00,2017-03-29 14:37:00+00:00,5419.8,5425.950000000001,5404.8,5425.950000000001,5417.1,5404.8,target,6.150000000000546,15.0,0.4100000000000364,2017
2017-03-31,2017-03-31 13:45:00+00:00,2017-03-31 13:52:00+00:00,5433.3,5436.700000000001,5426.3,5436.700000000001,5433.1,5426.3,target,3.4000000000005457,7.0,0.48571428571436365,2017
2017-04-04,2017-04-04 18:15:00+00:00,2017-04-04 19:59:00+00:00,5435.6,5439.6,5415.5,5445.0,5434.3,5415.5,expiry,4.0,20.100000000000364,0.1990049751243745,2017
2017-04-05,2017-04-05 13:45:00+00:00,2017-04-05 14:40:00+00:00,5460.1,5465.75,5443.1,5465.75,5454.4,5443.1,target,5.649999999999636,17.0,0.3323529411764492,2017
2017-04-10,2017-04-10 14:30:00+00:00,2017-04-10 15:33:00+00:00,5441.1,5421.8,5421.8,5449.15,5437.9,5421.8,stop,-19.300000000000182,19.300000000000182,-1.0,2017
2017-04-17,2017-04-17 14:05:00+00:00,2017-04-17 14:16:00+00:00,5381.0,5386.9,5366.7,5386.9,5378.5,5366.7,target,5.899999999999636,14.300000000000182,0.4125874125873819,2017
2017-04-18,2017-04-18 13:45:00+00:00,2017-04-18 14:00:00+00:00,5396.2,5404.599999999999,5377.1,5404.599999999999,5393.9,5377.1,target,8.399999999999636,19.099999999999454,0.4397905759162239,2017
2017-04-19,2017-04-19 13:55:00+00:00,2017-04-19 17:09:00+00:00,5427.0,5412.1,5412.1,5432.25,5422.6,5412.1,stop,-14.899999999999636,14.899999999999636,-1.0,2017
2017-04-24,2017-04-24 13:55:00+00:00,2017-04-24 19:05:00+00:00,5505.0,5510.799999999999,5493.1,5510.799999999999,5504.7,5493.1,target,5.799999999999272,11.899999999999636,0.487394957983147,2017
2017-04-25,2017-04-25 14:00:00+00:00,2017-04-25 14:06:00+00:00,5530.9,5534.4,5522.4,5534.4,5529.4,5522.4,target,3.5,8.5,0.4117647058823529,2017
2017-05-01,2017-05-01 13:50:00+00:00,2017-05-01 14:32:00+00:00,5609.5,5613.85,5599.8,5613.85,5608.5,5599.8,target,4.350000000000364,9.699999999999818,0.4484536082474686,2017
2017-05-09,2017-05-09 13:45:00+00:00,2017-05-09 14:00:00+00:00,5673.9,5680.299999999999,5659.5,5680.299999999999,5672.3,5659.5,target,6.399999999999636,14.399999999999636,0.44444444444443043,2017
2017-05-15,2017-05-15 13:45:00+00:00,2017-05-15 14:53:00+00:00,5697.3,5703.9,5681.6,5703.9,5694.8,5681.6,target,6.599999999999454,15.699999999999818,0.42038216560506564,2017
2017-05-16,2017-05-16 13:50:00+00:00,2017-05-16 14:24:00+00:00,5714.4,5705.4,5705.4,5718.65,5713.9,5705.4,stop,-9.0,9.0,-1.0,2017
2017-05-19,2017-05-19 14:05:00+00:00,2017-05-19 15:12:00+00:00,5662.4,5670.9,5644.2,5670.9,5661.2,5644.2,target,8.5,18.199999999999818,0.4670329670329717,2017
2017-05-22,2017-05-22 13:45:00+00:00,2017-05-22 15:59:00+00:00,5681.9,5691.25,5661.8,5691.25,5680.5,5661.8,target,9.350000000000364,20.099999999999454,0.4651741293532646,2017
2017-05-26,2017-05-26 13:50:00+00:00,2017-05-26 14:38:00+00:00,5783.9,5789.299999999999,5771.9,5789.299999999999,5782.7,5771.9,target,5.399999999999636,12.0,0.4499999999999697,2017
2017-06-02,2017-06-02 14:10:00+00:00,2017-06-02 15:26:00+00:00,5846.2,5853.45,5826.7,5853.45,5841.2,5826.7,target,7.25,19.5,0.3717948717948718,2017
2017-06-05,2017-06-05 13:45:00+00:00,2017-06-05 14:43:00+00:00,5885.8,5890.8,5872.5,5890.8,5882.5,5872.5,target,5.0,13.300000000000182,0.375939849624055,2017
2017-06-06,2017-06-06 14:15:00+00:00,2017-06-06 19:23:00+00:00,5888.9,5871.2,5871.2,5896.75,5886.9,5871.2,stop,-17.699999999999818,17.699999999999818,-1.0,2017
2017-06-09,2017-06-09 14:05:00+00:00,2017-06-09 15:20:00+00:00,5898.9,5883.4,5883.4,5906.549999999999,5898.7,5883.4,stop,-15.5,15.5,-1.0,2017
2017-06-13,2017-06-13 13:45:00+00:00,2017-06-13 14:16:00+00:00,5762.2,5741.0,5741.0,5772.549999999999,5761.7,5741.0,stop,-21.199999999999818,21.199999999999818,-1.0,2017
2017-06-19,2017-06-19 14:00:00+00:00,2017-06-19 17:32:00+00:00,5761.1,5774.200000000001,5724.7,5774.200000000001,5750.9,5724.7,target,13.100000000000364,36.400000000000546,0.3598901098901145,2017
2017-06-20,2017-06-20 14:45:00+00:00,2017-06-20 17:22:00+00:00,5772.8,5754.5,5754.5,5780.8,5770.5,5754.5,stop,-18.300000000000182,18.300000000000182,-1.0,2017
2017-06-21,2017-06-21 14:05:00+00:00,2017-06-21 14:40:00+00:00,5752.8,5759.15,5738.6,5759.15,5751.3,5738.6,target,6.349999999999454,14.199999999999818,0.4471830985915166,2017
2017-06-23,2017-06-23 14:30:00+00:00,2017-06-23 15:56:00+00:00,5786.9,5796.45,5763.4,5796.45,5782.5,5763.4,target,9.550000000000182,23.5,0.406382978723412,2017
2017-06-27,2017-06-27 14:05:00+00:00,2017-06-27 16:35:00+00:00,5757.5,5733.5,5733.5,5769.1,5756.7,5733.5,stop,-24.0,24.0,-1.0,2017
2017-07-04,2017-07-04 13:50:00+00:00,2017-07-04 14:16:00+00:00,5612.4,5604.7,5604.7,5616.0,5611.9,5604.7,stop,-7.699999999999818,7.699999999999818,-1.0,2017
2017-07-07,2017-07-07 13:50:00+00:00,2017-07-07 15:28:00+00:00,5639.2,5647.95,5617.2,5647.95,5634.7,5617.2,target,8.75,22.0,0.3977272727272727,2017
2017-07-11,2017-07-11 13:50:00+00:00,2017-07-11 14:07:00+00:00,5695.8,5701.05,5680.8,5701.05,5691.3,5680.8,target,5.25,15.0,0.35,2017
2017-07-17,2017-07-17 13:45:00+00:00,2017-07-17 14:03:00+00:00,5853.9,5859.049999999999,5840.5,5859.049999999999,5850.8,5840.5,target,5.149999999999636,13.399999999999636,0.3843283582089385,2017
2017-07-18,2017-07-18 13:45:00+00:00,2017-07-18 14:11:00+00:00,5838.7,5847.6,5820.7,5847.6,5838.5,5820.7,target,8.900000000000546,18.0,0.4944444444444748,2017
2017-07-19,2017-07-19 15:35:00+00:00,2017-07-19 16:05:00+00:00,5913.9,5922.0,5897.2,5922.0,5913.4,5897.2,target,8.100000000000364,16.699999999999818,0.48502994011978756,2017
2017-07-24,2017-07-24 13:55:00+00:00,2017-07-24 15:13:00+00:00,5926.4,5917.4,5917.4,5930.5,5925.6,5917.4,stop,-9.0,9.0,-1.0,2017
2017-07-25,2017-07-25 13:55:00+00:00,2017-07-25 17:39:00+00:00,5935.9,5943.549999999999,5917.9,5943.549999999999,5933.2,5917.9,target,7.649999999999636,18.0,0.4249999999999798,2017
2017-07-26,2017-07-26 14:05:00+00:00,2017-07-26 14:54:00+00:00,5955.5,5944.2,5944.2,5959.9,5953.0,5944.2,stop,-11.300000000000182,11.300000000000182,-1.0,2017
2017-07-28,2017-07-28 16:00:00+00:00,2017-07-28 19:59:00+00:00,5908.8,5910.8,5870.8,5927.200000000001,5907.6,5870.8,expiry,2.0,38.0,0.05263157894736842,2017
2017-08-07,2017-08-07 13:55:00+00:00,2017-08-07 14:07:00+00:00,5917.1,5922.35,5904.6,5922.35,5915.1,5904.6,target,5.25,12.5,0.42,2017
2017-08-08,2017-08-08 14:05:00+00:00,2017-08-08 14:44:00+00:00,5930.7,5937.85,5915.7,5937.85,5930.0,5915.7,target,7.150000000000546,15.0,0.47666666666670304,2017
2017-08-09,2017-08-09 13:55:00+00:00,2017-08-09 14:36:00+00:00,5892.0,5904.65,5865.2,5904.65,5890.5,5865.2,target,12.649999999999636,26.800000000000182,0.47201492537311757,2017
2017-08-11,2017-08-11 13:55:00+00:00,2017-08-11 14:08:00+00:00,5811.8,5821.700000000001,5790.8,5821.700000000001,5810.6,5790.8,target,9.900000000000546,21.0,0.4714285714285974,2017
2017-08-14,2017-08-14 14:00:00+00:00,2017-08-14 14:46:00+00:00,5899.3,5906.450000000001,5879.5,5906.450000000001,5893.8,5879.5,target,7.150000000000546,19.800000000000182,0.36111111111113536,2017
2017-08-16,2017-08-16 14:45:00+00:00,2017-08-16 16:05:00+00:00,5929.8,5938.4,5909.1,5938.4,5926.3,5909.1,target,8.599999999999454,20.699999999999818,0.41545893719804494,2017
2017-08-22,2017-08-22 13:50:00+00:00,2017-08-22 14:54:00+00:00,5843.7,5856.95,5816.2,5856.95,5842.7,5816.2,target,13.25,27.5,0.4818181818181818,2017
2017-08-23,2017-08-23 13:50:00+00:00,2017-08-23 15:54:00+00:00,5856.4,5863.9,5841.0,5863.9,5856.0,5841.0,target,7.5,15.399999999999636,0.4870129870129985,2017
2017-08-25,2017-08-25 13:50:00+00:00,2017-08-25 14:01:00+00:00,5863.5,5869.75,5847.3,5869.75,5859.8,5847.3,target,6.25,16.199999999999818,0.3858024691358068,2017
2017-08-29,2017-08-29 13:45:00+00:00,2017-08-29 14:30:00+00:00,5822.7,5837.2,5785.9,5837.2,5814.9,5785.9,target,14.5,36.80000000000018,0.3940217391304328,2017
2017-08-30,2017-08-30 13:45:00+00:00,2017-08-30 14:49:00+00:00,5890.1,5901.200000000001,5865.1,5901.200000000001,5887.3,5865.1,target,11.100000000000364,25.0,0.44400000000001455,2017
2017-09-04,2017-09-04 14:10:00+00:00,2017-09-04 14:31:00+00:00,5971.7,5974.8,5964.9,5974.8,5971.1,5964.9,target,3.100000000000364,6.800000000000182,0.45588235294121776,2017
2017-09-11,2017-09-11 13:50:00+00:00,2017-09-11 19:59:00+00:00,5989.2,5982.9,5962.8,6001.4,5987.2,5962.8,expiry,-6.300000000000182,26.399999999999636,-0.2386363636363738,2017
2017-09-15,2017-09-15 14:00:00+00:00,2017-09-15 14:35:00+00:00,5974.4,5981.75,5958.7,5981.75,5973.4,5958.7,target,7.350000000000364,15.699999999999818,0.4681528662420668,2017
2017-09-18,2017-09-18 13:45:00+00:00,2017-09-18 18:16:00+00:00,6009.1,5990.1,5990.1,6016.700000000001,6005.3,5990.1,stop,-19.0,19.0,-1.0,2017
2017-09-19,2017-09-19 16:00:00+00:00,2017-09-19 19:59:00+00:00,5998.4,5992.4,5972.7,6009.9,5995.7,5972.7,expiry,-6.0,25.699999999999818,-0.2334630350194569,2017
2017-09-22,2017-09-22 14:05:00+00:00,2017-09-22 17:16:00+00:00,5938.3,5915.6,5915.6,5949.0,5937.0,5915.6,stop,-22.699999999999818,22.699999999999818,-1.0,2017
2017-10-02,2017-10-02 13:55:00+00:00,2017-10-02 14:18:00+00:00,6002.6,6007.8,5988.0,6007.8,5998.4,5988.0,target,5.199999999999818,14.600000000000364,0.3561643835616225,2017
2017-10-03,2017-10-03 13:45:00+00:00,2017-10-03 14:13:00+00:00,6002.1,5985.7,5985.7,6008.35,5998.2,5985.7,stop,-16.400000000000546,16.400000000000546,-1.0,2017
2017-10-04,2017-10-04 15:25:00+00:00,2017-10-04 16:15:00+00:00,6000.5,6007.75,5979.7,6007.75,5994.2,5979.7,target,7.25,20.800000000000182,0.34855769230768924,2017
2017-10-06,2017-10-06 14:00:00+00:00,2017-10-06 19:56:00+00:00,6058.1,6066.5,6038.6,6066.5,6055.4,6038.6,target,8.399999999999636,19.5,0.4307692307692121,2017
2017-10-09,2017-10-09 14:05:00+00:00,2017-10-09 14:49:00+00:00,6079.5,6067.0,6067.0,6084.1,6076.2,6067.0,stop,-12.5,12.5,-1.0,2017
2017-10-13,2017-10-13 14:20:00+00:00,2017-10-13 14:30:00+00:00,6098.8,6102.85,6090.2,6102.85,6098.3,6090.2,target,4.050000000000182,8.600000000000364,0.47093023255814076,2017
2017-10-17,2017-10-17 14:05:00+00:00,2017-10-17 14:24:00+00:00,6117.7,6110.4,6110.4,6121.2,6117.4,6110.4,stop,-7.300000000000182,7.300000000000182,-1.0,2017
2017-10-20,2017-10-20 14:00:00+00:00,2017-10-20 14:37:00+00:00,6122.2,6113.6,6113.6,6126.2,6121.6,6113.6,stop,-8.599999999999454,8.599999999999454,-1.0,2017
2017-10-24,2017-10-24 15:00:00+00:00,2017-10-24 19:59:00+00:00,6088.0,6083.0,6059.5,6100.1,6083.7,6059.5,expiry,-5.0,28.5,-0.17543859649122806,2017
2017-10-27,2017-10-27 13:50:00+00:00,2017-10-27 14:02:00+00:00,6158.3,6164.400000000001,6131.4,6164.400000000001,6143.6,6131.4,target,6.100000000000364,26.900000000000546,0.2267657992565145,2017
2017-10-30,2017-10-30 13:50:00+00:00,2017-10-30 14:17:00+00:00,6237.1,6248.700000000001,6209.4,6248.700000000001,6232.6,6209.4,target,11.600000000000364,27.700000000000728,0.4187725631768974,2017
2017-11-06,2017-11-06 14:55:00+00:00,2017-11-06 20:59:00+00:00,6310.4,6316.2,6289.4,6320.799999999999,6310.2,6289.4,expiry,5.800000000000182,21.0,0.27619047619048487,2017
2017-11-07,2017-11-07 14:45:00+00:00,2017-11-07 15:05:00+00:00,6327.6,6311.6,6311.6,6334.6,6325.6,6311.6,stop,-16.0,16.0,-1.0,2017
2017-11-13,2017-11-13 14:50:00+00:00,2017-11-13 15:03:00+00:00,6302.2,6308.7,6285.7,6308.7,6298.7,6285.7,target,6.5,16.5,0.3939393939393939,2017
2017-11-15,2017-11-15 15:35:00+00:00,2017-11-15 20:59:00+00:00,6267.9,6260.5,6228.3,6286.75,6266.0,6228.3,expiry,-7.399999999999636,39.599999999999454,-0.18686868686868024,2017
2017-11-21,2017-11-21 14:50:00+00:00,2017-11-21 16:02:00+00:00,6366.5,6379.8,6337.7,6379.8,6364.3,6337.7,target,13.300000000000182,28.800000000000182,0.46180555555555897,2017
2017-11-22,2017-11-22 19:40:00+00:00,2017-11-22 20:59:00+00:00,6390.2,6386.2,6373.2,6398.549999999999,6389.9,6373.2,expiry,-4.0,17.0,-0.23529411764705882,2017
2017-11-24,2017-11-24 14:55:00+00:00,2017-11-24 15:45:00+00:00,6397.6,6401.35,6389.8,6401.35,6397.3,6389.8,target,3.75,7.800000000000182,0.48076923076921957,2017
2017-11-27,2017-11-27 14:45:00+00:00,2017-11-27 16:20:00+00:00,6417.2,6402.2,6402.2,6422.85,6413.5,6402.2,stop,-15.0,15.0,-1.0,2017
2017-12-01,2017-12-01 15:15:00+00:00,2017-12-01 16:13:00+00:00,6363.6,6322.6,6322.6,6379.35,6354.1,6322.6,stop,-41.0,41.0,-1.0,2017
2017-12-06,2017-12-06 15:00:00+00:00,2017-12-06 20:59:00+00:00,6284.4,6296.1,6238.1,6307.4,6284.1,6238.1,expiry,11.700000000000728,46.29999999999927,0.2526997840172983,2017
2017-12-11,2017-12-11 15:30:00+00:00,2017-12-11 17:06:00+00:00,6374.1,6384.75,6351.3,6384.75,6372.6,6351.3,target,10.649999999999636,22.800000000000182,0.46710526315787504,2017
2017-12-12,2017-12-12 16:00:00+00:00,2017-12-12 16:50:00+00:00,6398.1,6408.450000000001,6376.4,6408.450000000001,6397.1,6376.4,target,10.350000000000364,21.700000000000728,0.4769585253456229,2017
2017-12-15,2017-12-15 15:15:00+00:00,2017-12-15 16:04:00+00:00,6428.7,6435.599999999999,6410.1,6435.599999999999,6423.9,6410.1,target,6.899999999999636,18.599999999999454,0.3709677419354752,2017
2017-12-18,2017-12-18 15:05:00+00:00,2017-12-18 17:48:00+00:00,6518.1,6526.150000000001,6499.7,6526.150000000001,6515.8,6499.7,target,8.050000000000182,18.400000000000546,0.4374999999999969,2017
2017-12-22,2017-12-22 14:55:00+00:00,2017-12-22 20:59:00+00:00,6479.4,6483.1,6460.9,6487.5,6477.1,6460.9,expiry,3.7000000000007276,18.5,0.20000000000003934,2017
2017-12-27,2017-12-27 15:00:00+00:00,2017-12-27 16:43:00+00:00,6463.8,6448.3,6448.3,6470.700000000001,6462.1,6448.3,stop,-15.5,15.5,-1.0,2017
2018-01-02,2018-01-02 14:45:00+00:00,2018-01-02 15:20:00+00:00,6464.5,6482.65,6422.2,6482.65,6458.5,6422.2,target,18.149999999999636,42.30000000000018,0.42907801418438674,2018
2018-01-03,2018-01-03 14:50:00+00:00,2018-01-03 15:02:00+00:00,6550.8,6562.55,6522.3,6562.55,6545.8,6522.3,target,11.75,28.5,0.41228070175438597,2018
2018-01-05,2018-01-05 15:15:00+00:00,2018-01-05 15:56:00+00:00,6627.3,6635.950000000001,6609.8,6635.950000000001,6627.1,6609.8,target,8.650000000000546,17.5,0.49428571428574547,2018
2018-01-08,2018-01-08 15:15:00+00:00,2018-01-08 15:29:00+00:00,6669.2,6675.45,6655.7,6675.45,6668.2,6655.7,target,6.25,13.5,0.46296296296296297,2018
2018-01-12,2018-01-12 15:00:00+00:00,2018-01-12 15:30:00+00:00,6726.6,6738.700000000001,6700.6,6738.700000000001,6724.8,6700.6,target,12.100000000000364,26.0,0.4653846153846294,2018
2018-01-15,2018-01-15 15:10:00+00:00,2018-01-15 17:14:00+00:00,6780.6,6773.6,6773.6,6783.25,6778.9,6773.6,stop,-7.0,7.0,-1.0,2018
2018-01-16,2018-01-16 14:45:00+00:00,2018-01-16 15:37:00+00:00,6838.7,6807.9,6807.9,6853.85,6838.2,6807.9,stop,-30.800000000000182,30.800000000000182,-1.0,2018
2018-01-17,2018-01-17 16:10:00+00:00,2018-01-17 17:54:00+00:00,6786.2,6798.85,6756.2,6798.85,6781.5,6756.2,target,12.650000000000546,30.0,0.42166666666668484,2018
2018-01-22,2018-01-22 14:45:00+00:00,2018-01-22 15:09:00+00:00,6851.7,6858.599999999999,6834.6,6858.599999999999,6848.4,6834.6,target,6.899999999999636,17.099999999999454,0.40350877192981616,2018
2018-01-23,2018-01-23 14:45:00+00:00,2018-01-23 15:28:00+00:00,6958.2,6967.95,6936.2,6967.95,6955.7,6936.2,target,9.75,22.0,0.4431818181818182,2018
2018-01-26,2018-01-26 15:00:00+00:00,2018-01-26 15:37:00+00:00,6969.9,6978.099999999999,6953.0,6978.099999999999,6969.4,6953.0,target,8.199999999999818,16.899999999999636,0.4852071005917157,2018
2018-01-30,2018-01-30 15:55:00+00:00,2018-01-30 20:59:00+00:00,6959.2,6945.9,6918.0,6977.549999999999,6954.7,6918.0,expiry,-13.300000000000182,41.19999999999982,-0.3228155339805884,2018
2018-02-05,2018-02-05 14:50:00+00:00,2018-02-05 15:04:00+00:00,6734.9,6756.9,6688.6,6756.9,6732.6,6688.6,target,22.0,46.29999999999927,0.4751619870410442,2018
2018-02-07,2018-02-07 15:05:00+00:00,2018-02-07 16:05:00+00:00,6686.3,6708.6,6636.3,6708.6,6673.3,6628.7,target,22.300000000000182,50.0,0.4460000000000036,2018
2018-02-13,2018-02-13 15:10:00+00:00,2018-02-13 15:24:00+00:00,6520.7,6539.7,6480.5,6539.7,6518.5,6480.5,target,19.0,40.19999999999982,0.47263681592040013,2018
2018-02-14,2018-02-14 14:50:00+00:00,2018-02-14 15:10:00+00:00,6564.2,6586.5,6514.7,6586.5,6559.3,6514.7,target,22.300000000000182,49.5,0.4505050505050542,2018
2018-02-16,2018-02-16 14:45:00+00:00,2018-02-16 15:36:00+00:00,6816.7,6832.85,6783.7,6832.85,6816.0,6783.7,target,16.150000000000546,33.0,0.4893939393939559,2018
2018-02-20,2018-02-20 14:45:00+00:00,2018-02-20 16:06:00+00:00,6795.7,6816.4,6747.0,6816.4,6788.4,6747.0,target,20.699999999999818,48.69999999999982,0.4250513347022566,2018
2018-02-21,2018-02-21 15:15:00+00:00,2018-02-21 16:26:00+00:00,6837.7,6849.45,6808.7,6849.45,6832.2,6808.7,target,11.75,29.0,0.4051724137931034,2018
2018-02-26,2018-02-26 17:25:00+00:00,2018-02-26 19:14:00+00:00,6968.7,6986.2,6933.0,6986.2,6968.0,6933.0,target,17.5,35.69999999999982,0.490196078431375,2018
2018-02-28,2018-02-28 14:55:00+00:00,2018-02-28 15:53:00+00:00,6960.7,6931.0,6931.0,6971.95,6953.5,6931.0,stop,-29.699999999999818,29.699999999999818,-1.0,2018
2018-03-06,2018-03-06 14:55:00+00:00,2018-03-06 15:54:00+00:00,6932.7,6906.2,6906.2,6944.049999999999,6928.9,6906.2,stop,-26.5,26.5,-1.0,2018
2018-03-07,2018-03-07 15:30:00+00:00,2018-03-07 17:04:00+00:00,6908.7,6860.7,6860.7,6929.799999999999,6902.9,6860.7,stop,-48.0,48.0,-1.0,2018
2018-03-09,2018-03-09 15:00:00+00:00,2018-03-09 15:11:00+00:00,7029.0,7036.9,7012.7,7036.9,7028.5,7012.7,target,7.899999999999636,16.300000000000182,0.48466257668708884,2018
2018-03-12,2018-03-12 14:00:00+00:00,2018-03-12 15:24:00+00:00,7150.6,7121.9,7121.9,7163.1,7146.9,7121.9,stop,-28.700000000000728,28.700000000000728,-1.0,2018
2018-03-21,2018-03-21 13:50:00+00:00,2018-03-21 14:02:00+00:00,6880.1,6887.75,6861.8,6887.75,6877.1,6861.8,target,7.649999999999636,18.300000000000182,0.4180327868852219,2018
2018-04-09,2018-04-09 13:45:00+00:00,2018-04-09 13:52:00+00:00,6509.1,6522.1,6474.4,6522.1,6500.4,6474.4,target,13.0,34.70000000000073,0.3746397694524417,2018
2018-04-11,2018-04-11 13:55:00+00:00,2018-04-11 14:02:00+00:00,6600.4,6610.25,6580.3,6610.25,6600.0,6580.3,target,9.850000000000364,20.099999999999454,0.4900497512438125,2018
2018-04-17,2018-04-17 13:45:00+00:00,2018-04-17 14:15:00+00:00,6760.4,6770.9,6737.1,6770.9,6758.1,6737.1,target,10.5,23.299999999999272,0.4506437768240484,2018
2018-04-30,2018-04-30 13:50:00+00:00,2018-04-30 14:04:00+00:00,6702.5,6716.0,6671.3,6716.0,6698.3,6671.3,target,13.5,31.199999999999818,0.4326923076923102,2018
2018-05-01,2018-05-01 13:55:00+00:00,2018-05-01 14:21:00+00:00,6614.8,6628.700000000001,6578.5,6628.700000000001,6606.3,6578.5,target,13.900000000000546,36.30000000000018,0.3829201101928506,2018
2018-05-02,2018-05-02 14:10:00+00:00,2018-05-02 15:44:00+00:00,6702.3,6663.8,6663.8,6720.65,6700.5,6663.8,stop,-38.5,38.5,-1.0,2018
2018-05-04,2018-05-04 13:45:00+00:00,2018-05-04 14:09:00+00:00,6652.4,6674.0,6608.9,6674.0,6652.1,6608.9,target,21.600000000000364,43.5,0.4965517241379394,2018
2018-05-07,2018-05-07 14:30:00+00:00,2018-05-07 19:59:00+00:00,6839.2,6825.5,6796.7,6860.2,6838.7,6796.7,expiry,-13.699999999999818,42.5,-0.3223529411764663,2018
2018-05-14,2018-05-14 14:15:00+00:00,2018-05-14 14:42:00+00:00,6996.8,7009.3,6970.8,7009.3,6995.8,6970.8,target,12.5,26.0,0.4807692307692308,2018
2018-05-16,2018-05-16 13:45:00+00:00,2018-05-16 13:50:00+00:00,6906.4,6913.6,6891.2,6913.6,6905.6,6891.2,target,7.200000000000728,15.199999999999818,0.47368421052636933,2018
2018-05-23,2018-05-23 14:05:00+00:00,2018-05-23 15:48:00+00:00,6883.6,6897.25,6844.3,6897.25,6871.6,6844.3,target,13.649999999999636,39.30000000000018,0.3473282442747983,2018
2018-05-25,2018-05-25 13:55:00+00:00,2018-05-25 14:16:00+00:00,6966.5,6978.6,6939.3,6978.6,6963.5,6939.3,target,12.100000000000364,27.199999999999818,0.44485294117648694,2018
2018-05-28,2018-05-28 13:45:00+00:00,2018-05-28 14:20:00+00:00,6977.5,6981.4,6969.5,6981.4,6977.3,6969.5,target,3.899999999999636,8.0,0.4874999999999545,2018
2018-05-29,2018-05-29 13:45:00+00:00,2018-05-29 13:59:00+00:00,6944.4,6959.25,6913.4,6959.25,6943.1,6913.4,target,14.850000000000364,31.0,0.47903225806452787,2018
2018-06-01,2018-06-01 14:00:00+00:00,2018-06-01 14:21:00+00:00,7035.9,7048.299999999999,7008.1,7048.299999999999,7032.9,7008.1,target,12.399999999999636,27.799999999999272,0.4460431654676245,2018
2018-06-04,2018-06-04 15:25:00+00:00,2018-06-04 16:21:00+00:00,7126.2,7139.2,7099.7,7139.2,7125.7,7099.7,target,13.0,26.5,0.49056603773584906,2018
2018-06-05,2018-06-05 13:55:00+00:00,2018-06-05 14:04:00+00:00,7173.4,7180.65,7155.7,7180.65,7170.2,7155.7,target,7.25,17.699999999999818,0.4096045197740155,2018
2018-06-08,2018-06-08 13:50:00+00:00,2018-06-08 14:34:00+00:00,7133.5,7111.0,7111.0,7142.65,7129.3,7111.0,stop,-22.5,22.5,-1.0,2018
2018-06-11,2018-06-11 15:40:00+00:00,2018-06-11 16:23:00+00:00,7177.0,7188.6,7147.3,7188.6,7170.5,7147.3,target,11.600000000000364,29.699999999999818,0.3905723905724052,2018
2018-06-13,2018-06-13 14:00:00+00:00,2018-06-13 14:12:00+00:00,7233.0,7239.1,7217.8,7239.1,7230.0,7217.8,target,6.100000000000364,15.199999999999818,0.40131578947371294,2018
2018-06-15,2018-06-15 16:55:00+00:00,2018-06-15 19:59:00+00:00,7261.2,7257.2,7227.9,7277.6,7260.7,7227.9,expiry,-4.0,33.30000000000018,-0.12012012012011947,2018
2018-06-18,2018-06-18 13:45:00+00:00,2018-06-18 14:20:00+00:00,7213.1,7225.200000000001,7186.6,7225.200000000001,7210.8,7186.6,target,12.100000000000364,26.5,0.4566037735849194,2018
2018-06-20,2018-06-20 14:55:00+00:00,2018-06-20 15:58:00+00:00,7283.0,7293.35,7260.8,7293.35,7281.5,7260.8,target,10.350000000000364,22.199999999999818,0.46621621621623643,2018
2018-06-26,2018-06-26 13:45:00+00:00,2018-06-26 14:47:00+00:00,7088.8,7041.4,7041.4,7111.5,7086.8,7041.4,stop,-47.400000000000546,47.400000000000546,-1.0,2018
2018-06-27,2018-06-27 13:45:00+00:00,2018-06-27 14:38:00+00:00,7114.2,7124.95,7087.4,7124.95,7108.9,7087.4,target,10.75,26.800000000000182,0.4011194029850719,2018
2018-06-29,2018-06-29 14:50:00+00:00,2018-06-29 16:55:00+00:00,7096.0,7065.7,7065.7,7110.4,7094.5,7065.7,stop,-30.300000000000182,30.300000000000182,-1.0,2018
2018-07-02,2018-07-02 13:45:00+00:00,2018-07-02 14:25:00+00:00,7011.7,7029.049999999999,6969.7,7029.049999999999,7004.4,6969.7,target,17.349999999999454,42.0,0.4130952380952251,2018
2018-07-06,2018-07-06 13:55:00+00:00,2018-07-06 15:01:00+00:00,7144.0,7161.35,7106.0,7161.35,7140.7,7106.0,target,17.350000000000364,38.0,0.45657894736843063,2018
2018-07-11,2018-07-11 14:00:00+00:00,2018-07-11 19:59:00+00:00,7262.3,7240.5,7221.4,7279.85,7256.5,7221.4,expiry,-21.800000000000182,40.900000000000546,-0.5330073349633225,2018
2018-07-17,2018-07-17 13:50:00+00:00,2018-07-17 14:31:00+00:00,7322.4,7341.65,7281.7,7341.65,7320.2,7281.7,target,19.25,40.69999999999982,0.4729729729729751,2018
2018-07-20,2018-07-20 14:30:00+00:00,2018-07-20 14:44:00+00:00,7382.4,7391.4,7361.7,7391.4,7379.7,7361.7,target,9.0,20.699999999999818,0.434782608695656,2018
2018-07-23,2018-07-23 14:40:00+00:00,2018-07-23 16:21:00+00:00,7340.6,7360.35,7299.4,7360.35,7338.9,7299.4,target,19.75,41.20000000000073,0.47936893203882647,2018
2018-07-25,2018-07-25 13:45:00+00:00,2018-07-25 15:39:00+00:00,7425.3,7436.200000000001,7402.3,7436.200000000001,7424.1,7402.3,target,10.900000000000546,23.0,0.4739130434782846,2018
2018-08-01,2018-08-01 13:55:00+00:00,2018-08-01 14:22:00+00:00,7275.1,7290.4,7242.8,7290.4,7273.4,7242.8,target,15.299999999999272,32.30000000000018,0.4736842105262906,2018
2018-08-03,2018-08-03 14:25:00+00:00,2018-08-03 19:59:00+00:00,7390.5,7392.3,7358.3,7406.25,7389.8,7358.3,expiry,1.800000000000182,32.19999999999982,0.055900621118018384,2018
2018-08-06,2018-08-06 13:50:00+00:00,2018-08-06 14:13:00+00:00,7399.3,7407.55,7377.8,7407.55,7394.3,7377.8,target,8.25,21.5,0.38372093023255816,2018
2018-08-08,2018-08-08 13:45:00+00:00,2018-08-08 14:54:00+00:00,7460.3,7473.200000000001,7433.0,7473.200000000001,7458.8,7433.0,target,12.900000000000546,27.300000000000182,0.4725274725274894,2018
2018-08-13,2018-08-13 13:50:00+00:00,2018-08-13 14:10:00+00:00,7444.7,7455.7,7417.0,7455.7,7439.0,7417.0,target,11.0,27.699999999999818,0.3971119133574033,2018
2018-08-21,2018-08-21 13:50:00+00:00,2018-08-21 15:54:00+00:00,7417.8,7426.05,7388.4,7426.05,7404.9,7388.4,target,8.25,29.400000000000546,0.280612244897954,2018
2018-08-22,2018-08-22 14:45:00+00:00,2018-08-22 15:42:00+00:00,7416.6,7430.450000000001,7378.5,7430.450000000001,7406.2,7378.5,target,13.850000000000364,38.100000000000364,0.3635170603674601,2018
2018-08-24,2018-08-24 14:00:00+00:00,2018-08-24 14:34:00+00:00,7459.6,7468.05,7436.8,7468.05,7453.7,7436.8,target,8.449999999999818,22.800000000000182,0.37061403508770835,2018
2018-08-27,2018-08-27 13:55:00+00:00,2018-08-27 14:13:00+00:00,7532.8,7543.950000000001,7509.5,7543.950000000001,7531.8,7509.5,target,11.150000000000546,23.300000000000182,0.4785407725322085,2018
2018-08-29,2018-08-29 14:10:00+00:00,2018-08-29 14:38:00+00:00,7606.9,7618.95,7581.5,7618.95,7605.6,7581.5,target,12.050000000000182,25.399999999999636,0.4744094488189116,2018
2018-08-31,2018-08-31 13:45:00+00:00,2018-08-31 14:15:00+00:00,7660.9,7674.15,7633.4,7674.15,7659.9,7633.4,target,13.25,27.5,0.4818181818181818,2018
2018-09-03,2018-09-03 13:50:00+00:00,2018-09-03 13:58:00+00:00,7667.3,7669.3,7662.3,7669.3,7666.3,7662.3,target,2.0,5.0,0.4,2018
2018-09-07,2018-09-07 13:45:00+00:00,2018-09-07 13:53:00+00:00,7435.4,7454.4,7397.2,7454.4,7435.2,7397.2,target,19.0,38.19999999999982,0.49738219895288194,2018
2018-09-11,2018-09-11 13:45:00+00:00,2018-09-11 14:08:00+00:00,7450.8,7471.35,7401.2,7471.35,7442.3,7401.2,target,20.550000000000182,49.600000000000364,0.41431451612903286,2018
2018-09-18,2018-09-18 13:45:00+00:00,2018-09-18 15:15:00+00:00,7494.5,7520.65,7444.5,7520.65,7491.5,7439.2,target,26.149999999999636,50.0,0.5229999999999927,2018
2018-09-24,2018-09-24 13:50:00+00:00,2018-09-24 14:06:00+00:00,7493.8,7514.05,7449.1,7514.05,7489.6,7449.1,target,20.25,44.69999999999982,0.45302013422818976,2018
2018-09-26,2018-09-26 14:00:00+00:00,2018-09-26 15:05:00+00:00,7594.8,7607.200000000001,7568.5,7607.200000000001,7593.3,7568.5,target,12.400000000000546,26.300000000000182,0.47148288973385777,2018
2018-10-01,2018-10-01 13:50:00+00:00,2018-10-01 16:41:00+00:00,7701.0,7669.0,7669.0,7716.25,7699.5,7669.0,stop,-32.0,32.0,-1.0,2018
2018-10-02,2018-10-02 13:55:00+00:00,2018-10-02 15:23:00+00:00,7656.6,7675.5,7612.6,7675.5,7650.4,7612.6,target,18.899999999999636,44.0,0.4295454545454463,2018
2018-10-03,2018-10-03 14:10:00+00:00,2018-10-03 14:55:00+00:00,7680.2,7654.2,7654.2,7691.1,7676.0,7654.2,stop,-26.0,26.0,-1.0,2018
2018-10-08,2018-10-08 13:50:00+00:00,2018-10-08 15:26:00+00:00,7399.4,7349.4,7349.4,7422.25,7385.6,7339.9,stop,-50.0,50.0,-1.0,2018
2018-10-09,2018-10-09 14:20:00+00:00,2018-10-09 14:35:00+00:00,7405.5,7431.5,7355.5,7431.5,7394.3,7342.3,target,26.0,50.0,0.52,2018
2018-10-16,2018-10-16 13:55:00+00:00,2018-10-16 14:33:00+00:00,7176.4,7138.6,7138.6,7190.549999999999,7166.9,7138.6,stop,-37.79999999999927,37.79999999999927,-1.0,2018
2018-10-19,2018-10-19 13:50:00+00:00,2018-10-19 15:34:00+00:00,7212.2,7162.2,7162.2,7237.95,7210.2,7158.7,stop,-50.0,50.0,-1.0,2018
2018-10-29,2018-10-29 14:00:00+00:00,2018-10-29 14:38:00+00:00,6969.2,6919.2,6919.2,6991.95,6960.7,6915.2,stop,-50.0,50.0,-1.0,2018
2018-10-31,2018-10-31 13:55:00+00:00,2018-10-31 14:18:00+00:00,6973.8,6994.3,6923.8,6994.3,6959.8,6918.8,target,20.5,50.0,0.41,2018
2018-11-07,2018-11-07 15:10:00+00:00,2018-11-07 15:35:00+00:00,7110.1,7133.450000000001,7060.1,7133.450000000001,7102.3,7055.6,target,23.350000000000364,50.0,0.4670000000000073,2018
2018-11-16,2018-11-16 14:45:00+00:00,2018-11-16 15:02:00+00:00,6847.6,6866.5,6797.6,6866.5,6835.4,6797.6,target,18.899999999999636,50.0,0.37799999999999273,2018
2018-11-26,2018-11-26 14:45:00+00:00,2018-11-26 14:58:00+00:00,6627.6,6644.35,6593.9,6644.35,6627.4,6593.9,target,16.75,33.70000000000073,0.4970326409495442,2018
2018-11-30,2018-11-30 15:30:00+00:00,2018-11-30 20:26:00+00:00,6920.1,6938.35,6870.1,6938.35,6905.9,6869.4,target,18.25,50.0,0.365,2018
2018-12-12,2018-12-12 14:55:00+00:00,2018-12-12 15:11:00+00:00,6810.3,6821.55,6786.7,6821.55,6809.2,6786.7,target,11.25,23.600000000000364,0.47669491525422997,2018
2018-12-14,2018-12-14 15:00:00+00:00,2018-12-14 16:52:00+00:00,6703.4,6654.8,6654.8,6721.199999999999,6690.4,6654.8,stop,-48.599999999999454,48.599999999999454,-1.0,2018
2018-12-18,2018-12-18 14:50:00+00:00,2018-12-18 16:24:00+00:00,6520.9,6484.9,6484.9,6537.85,6518.8,6484.9,stop,-36.0,36.0,-1.0,2018
2018-12-19,2018-12-19 14:45:00+00:00,2018-12-19 14:56:00+00:00,6530.6,6554.85,6480.6,6554.85,6518.9,6470.4,target,24.25,50.0,0.485,2018
2019-01-02,2019-01-02 14:45:00+00:00,2019-01-02 15:05:00+00:00,6241.3,6263.15,6191.3,6263.15,6234.0,6190.3,target,21.849999999999454,50.0,0.43699999999998906,2019
2019-01-07,2019-01-07 15:30:00+00:00,2019-01-07 16:38:00+00:00,6463.5,6479.0,6413.5,6479.0,6442.8,6411.8,target,15.5,50.0,0.31,2019
2019-01-09,2019-01-09 14:50:00+00:00,2019-01-09 15:44:00+00:00,6596.0,6555.1,6555.1,6614.35,6591.8,6555.1,stop,-40.899999999999636,40.899999999999636,-1.0,2019
2019-01-11,2019-01-11 15:05:00+00:00,2019-01-11 15:28:00+00:00,6591.2,6563.7,6563.7,6602.85,6587.0,6563.7,stop,-27.5,27.5,-1.0,2019
2019-01-14,2019-01-14 15:15:00+00:00,2019-01-14 15:45:00+00:00,6544.9,6560.5,6510.2,6560.5,6541.4,6510.2,target,15.600000000000364,34.69999999999982,0.4495677233429523,2019
2019-01-16,2019-01-16 14:45:00+00:00,2019-01-16 15:41:00+00:00,6713.2,6673.3,6673.3,6728.4,6703.7,6673.3,stop,-39.899999999999636,39.899999999999636,-1.0,2019
2019-01-23,2019-01-23 14:45:00+00:00,2019-01-23 15:22:00+00:00,6707.9,6681.4,6681.4,6718.7,6703.0,6681.4,stop,-26.5,26.5,-1.0,2019
2019-01-25,2019-01-25 14:55:00+00:00,2019-01-25 15:06:00+00:00,6760.1,6772.1,6731.3,6772.1,6755.3,6731.3,target,12.0,28.800000000000182,0.416666666666664,2019
2019-02-01,2019-02-01 15:05:00+00:00,2019-02-01 18:46:00+00:00,6907.1,6865.1,6865.1,6927.700000000001,6906.3,6865.1,stop,-42.0,42.0,-1.0,2019
2019-02-04,2019-02-04 14:45:00+00:00,2019-02-04 15:12:00+00:00,6899.5,6910.1,6869.0,6910.1,6890.2,6869.0,target,10.600000000000364,30.5,0.3475409836065693,2019
2019-02-05,2019-02-05 14:50:00+00:00,2019-02-05 20:59:00+00:00,7008.7,7020.3,6964.9,7029.95,7007.4,6964.9,expiry,11.600000000000364,43.80000000000018,0.26484018264840903,2019
2019-02-12,2019-02-12 14:45:00+00:00,2019-02-12 15:11:00+00:00,6975.7,6990.25,6946.3,6990.25,6975.4,6946.3,target,14.550000000000182,29.399999999999636,0.4948979591836858,2019
2019-02-18,2019-02-18 14:50:00+00:00,2019-02-18 15:29:00+00:00,7064.7,7067.549999999999,7057.3,7067.549999999999,7063.0,7057.3,target,2.8499999999994543,7.399999999999636,0.38513513513508035,2019
2019-02-19,2019-02-19 14:55:00+00:00,2019-02-19 16:46:00+00:00,7060.6,7075.800000000001,7029.2,7075.800000000001,7059.6,7029.2,target,15.200000000000728,31.400000000000546,0.4840764331210339,2019
2019-02-20,2019-02-20 14:55:00+00:00,2019-02-20 15:31:00+00:00,7083.3,7091.85,7065.4,7091.85,7082.5,7065.4,target,8.550000000000182,17.900000000000546,0.4776536312849118,2019
2019-02-22,2019-02-22 14:55:00+00:00,2019-02-22 15:53:00+00:00,7069.2,7078.7,7046.5,7078.7,7065.5,7046.5,target,9.5,22.699999999999818,0.41850220264317517,2019
2019-02-26,2019-02-26 15:00:00+00:00,2019-02-26 20:03:00+00:00,7125.0,7137.950000000001,7084.9,7137.950000000001,7110.8,7084.9,target,12.950000000000728,40.100000000000364,0.3229426433915364,2019
2019-03-08,2019-03-08 14:45:00+00:00,2019-03-08 15:07:00+00:00,6967.1,6938.8,6938.8,6977.6,6959.8,6938.8,stop,-28.300000000000182,28.300000000000182,-1.0,2019
2019-03-11,2019-03-11 13:45:00+00:00,2019-03-11 14:33:00+00:00,7085.7,7107.15,7041.6,7107.15,7084.5,7041.6,target,21.449999999999818,44.099999999999454,0.4863945578231311,2019
2019-03-12,2019-03-12 14:30:00+00:00,2019-03-12 14:52:00+00:00,7197.2,7209.2,7163.2,7209.2,7187.2,7163.2,target,12.0,34.0,0.35294117647058826,2019
2019-03-13,2019-03-13 13:50:00+00:00,2019-03-13 14:54:00+00:00,7249.5,7256.95,7228.0,7256.95,7242.9,7228.0,target,7.449999999999818,21.5,0.34651162790696827,2019
2019-03-15,2019-03-15 13:45:00+00:00,2019-03-15 13:56:00+00:00,7287.8,7299.15,7262.8,7299.15,7285.5,7262.8,target,11.349999999999454,25.0,0.4539999999999782,2019
2019-03-18,2019-03-18 13:45:00+00:00,2019-03-18 13:59:00+00:00,7327.7,7336.799999999999,7305.1,7336.799999999999,7323.3,7305.1,target,9.099999999999454,22.599999999999454,0.40265486725662275,2019
2019-03-20,2019-03-20 14:45:00+00:00,2019-03-20 15:57:00+00:00,7357.0,7328.2,7328.2,7369.65,7353.5,7328.2,stop,-28.800000000000182,28.800000000000182,-1.0,2019
2019-03-26,2019-03-26 13:50:00+00:00,2019-03-26 13:59:00+00:00,7399.4,7410.25,7371.9,7410.25,7393.6,7371.9,target,10.850000000000364,27.5,0.3945454545454678,2019
2019-04-03,2019-04-03 13:45:00+00:00,2019-04-03 14:06:00+00:00,7543.7,7528.6,7528.6,7551.0,7543.2,7528.6,stop,-15.099999999999454,15.099999999999454,-1.0,2019
2019-04-05,2019-04-05 14:00:00+00:00,2019-04-05 19:59:00+00:00,7575.3,7577.5,7554.3,7584.55,7572.8,7554.3,expiry,2.199999999999818,21.0,0.1047619047618961,2019
2019-04-08,2019-04-08 15:00:00+00:00,2019-04-08 17:35:00+00:00,7569.6,7586.0,7536.3,7586.0,7569.1,7536.3,target,16.399999999999636,33.30000000000018,0.4924924924924789,2019
2019-04-09,2019-04-09 14:05:00+00:00,2019-04-09 19:55:00+00:00,7587.0,7560.1,7560.1,7599.45,7585.0,7560.1,stop,-26.899999999999636,26.899999999999636,-1.0,2019
2019-04-10,2019-04-10 14:40:00+00:00,2019-04-10 14:49:00+00:00,7591.4,7600.949999999999,7572.1,7600.949999999999,7591.2,7572.1,target,9.549999999999272,19.299999999999272,0.4948186528497219,2019
2019-04-16,2019-04-16 14:00:00+00:00,2019-04-16 14:13:00+00:00,7664.6,7670.0,7647.2,7670.0,7658.0,7647.2,target,5.399999999999636,17.400000000000546,0.31034482758617626,2019
2019-04-22,2019-04-22 13:45:00+00:00,2019-04-22 14:01:00+00:00,7672.4,7680.949999999999,7652.3,7680.949999999999,7669.4,7652.3,target,8.549999999999272,20.099999999999454,0.42537313432833357,2019
2019-04-23,2019-04-23 13:50:00+00:00,2019-04-23 14:04:00+00:00,7754.8,7771.8,7720.3,7771.8,7754.3,7720.3,target,17.0,34.5,0.4927536231884058,2019
2019-05-01,2019-05-01 14:10:00+00:00,2019-05-01 15:40:00+00:00,7837.1,7845.35,7816.5,7845.35,7833.0,7816.5,target,8.25,20.600000000000364,0.4004854368931968,2019
2019-05-03,2019-05-03 13:50:00+00:00,2019-05-03 14:01:00+00:00,7788.2,7794.95,7770.5,7794.95,7784.0,7770.5,target,6.75,17.699999999999818,0.38135593220339375,2019
2019-05-08,2019-05-08 14:15:00+00:00,2019-05-08 15:00:00+00:00,7638.6,7662.6,7589.6,7662.6,7637.6,7589.6,target,24.0,49.0,0.4897959183673469,2019
2019-05-15,2019-05-15 13:45:00+00:00,2019-05-15 14:00:00+00:00,7385.1,7401.1,7349.1,7401.1,7381.1,7349.1,target,16.0,36.0,0.4444444444444444,2019
2019-05-17,2019-05-17 13:45:00+00:00,2019-05-17 14:52:00+00:00,7550.5,7574.05,7502.9,7574.05,7550.0,7502.9,target,23.550000000000182,47.600000000000364,0.4947478991596639,2019
2019-05-20,2019-05-20 14:25:00+00:00,2019-05-20 19:11:00+00:00,7405.2,7355.2,7355.2,7432.7,7403.7,7348.7,stop,-50.0,50.0,-1.0,2019
2019-05-22,2019-05-22 13:50:00+00:00,2019-05-22 14:15:00+00:00,7437.5,7451.05,7407.7,7451.05,7434.8,7407.7,target,13.550000000000182,29.800000000000182,0.4546979865771845,2019
2019-05-29,2019-05-29 14:15:00+00:00,2019-05-29 15:23:00+00:00,7246.4,7204.1,7204.1,7262.75,7236.8,7204.1,stop,-42.29999999999927,42.29999999999927,-1.0,2019
2019-05-31,2019-05-31 14:45:00+00:00,2019-05-31 19:22:00+00:00,7168.8,7133.3,7133.3,7183.9,7163.5,7133.3,stop,-35.5,35.5,-1.0,2019
2019-06-04,2019-06-04 14:20:00+00:00,2019-06-04 15:01:00+00:00,7071.5,7089.1,7027.4,7089.1,7062.6,7027.4,target,17.600000000000364,44.100000000000364,0.3990929705215469,2019
2019-06-07,2019-06-07 13:55:00+00:00,2019-06-07 14:30:00+00:00,7366.9,7394.699999999999,7316.9,7394.699999999999,7361.2,7305.6,target,27.799999999999272,50.0,0.5559999999999854,2019
2019-06-10,2019-06-10 14:05:00+00:00,2019-06-10 14:47:00+00:00,7523.3,7546.9,7473.3,7546.9,7512.5,7465.3,target,23.599999999999454,50.0,0.4719999999999891,2019
2019-06-14,2019-06-14 14:45:00+00:00,2019-06-14 19:15:00+00:00,7482.3,7494.55,7453.1,7494.55,7477.6,7453.1,target,12.25,29.199999999999818,0.4195205479452081,2019
2019-06-17,2019-06-17 13:45:00+00:00,2019-06-17 14:35:00+00:00,7529.7,7547.2,7490.2,7547.2,7525.2,7490.2,target,17.5,39.5,0.4430379746835443,2019
2019-06-19,2019-06-19 18:00:00+00:00,2019-06-19 19:59:00+00:00,7669.5,7667.3,7619.5,7692.05,7657.1,7612.0,expiry,-2.199999999999818,50.0,-0.04399999999999636,2019
2019-06-21,2019-06-21 14:00:00+00:00,2019-06-21 14:42:00+00:00,7732.0,7742.1,7709.2,7742.1,7729.4,7709.2,target,10.100000000000364,22.800000000000182,0.4429824561403633,2019
2019-07-02,2019-07-02 14:25:00+00:00,2019-07-02 14:32:00+00:00,7774.3,7784.0,7753.4,7784.0,7772.8,7753.4,target,9.699999999999818,20.900000000000546,0.46411483253586433,2019
2019-07-03,2019-07-03 14:05:00+00:00,2019-07-03 14:27:00+00:00,7824.0,7830.75,7809.7,7830.75,7823.2,7809.7,target,6.75,14.300000000000182,0.47202797202796604,2019
2019-07-09,2019-07-09 14:00:00+00:00,2019-07-09 14:36:00+00:00,7782.3,7798.95,7742.1,7798.95,7775.4,7742.1,target,16.649999999999636,40.19999999999982,0.41417910447760475,2019
2019-07-10,2019-07-10 13:45:00+00:00,2019-07-10 15:17:00+00:00,7917.3,7867.3,7867.3,7938.9,7907.5,7864.3,stop,-50.0,50.0,-1.0,2019
2019-07-12,2019-07-12 13:45:00+00:00,2019-07-12 14:44:00+00:00,7923.8,7903.8,7903.8,7932.700000000001,7921.6,7903.8,stop,-20.0,20.0,-1.0,2019
2019-07-16,2019-07-16 13:45:00+00:00,2019-07-16 14:18:00+00:00,7967.6,7953.6,7953.6,7973.85,7966.1,7953.6,stop,-14.0,14.0,-1.0,2019
2019-07-22,2019-07-22 13:45:00+00:00,2019-07-22 13:56:00+00:00,7889.0,7901.7,7861.0,7901.7,7886.4,7861.0,target,12.699999999999818,28.0,0.4535714285714221,2019
2019-07-24,2019-07-24 13:45:00+00:00,2019-07-24 14:32:00+00:00,7956.0,7970.25,7925.0,7970.25,7953.5,7925.0,target,14.25,31.0,0.4596774193548387,2019
2019-07-26,2019-07-26 17:20:00+00:00,2019-07-26 19:59:00+00:00,8021.2,8017.1,7981.9,8040.55,8020.6,7981.9,expiry,-4.099999999999454,39.30000000000018,-0.1043256997455327,2019
2019-07-30,2019-07-30 14:00:00+00:00,2019-07-30 18:03:00+00:00,7961.5,7978.85,7922.7,7978.85,7957.4,7922.7,target,17.350000000000364,38.80000000000018,0.44716494845361554,2019
2019-07-31,2019-07-31 14:05:00+00:00,2019-07-31 14:31:00+00:00,7977.6,7956.8,7956.8,7987.85,7977.3,7956.8,stop,-20.800000000000182,20.800000000000182,-1.0,2019
2019-08-16,2019-08-16 14:20:00+00:00,2019-08-16 14:46:00+00:00,7585.3,7598.55,7545.9,7598.55,7572.4,7545.9,target,13.25,39.400000000000546,0.33629441624365014,2019
2019-08-20,2019-08-20 14:55:00+00:00,2019-08-20 18:17:00+00:00,7716.9,7676.0,7676.0,7734.9,7712.0,7676.0,stop,-40.899999999999636,40.899999999999636,-1.0,2019
2019-08-28,2019-08-28 14:05:00+00:00,2019-08-28 15:30:00+00:00,7561.3,7585.35,7511.3,7585.35,7545.9,7497.8,target,24.050000000000182,50.0,0.48100000000000365,2019
2019-09-02,2019-09-02 14:20:00+00:00,2019-09-02 15:49:00+00:00,7661.8,7636.1,7636.1,7673.1,7658.7,7636.1,stop,-25.699999999999818,25.699999999999818,-1.0,2019
2019-09-03,2019-09-03 13:50:00+00:00,2019-09-03 14:04:00+00:00,7669.1,7623.2,7623.2,7689.050000000001,7663.1,7623.2,stop,-45.900000000000546,45.900000000000546,-1.0,2019
2019-09-11,2019-09-11 13:45:00+00:00,2019-09-11 14:14:00+00:00,7844.9,7862.75,7808.6,7862.75,7844.3,7808.6,target,17.850000000000364,36.29999999999927,0.49173553719010255,2019
2019-09-13,2019-09-13 13:50:00+00:00,2019-09-13 14:13:00+00:00,7912.5,7884.0,7884.0,7924.75,7908.5,7884.0,stop,-28.5,28.5,-1.0,2019
2019-09-16,2019-09-16 13:50:00+00:00,2019-09-16 15:59:00+00:00,7864.1,7832.6,7832.6,7878.5,7861.4,7832.6,stop,-31.5,31.5,-1.0,2019
2019-09-17,2019-09-17 19:25:00+00:00,2019-09-17 19:45:00+00:00,7871.9,7887.049999999999,7839.3,7887.049999999999,7869.6,7839.3,target,15.149999999999636,32.599999999999454,0.4647239263803647,2019
2019-09-23,2019-09-23 13:50:00+00:00,2019-09-23 14:06:00+00:00,7824.5,7798.2,7798.2,7837.05,7823.3,7798.2,stop,-26.300000000000182,26.300000000000182,-1.0,2019
2019-09-24,2019-09-24 13:50:00+00:00,2019-09-24 14:06:00+00:00,7868.8,7847.0,7847.0,7879.5,7868.4,7847.0,stop,-21.800000000000182,21.800000000000182,-1.0,2019
2019-09-30,2019-09-30 13:50:00+00:00,2019-09-30 14:15:00+00:00,7718.5,7730.6,7692.8,7730.6,7717.0,7692.8,target,12.100000000000364,25.699999999999818,0.47081712062258557,2019
2019-10-01,2019-10-01 13:45:00+00:00,2019-10-01 14:05:00+00:00,7821.8,7777.4,7777.4,7842.5,7818.8,7777.4,stop,-44.400000000000546,44.400000000000546,-1.0,2019
2019-10-04,2019-10-04 13:55:00+00:00,2019-10-04 15:34:00+00:00,7700.3,7715.0,7665.4,7715.0,7694.8,7665.4,target,14.699999999999818,34.900000000000546,0.4212034383954037,2019
2019-10-07,2019-10-07 14:25:00+00:00,2019-10-07 15:00:00+00:00,7744.7,7758.849999999999,7712.1,7758.849999999999,7740.4,7712.1,target,14.149999999999636,32.599999999999454,0.43404907975459733,2019
2019-10-11,2019-10-11 13:45:00+00:00,2019-10-11 14:01:00+00:00,7857.0,7869.1,7829.1,7869.1,7853.3,7829.1,target,12.100000000000364,27.899999999999636,0.4336917562724201,2019
2019-10-14,2019-10-14 14:05:00+00:00,2019-10-14 19:59:00+00:00,7859.8,7841.6,7823.8,7874.5,7853.2,7823.8,expiry,-18.199999999999818,36.0,-0.5055555555555505,2019
2019-10-15,2019-10-15 14:00:00+00:00,2019-10-15 14:15:00+00:00,7889.9,7904.15,7860.1,7904.15,7888.6,7860.1,target,14.25,29.799999999999272,0.4781879194630989,2019
2019-10-23,2019-10-23 14:50:00+00:00,2019-10-23 19:59:00+00:00,7879.1,7887.2,7844.0,7894.700000000001,7875.2,7844.0,expiry,8.099999999999454,35.100000000000364,0.23076923076921282,2019
2019-10-25,2019-10-25 13:45:00+00:00,2019-10-25 14:08:00+00:00,7949.9,7964.049999999999,7920.9,7964.049999999999,7949.2,7920.9,target,14.149999999999636,29.0,0.48793103448274605,2019
2019-10-28,2019-10-28 14:15:00+00:00,2019-10-28 15:45:00+00:00,8095.7,8107.549999999999,8067.5,8107.549999999999,8091.2,8067.5,target,11.849999999999454,28.199999999999818,0.4202127659574302,2019
2019-10-30,2019-10-30 18:50:00+00:00,2019-10-30 19:17:00+00:00,8067.3,8081.5,8032.4,8081.5,8060.8,8032.4,target,14.199999999999818,34.900000000000546,0.406876790830934,2019
2019-11-01,2019-11-01 13:50:00+00:00,2019-11-01 14:02:00+00:00,8137.0,8145.9,8110.1,8145.9,8127.9,8110.1,target,8.899999999999636,26.899999999999636,0.33085501858735156,2019
2019-11-11,2019-11-11 14:45:00+00:00,2019-11-11 15:17:00+00:00,8218.7,8226.300000000001,8199.8,8226.300000000001,8215.0,8199.8,target,7.600000000000364,18.900000000001455,0.4021164021163904,2019
2019-11-12,2019-11-12 14:55:00+00:00,2019-11-12 15:20:00+00:00,8267.0,8276.8,8247.2,8276.8,8266.8,8247.2,target,9.799999999999272,19.799999999999272,0.4949494949494764,2019
2019-11-13,2019-11-13 15:20:00+00:00,2019-11-13 16:44:00+00:00,8259.7,8272.900000000001,8233.2,8272.900000000001,8259.6,8233.2,target,13.200000000000728,26.5,0.4981132075471973,2019
2019-11-18,2019-11-18 16:30:00+00:00,2019-11-18 19:20:00+00:00,8315.6,8332.95,8275.7,8332.95,8310.4,8275.7,target,17.350000000000364,39.899999999999636,0.4348370927318427,2019
2019-11-20,2019-11-20 14:55:00+00:00,2019-11-20 15:34:00+00:00,8325.7,8332.95,8310.0,8332.95,8324.5,8310.0,target,7.25,15.700000000000728,0.46178343949042444,2019
2019-11-25,2019-11-25 14:50:00+00:00,2019-11-25 15:40:00+00:00,8346.6,8364.55,8306.9,8364.55,8342.8,8306.9,target,17.94999999999891,39.70000000000073,0.452141057934473,2019
2019-11-26,2019-11-26 15:20:00+00:00,2019-11-26 16:14:00+00:00,8383.5,8391.400000000001,8366.9,8391.400000000001,8382.7,8366.9,target,7.900000000001455,16.600000000000364,0.4759036144579086,2019
2019-11-27,2019-11-27 14:50:00+00:00,2019-11-27 15:25:00+00:00,8412.6,8418.650000000001,8399.9,8418.650000000001,8412.0,8399.9,target,6.050000000001091,12.700000000000728,0.4763779527559642,2019
2019-11-29,2019-11-29 14:55:00+00:00,2019-11-29 16:45:00+00:00,8434.7,8418.5,8418.5,8440.300000000001,8429.7,8418.5,stop,-16.200000000000728,16.200000000000728,-1.0,2019
2019-12-06,2019-12-06 14:45:00+00:00,2019-12-06 17:24:00+00:00,8384.8,8393.15,8364.8,8393.15,8381.5,8364.8,target,8.350000000000364,20.0,0.4175000000000182,2019
2019-12-10,2019-12-10 15:05:00+00:00,2019-12-10 15:23:00+00:00,8370.4,8385.9,8337.4,8385.9,8368.4,8337.4,target,15.5,33.0,0.4696969696969697,2019
2019-12-11,2019-12-11 14:45:00+00:00,2019-12-11 14:59:00+00:00,8379.4,8386.15,8362.8,8386.15,8376.3,8362.8,target,6.75,16.600000000000364,0.40662650602408745,2019
2019-12-13,2019-12-13 14:50:00+00:00,2019-12-13 15:02:00+00:00,8480.5,8497.1,8439.9,8497.1,8473.1,8439.9,target,16.600000000000364,40.600000000000364,0.4088669950738969,2019
2019-12-16,2019-12-16 14:45:00+00:00,2019-12-16 15:25:00+00:00,8575.6,8586.95,8548.6,8586.95,8571.3,8548.6,target,11.350000000000364,27.0,0.42037037037038383,2019
2019-12-31,2019-12-31 20:50:00+00:00,2019-12-31 20:59:00+00:00,8731.8,8730.1,8681.8,8758.15,8727.1,8674.4,expiry,-1.6999999999989086,50.0,-0.03399999999997817,2019
2020-01-06,2020-01-06 14:45:00+00:00,2020-01-06 15:11:00+00:00,8768.1,8791.150000000001,8718.1,8791.150000000001,8760.0,8713.9,target,23.05000000000109,50.0,0.46100000000002184,2020
2020-01-07,2020-01-07 16:00:00+00:00,2020-01-07 20:59:00+00:00,8867.2,8846.6,8820.1,8888.25,8862.2,8820.1,expiry,-20.600000000000364,47.100000000000364,-0.43736730360934617,2020
2020-01-08,2020-01-08 14:50:00+00:00,2020-01-08 16:38:00+00:00,8874.9,8893.65,8833.4,8893.65,8870.9,8833.4,target,18.75,41.5,0.45180722891566266,2020
2020-01-13,2020-01-13 14:55:00+00:00,2020-01-13 16:28:00+00:00,9020.3,9032.599999999999,8991.2,9032.599999999999,9015.8,8991.2,target,12.299999999999272,29.099999999998545,0.42268041237113013,2020
2020-01-15,2020-01-15 14:50:00+00:00,2020-01-15 18:33:00+00:00,9072.1,9040.1,9040.1,9085.8,9067.5,9040.1,stop,-32.0,32.0,-1.0,2020
2020-01-20,2020-01-20 16:25:00+00:00,2020-01-20 17:07:00+00:00,9163.1,9167.35,9154.4,9167.35,9162.9,9154.4,target,4.25,8.700000000000728,0.48850574712639594,2020
2020-01-21,2020-01-21 14:50:00+00:00,2020-01-21 15:05:00+00:00,9163.5,9173.3,9143.7,9173.3,9163.3,9143.7,target,9.799999999999272,19.799999999999272,0.4949494949494764,2020
2020-01-22,2020-01-22 15:25:00+00:00,2020-01-22 20:06:00+00:00,9234.6,9203.3,9203.3,9249.25,9232.6,9203.3,stop,-31.30000000000109,31.30000000000109,-1.0,2020
2020-01-27,2020-01-27 14:50:00+00:00,2020-01-27 20:59:00+00:00,8983.1,8955.1,8933.1,9010.75,8975.4,8920.1,expiry,-28.0,50.0,-0.56,2020
2020-01-28,2020-01-28 15:20:00+00:00,2020-01-28 15:41:00+00:00,9044.1,9063.3,8996.1,9063.3,9034.5,8996.1,target,19.19999999999891,48.0,0.39999999999997726,2020
2020-02-03,2020-02-03 14:45:00+00:00,2020-02-03 15:00:00+00:00,9102.9,9132.1,9052.9,9132.1,9090.2,9031.8,target,29.200000000000728,50.0,0.5840000000000145,2020
2020-02-04,2020-02-04 14:45:00+00:00,2020-02-04 15:41:00+00:00,9267.9,9288.9,9223.3,9288.9,9265.3,9223.3,target,21.0,44.600000000000364,0.47085201793721587,2020
2020-02-07,2020-02-07 15:35:00+00:00,2020-02-07 16:20:00+00:00,9419.2,9438.550000000001,9377.5,9438.550000000001,9416.2,9377.5,target,19.350000000000364,41.70000000000073,0.4640287769784179,2020
2020-02-10,2020-02-10 14:50:00+00:00,2020-02-10 15:34:00+00:00,9431.2,9460.25,9381.2,9460.25,9430.5,9372.4,target,29.049999999999272,50.0,0.5809999999999854,2020
2020-02-11,2020-02-11 15:10:00+00:00,2020-02-11 19:03:00+00:00,9582.1,9532.8,9532.8,9603.35,9575.3,9532.8,stop,-49.30000000000109,49.30000000000109,-1.0,2020
2020-02-17,2020-02-17 16:00:00+00:00,2020-02-17 17:55:00+00:00,9660.2,9664.2,9651.9,9664.2,9659.9,9651.9,target,4.0,8.300000000001091,0.4819277108433101,2020
2020-02-18,2020-02-18 14:50:00+00:00,2020-02-18 19:26:00+00:00,9612.2,9632.45,9570.6,9632.45,9611.1,9570.6,target,20.25,41.600000000000364,0.48677884615384187,2020
2020-02-19,2020-02-19 14:50:00+00:00,2020-02-19 16:03:00+00:00,9706.3,9721.199999999999,9674.2,9721.199999999999,9704.0,9674.2,target,14.899999999999636,32.099999999998545,0.46417445482867015,2020
2020-04-20,2020-04-20 14:25:00+00:00,2020-04-20 14:47:00+00:00,8798.4,8825.4,8748.4,8825.4,8794.8,8740.8,target,27.0,50.0,0.54,2020
2020-04-27,2020-04-27 13:55:00+00:00,2020-04-27 14:59:00+00:00,8876.1,8830.6,8830.6,8895.25,8868.9,8830.6,stop,-45.5,45.5,-1.0,2020
2020-04-29,2020-04-29 13:45:00+00:00,2020-04-29 14:16:00+00:00,8891.4,8917.45,8841.4,8917.45,8879.5,8827.4,target,26.05000000000109,50.0,0.5210000000000218,2020
2020-05-01,2020-05-01 14:00:00+00:00,2020-05-01 15:07:00+00:00,8864.5,8814.5,8814.5,8895.4,8852.0,8790.2,stop,-50.0,50.0,-1.0,2020
2020-05-04,2020-05-04 13:50:00+00:00,2020-05-04 14:00:00+00:00,8727.2,8745.400000000001,8677.2,8745.400000000001,8699.1,8662.7,target,18.200000000000728,50.0,0.36400000000001453,2020
2020-05-05,2020-05-05 13:45:00+00:00,2020-05-05 14:01:00+00:00,8959.3,8982.7,8909.3,8982.7,8953.1,8906.3,target,23.400000000001455,50.0,0.4680000000000291,2020
2020-05-08,2020-05-08 14:15:00+00:00,2020-05-08 15:44:00+00:00,9184.3,9210.05,9134.3,9210.05,9174.2,9122.7,target,25.75,50.0,0.515,2020
2020-05-11,2020-05-11 13:50:00+00:00,2020-05-11 14:47:00+00:00,9224.0,9256.150000000001,9174.0,9256.150000000001,9218.1,9153.8,target,32.150000000001455,50.0,0.6430000000000291,2020
2020-05-15,2020-05-15 13:50:00+00:00,2020-05-15 14:11:00+00:00,9018.0,9050.0,8968.0,9050.0,9014.4,8950.4,target,32.0,50.0,0.64,2020
2020-05-19,2020-05-19 13:55:00+00:00,2020-05-19 14:13:00+00:00,9376.5,9403.65,9326.5,9403.65,9373.9,9319.6,target,27.149999999999636,50.0,0.5429999999999927,2020
2020-05-20,2020-05-20 13:45:00+00:00,2020-05-20 14:00:00+00:00,9445.7,9464.95,9405.3,9464.95,9443.8,9405.3,target,19.25,40.400000000001455,0.4764851485148343,2020
2020-05-22,2020-05-22 13:50:00+00:00,2020-05-22 17:23:00+00:00,9383.6,9407.6,9333.6,9407.6,9371.2,9323.2,target,24.0,50.0,0.48,2020
2020-05-25,2020-05-25 14:50:00+00:00,2020-05-25 15:23:00+00:00,9528.9,9534.8,9517.0,9534.8,9528.8,9517.0,target,5.899999999999636,11.899999999999636,0.4957983193277157,2020
2020-05-29,2020-05-29 13:45:00+00:00,2020-05-29 14:08:00+00:00,9475.1,9425.1,9425.1,9495.95,9465.0,9423.3,stop,-50.0,50.0,-1.0,2020
2020-06-01,2020-06-01 14:00:00+00:00,2020-06-01 16:45:00+00:00,9563.8,9590.05,9513.8,9590.05,9560.2,9507.7,target,26.25,50.0,0.525,2020
2020-06-03,2020-06-03 13:55:00+00:00,2020-06-03 16:09:00+00:00,9698.9,9654.0,9654.0,9720.599999999999,9697.4,9654.0,stop,-44.899999999999636,44.899999999999636,-1.0,2020
2020-06-09,2020-06-09 13:50:00+00:00,2020-06-09 14:42:00+00:00,9906.1,9930.0,9856.1,9930.0,9901.0,9853.2,target,23.899999999999636,50.0,0.4779999999999927,2020
2020-06-10,2020-06-10 14:00:00+00:00,2020-06-10 14:56:00+00:00,10068.5,10024.7,10024.7,10089.349999999999,10066.4,10024.7,stop,-43.79999999999927,43.79999999999927,-1.0,2020
2020-06-16,2020-06-16 14:25:00+00:00,2020-06-16 14:41:00+00:00,9995.9,9951.8,9951.8,10017.5,9995.0,9951.8,stop,-44.100000000000364,44.100000000000364,-1.0,2020
2020-06-19,2020-06-19 13:45:00+00:00,2020-06-19 14:46:00+00:00,10113.1,10084.9,10084.9,10125.900000000001,10110.5,10084.9,stop,-28.200000000000728,28.200000000000728,-1.0,2020
2020-06-22,2020-06-22 13:55:00+00:00,2020-06-22 14:02:00+00:00,10032.4,10047.2,9987.4,10047.2,10017.0,9987.4,target,14.800000000001091,45.0,0.32888888888891316,2020
2020-06-23,2020-06-23 14:15:00+00:00,2020-06-23 14:41:00+00:00,10219.1,10239.400000000001,10170.3,10239.400000000001,10210.9,10170.3,target,20.30000000000109,48.80000000000109,0.4159836065573901,2020
2020-06-30,2020-06-30 13:45:00+00:00,2020-06-30 14:24:00+00:00,10021.2,10054.900000000001,9971.2,10054.900000000001,10021.1,9953.7,target,33.70000000000073,50.0,0.6740000000000146,2020
2020-07-01,2020-07-01 14:15:00+00:00,2020-07-01 15:07:00+00:00,10200.6,10231.400000000001,10150.6,10231.400000000001,10199.1,10137.5,target,30.80000000000109,50.0,0.6160000000000219,2020
2020-07-06,2020-07-06 13:55:00+00:00,2020-07-06 14:00:00+00:00,10524.7,10540.400000000001,10474.7,10540.400000000001,10505.6,10474.2,target,15.700000000000728,50.0,0.31400000000001455,2020
2020-07-07,2020-07-07 13:45:00+00:00,2020-07-07 14:16:00+00:00,10632.1,10661.35,10582.1,10661.35,10621.0,10562.5,target,29.25,50.0,0.585,2020
2020-07-08,2020-07-08 13:55:00+00:00,2020-07-08 15:07:00+00:00,10634.4,10584.4,10584.4,10658.8,10621.0,10572.2,stop,-50.0,50.0,-1.0,2020
2020-07-13,2020-07-13 14:25:00+00:00,2020-07-13 15:01:00+00:00,11007.0,11040.7,10957.0,11040.7,11004.7,10937.3,target,33.70000000000073,50.0,0.6740000000000146,2020
2020-07-20,2020-07-20 13:50:00+00:00,2020-07-20 14:13:00+00:00,10693.8,10732.849999999999,10643.8,10732.849999999999,10692.8,10614.7,target,39.04999999999927,50.0,0.7809999999999855,2020
2020-07-22,2020-07-22 13:50:00+00:00,2020-07-22 14:43:00+00:00,10891.0,10841.0,10841.0,10916.849999999999,10880.9,10829.2,stop,-50.0,50.0,-1.0,2020
2020-08-03,2020-08-03 15:40:00+00:00,2020-08-03 19:59:00+00:00,11052.5,11045.8,11002.5,11083.35,11049.0,10987.3,expiry,-6.700000000000728,50.0,-0.13400000000001455,2020
2020-08-04,2020-08-04 13:45:00+00:00,2020-08-04 16:13:00+00:00,11068.5,11018.5,11018.5,11090.0,11056.2,11013.2,stop,-50.0,50.0,-1.0,2020
2020-08-05,2020-08-05 14:05:00+00:00,2020-08-05 19:59:00+00:00,11121.4,11120.1,11073.0,11140.55,11111.3,11073.0,expiry,-1.2999999999992724,48.399999999999636,-0.026859504132216574,2020
2020-08-07,2020-08-07 13:45:00+00:00,2020-08-07 14:21:00+00:00,11247.3,11210.3,11210.3,11263.349999999999,11242.4,11210.3,stop,-37.0,37.0,-1.0,2020
2020-08-12,2020-08-12 13:45:00+00:00,2020-08-12 13:53:00+00:00,11034.5,11058.05,10984.5,11058.05,11009.9,10962.8,target,23.549999999999272,50.0,0.47099999999998543,2020
2020-08-17,2020-08-17 13:50:00+00:00,2020-08-17 14:01:00+00:00,11261.5,11276.0,11227.2,11276.0,11256.2,11227.2,target,14.5,34.29999999999927,0.4227405247813501,2020
2020-08-21,2020-08-21 13:45:00+00:00,2020-08-21 14:25:00+00:00,11494.2,11511.400000000001,11457.4,11511.400000000001,11491.8,11457.4,target,17.200000000000728,36.80000000000109,0.467391304347832,2020
2020-08-25,2020-08-25 14:15:00+00:00,2020-08-25 15:12:00+00:00,11641.4,11669.55,11591.4,11669.55,11634.0,11577.7,target,28.149999999999636,50.0,0.5629999999999927,2020
2020-08-26,2020-08-26 14:20:00+00:00,2020-08-26 14:34:00+00:00,11804.1,11820.85,11765.7,11820.85,11799.2,11765.7,target,16.75,38.399999999999636,0.4361979166666708,2020
2020-08-31,2020-08-31 13:45:00+00:00,2020-08-31 14:33:00+00:00,12044.8,12068.25,11995.1,12068.25,12042.0,11995.1,target,23.450000000000728,49.69999999999891,0.471830985915518,2020
2020-09-01,2020-09-01 14:00:00+00:00,2020-09-01 14:26:00+00:00,12223.3,12261.9,12173.3,12261.9,12204.0,12126.8,target,38.600000000000364,50.0,0.7720000000000072,2020
2020-09-14,2020-09-14 13:45:00+00:00,2020-09-14 14:16:00+00:00,11307.8,11345.9,11257.8,11345.9,11284.2,11208.0,target,38.100000000000364,50.0,0.7620000000000072,2020
2020-09-15,2020-09-15 13:50:00+00:00,2020-09-15 14:22:00+00:00,11472.1,11422.1,11422.1,11495.85,11461.6,11414.1,stop,-50.0,50.0,-1.0,2020
2020-09-25,2020-09-25 14:20:00+00:00,2020-09-25 14:34:00+00:00,10944.9,10977.75,10894.9,10977.75,10927.9,10862.2,target,32.850000000000364,50.0,0.6570000000000072,2020
2020-09-30,2020-09-30 13:50:00+00:00,2020-09-30 13:57:00+00:00,11392.4,11419.25,11342.4,11419.25,11376.1,11322.4,target,26.850000000000364,50.0,0.5370000000000072,2020
2020-10-05,2020-10-05 14:00:00+00:00,2020-10-05 14:13:00+00:00,11401.9,11426.8,11351.9,11426.8,11386.3,11336.5,target,24.899999999999636,50.0,0.4979999999999927,2020
2020-10-09,2020-10-09 13:45:00+00:00,2020-10-09 14:47:00+00:00,11644.4,11664.099999999999,11601.4,11664.099999999999,11640.8,11601.4,target,19.69999999999891,43.0,0.4581395348836956,2020
2020-10-16,2020-10-16 14:00:00+00:00,2020-10-16 14:18:00+00:00,11992.5,12013.55,11942.5,12013.55,11981.8,11939.7,target,21.049999999999272,50.0,0.42099999999998544,2020
2020-10-20,2020-10-20 13:55:00+00:00,2020-10-20 14:47:00+00:00,11717.0,11667.0,11667.0,11751.9,11715.0,11645.2,stop,-50.0,50.0,-1.0,2020
2020-10-21,2020-10-21 13:45:00+00:00,2020-10-21 14:59:00+00:00,11760.3,11710.3,11710.3,11801.65,11751.7,11669.0,stop,-50.0,50.0,-1.0,2020
2020-11-02,2020-11-02 14:50:00+00:00,2020-11-02 15:35:00+00:00,11203.4,11153.4,11153.4,11240.8,11196.8,11122.0,stop,-50.0,50.0,-1.0,2020
2020-11-03,2020-11-03 14:45:00+00:00,2020-11-03 14:54:00+00:00,11176.9,11201.65,11126.9,11201.65,11164.2,11114.7,target,24.75,50.0,0.495,2020
2020-11-16,2020-11-16 15:05:00+00:00,2020-11-16 16:10:00+00:00,11990.3,12036.949999999999,11940.3,12036.949999999999,11989.8,11896.5,target,46.649999999999636,50.0,0.9329999999999927,2020
2020-11-20,2020-11-20 15:20:00+00:00,2020-11-20 15:39:00+00:00,11992.4,12008.099999999999,11959.9,12008.099999999999,11991.3,11959.9,target,15.699999999998909,32.5,0.4830769230768895,2020
2020-11-23,2020-11-23 14:45:00+00:00,2020-11-23 15:06:00+00:00,12001.9,11954.4,11954.4,12019.65,11989.9,11954.4,stop,-47.5,47.5,-1.0,2020
2020-11-24,2020-11-24 15:40:00+00:00,2020-11-24 16:05:00+00:00,11978.0,12016.25,11928.0,12016.25,11963.3,11886.8,target,38.25,50.0,0.765,2020
2020-11-27,2020-11-27 15:10:00+00:00,2020-11-27 15:22:00+00:00,12270.2,12289.900000000001,12222.1,12289.900000000001,12261.5,12222.1,target,19.700000000000728,48.100000000000364,0.4095634095634216,2020
2020-12-01,2020-12-01 15:00:00+00:00,2020-12-01 15:09:00+00:00,12408.0,12432.75,12358.0,12432.75,12388.4,12338.9,target,24.75,50.0,0.495,2020
2020-12-02,2020-12-02 15:15:00+00:00,2020-12-02 16:52:00+00:00,12417.1,12457.8,12367.1,12457.8,12401.6,12320.2,target,40.69999999999891,50.0,0.8139999999999782,2020
2020-12-04,2020-12-04 14:45:00+00:00,2020-12-04 15:06:00+00:00,12496.7,12515.7,12450.2,12515.7,12488.2,12450.2,target,19.0,46.5,0.40860215053763443,2020
2020-12-07,2020-12-07 14:55:00+00:00,2020-12-07 20:59:00+00:00,12586.6,12598.8,12536.6,12614.85,12584.2,12527.7,expiry,12.199999999998909,50.0,0.24399999999997818,2020
2020-12-09,2020-12-09 14:50:00+00:00,2020-12-09 15:11:00+00:00,12636.6,12590.4,12590.4,12658.25,12633.7,12590.4,stop,-46.20000000000073,46.20000000000073,-1.0,2020
2020-12-14,2020-12-14 14:50:00+00:00,2020-12-14 15:17:00+00:00,12505.8,12544.2,12455.8,12544.2,12505.2,12428.4,target,38.400000000001455,50.0,0.7680000000000291,2020
2020-12-16,2020-12-16 15:40:00+00:00,2020-12-16 16:52:00+00:00,12642.3,12668.75,12592.3,12668.75,12637.6,12584.7,target,26.450000000000728,50.0,0.5290000000000146,2020
2020-12-22,2020-12-22 14:45:00+00:00,2020-12-22 14:55:00+00:00,12739.3,12759.0,12692.5,12759.0,12731.9,12692.5,target,19.700000000000728,46.79999999999927,0.42094017094019304,2020
2020-12-23,2020-12-23 18:05:00+00:00,2020-12-23 20:50:00+00:00,12740.0,12690.0,12690.0,12767.15,12736.8,12682.5,stop,-50.0,50.0,-1.0,2020
2021-01-06,2021-01-06 14:45:00+00:00,2021-01-06 15:10:00+00:00,12657.1,12693.5,12607.1,12693.5,12637.3,12564.5,target,36.399999999999636,50.0,0.7279999999999928,2021
2021-01-08,2021-01-08 15:15:00+00:00,2021-01-08 15:23:00+00:00,13064.1,13014.1,13014.1,13096.650000000001,13063.5,12998.4,stop,-50.0,50.0,-1.0,2021
2021-01-11,2021-01-11 15:05:00+00:00,2021-01-11 19:18:00+00:00,12993.8,12943.8,12943.8,13034.3,12986.8,12905.8,stop,-50.0,50.0,-1.0,2021
2021-01-13,2021-01-13 14:50:00+00:00,2021-01-13 15:02:00+00:00,12949.1,12899.1,12899.1,12974.900000000001,12929.4,12877.8,stop,-50.0,50.0,-1.0,2021
2021-01-18,2021-01-18 14:55:00+00:00,2021-01-18 17:59:00+00:00,12824.6,12824.6,12798.1,12835.85,12820.6,12798.1,expiry,0.0,26.5,0.0,2021
2021-01-20,2021-01-20 15:05:00+00:00,2021-01-20 15:34:00+00:00,13220.0,13254.8,13170.0,13254.8,13204.8,13135.2,target,34.79999999999927,50.0,0.6959999999999854,2021
2021-01-22,2021-01-22 14:45:00+00:00,2021-01-22 15:38:00+00:00,13392.9,13342.9,13342.9,13410.0,13376.1,13341.9,stop,-50.0,50.0,-1.0,2021
2021-01-26,2021-01-26 15:45:00+00:00,2021-01-26 16:45:00+00:00,13528.7,13478.7,13478.7,13565.7,13523.2,13449.2,stop,-50.0,50.0,-1.0,2021
2021-02-02,2021-02-02 14:45:00+00:00,2021-02-02 16:50:00+00:00,13427.2,13456.45,13377.2,13456.45,13416.1,13357.6,target,29.25,50.0,0.585,2021
2021-02-08,2021-02-08 15:00:00+00:00,2021-02-08 16:29:00+00:00,13682.4,13640.9,13640.9,13702.8,13681.7,13640.9,stop,-41.5,41.5,-1.0,2021
2021-02-09,2021-02-09 14:50:00+00:00,2021-02-09 15:00:00+00:00,13700.0,13719.45,13652.7,13719.45,13691.6,13652.7,target,19.450000000000728,47.29999999999927,0.41120507399579337,2021
2021-02-12,2021-02-12 15:10:00+00:00,2021-02-12 15:51:00+00:00,13714.4,13739.15,13664.4,13739.15,13703.2,13653.7,target,24.75,50.0,0.495,2021
2021-02-15,2021-02-15 15:35:00+00:00,2021-02-15 17:42:00+00:00,13868.2,13873.5,13855.8,13873.5,13866.4,13855.8,target,5.299999999999272,12.400000000001455,0.42741935483860083,2021
2021-02-16,2021-02-16 15:25:00+00:00,2021-02-16 15:55:00+00:00,13871.7,13821.7,13821.7,13895.25,13866.7,13819.6,stop,-50.0,50.0,-1.0,2021
2021-02-17,2021-02-17 14:50:00+00:00,2021-02-17 15:06:00+00:00,13689.0,13639.0,13639.0,13717.85,13673.5,13615.8,stop,-50.0,50.0,-1.0,2021
2021-02-22,2021-02-22 14:45:00+00:00,2021-02-22 15:18:00+00:00,13430.8,13380.8,13380.8,13463.3,13427.8,13362.8,stop,-50.0,50.0,-1.0,2021
2021-03-01,2021-03-01 15:15:00+00:00,2021-03-01 15:43:00+00:00,13135.7,13172.95,13085.7,13172.95,13119.7,13045.2,target,37.25,50.0,0.745,2021
2021-03-09,2021-03-09 14:45:00+00:00,2021-03-09 14:55:00+00:00,12661.9,12694.3,12611.9,12694.3,12656.2,12591.4,target,32.399999999999636,50.0,0.6479999999999927,2021
2021-03-12,2021-03-12 14:55:00+00:00,2021-03-12 15:17:00+00:00,12886.6,12836.6,12836.6,12923.95,12875.6,12800.9,stop,-50.0,50.0,-1.0,2021
2021-03-15,2021-03-15 13:50:00+00:00,2021-03-15 14:03:00+00:00,12968.6,12995.1,12918.6,12995.1,12956.6,12903.6,target,26.5,50.0,0.53,2021
2021-03-16,2021-03-16 13:45:00+00:00,2021-03-16 14:02:00+00:00,13224.3,13252.65,13174.3,13252.65,13205.5,13148.8,target,28.350000000000364,50.0,0.5670000000000073,2021
2021-03-17,2021-03-17 13:45:00+00:00,2021-03-17 14:18:00+00:00,13035.5,13075.55,12985.5,13075.55,13031.0,12950.9,target,40.04999999999927,50.0,0.8009999999999855,2021
2021-03-22,2021-03-22 13:50:00+00:00,2021-03-22 14:45:00+00:00,13031.1,13063.35,12981.1,13063.35,13009.2,12944.7,target,32.25,50.0,0.645,2021
2021-03-26,2021-03-26 13:45:00+00:00,2021-03-26 14:04:00+00:00,12837.4,12870.55,12787.4,12870.55,12836.4,12770.1,target,33.149999999999636,50.0,0.6629999999999927,2021
2021-03-31,2021-03-31 13:45:00+00:00,2021-03-31 14:00:00+00:00,13043.8,13074.55,12993.8,13074.55,13030.8,12969.3,target,30.75,50.0,0.615,2021
2021-04-05,2021-04-05 13:45:00+00:00,2021-04-05 14:10:00+00:00,13492.3,13510.5,13442.3,13510.5,13460.5,13424.1,target,18.200000000000728,50.0,0.36400000000001453,2021
2021-04-06,2021-04-06 13:50:00+00:00,2021-04-06 14:54:00+00:00,13604.2,13627.600000000002,13554.2,13627.600000000002,13599.6,13552.8,target,23.400000000001455,50.0,0.4680000000000291,2021
2021-04-07,2021-04-07 13:45:00+00:00,2021-04-07 14:02:00+00:00,13584.2,13607.6,13534.2,13607.6,13573.8,13527.0,target,23.399999999999636,50.0,0.4679999999999927,2021
2021-04-09,2021-04-09 13:45:00+00:00,2021-04-09 14:03:00+00:00,13723.2,13745.25,13673.2,13745.25,13716.6,13672.5,target,22.049999999999272,50.0,0.44099999999998546,2021
2021-04-13,2021-04-13 13:50:00+00:00,2021-04-13 15:36:00+00:00,13956.9,13906.9,13906.9,13992.75,13952.7,13881.0,stop,-50.0,50.0,-1.0,2021
2021-04-20,2021-04-20 13:45:00+00:00,2021-04-20 14:34:00+00:00,13923.6,13873.6,13873.6,13950.35,13920.7,13867.2,stop,-50.0,50.0,-1.0,2021
2021-04-21,2021-04-21 13:45:00+00:00,2021-04-21 14:25:00+00:00,13790.7,13822.2,13740.7,13822.2,13778.4,13715.4,target,31.5,50.0,0.63,2021
2021-04-23,2021-04-23 13:50:00+00:00,2021-04-23 14:14:00+00:00,13843.5,13866.25,13793.5,13866.25,13836.2,13790.7,target,22.75,50.0,0.455,2021
2021-04-28,2021-04-28 13:45:00+00:00,2021-04-28 13:59:00+00:00,13958.7,13987.3,13908.7,13987.3,13957.3,13900.1,target,28.599999999998545,50.0,0.5719999999999709,2021
2021-04-30,2021-04-30 13:55:00+00:00,2021-04-30 14:27:00+00:00,13920.6,13946.6,13870.6,13946.6,13906.0,13854.0,target,26.0,50.0,0.52,2021
2021-05-03,2021-05-03 14:10:00+00:00,2021-05-03 14:51:00+00:00,13942.9,13892.9,13892.9,13973.0,13928.7,13868.5,stop,-50.0,50.0,-1.0,2021
2021-05-07,2021-05-07 13:45:00+00:00,2021-05-07 14:18:00+00:00,13755.1,13794.1,13705.1,13794.1,13749.8,13671.8,target,39.0,50.0,0.78,2021
2021-05-14,2021-05-14 13:55:00+00:00,2021-05-14 14:11:00+00:00,13266.3,13290.3,13217.5,13290.3,13265.5,13217.5,target,24.0,48.79999999999927,0.4918032786885319,2021
2021-05-18,2021-05-18 14:25:00+00:00,2021-05-18 15:42:00+00:00,13390.9,13340.9,13340.9,13414.8,13369.9,13322.1,stop,-50.0,50.0,-1.0,2021
2021-05-19,2021-05-19 14:25:00+00:00,2021-05-19 15:22:00+00:00,13097.8,13144.9,13047.8,13144.9,13070.2,12976.0,target,47.100000000000364,50.0,0.9420000000000073,2021
2021-05-24,2021-05-24 14:00:00+00:00,2021-05-24 14:22:00+00:00,13595.2,13639.900000000001,13545.2,13639.900000000001,13588.9,13499.5,target,44.70000000000073,50.0,0.8940000000000146,2021
2021-05-28,2021-05-28 15:40:00+00:00,2021-05-28 19:54:00+00:00,13750.0,13700.5,13700.5,13771.55,13743.6,13700.5,stop,-49.5,49.5,-1.0,2021
2021-06-02,2021-06-02 13:45:00+00:00,2021-06-02 17:22:00+00:00,13703.2,13655.1,13655.1,13721.05,13690.8,13655.1,stop,-48.100000000000364,48.100000000000364,-1.0,2021
2021-06-04,2021-06-04 13:45:00+00:00,2021-06-04 14:02:00+00:00,13693.6,13732.050000000001,13643.6,13732.050000000001,13684.7,13607.8,target,38.45000000000073,50.0,0.7690000000000146,2021
2021-06-11,2021-06-11 13:45:00+00:00,2021-06-11 13:56:00+00:00,13978.2,13946.3,13946.3,13993.850000000002,13977.6,13946.3,stop,-31.900000000001455,31.900000000001455,-1.0,2021
2021-06-14,2021-06-14 13:45:00+00:00,2021-06-14 14:06:00+00:00,14047.7,13997.7,13997.7,14073.0,14023.8,13973.2,stop,-50.0,50.0,-1.0,2021
2021-06-15,2021-06-15 13:50:00+00:00,2021-06-15 14:25:00+00:00,14129.5,14079.5,14079.5,14154.150000000001,14128.6,14079.3,stop,-50.0,50.0,-1.0,2021
2021-06-16,2021-06-16 13:50:00+00:00,2021-06-16 15:08:00+00:00,14097.1,14058.9,14058.9,14112.6,14089.9,14058.9,stop,-38.20000000000073,38.20000000000073,-1.0,2021
2021-06-22,2021-06-22 15:05:00+00:00,2021-06-22 16:24:00+00:00,14203.0,14237.349999999999,14153.0,14237.349999999999,14191.9,14123.2,target,34.349999999998545,50.0,0.6869999999999709,2021
2021-06-23,2021-06-23 13:55:00+00:00,2021-06-23 15:03:00+00:00,14321.2,14271.2,14271.2,14343.95,14315.0,14269.5,stop,-50.0,50.0,-1.0,2021
2021-06-28,2021-06-28 14:05:00+00:00,2021-06-28 18:53:00+00:00,14482.2,14515.850000000002,14432.2,14515.850000000002,14473.7,14406.4,target,33.650000000001455,50.0,0.6730000000000291,2021
2021-06-29,2021-06-29 14:45:00+00:00,2021-06-29 16:54:00+00:00,14540.5,14567.5,14490.5,14567.5,14539.1,14485.1,target,27.0,50.0,0.54,2021
2021-06-30,2021-06-30 14:55:00+00:00,2021-06-30 16:28:00+00:00,14583.4,14539.9,14539.9,14605.0,14583.1,14539.9,stop,-43.5,43.5,-1.0,2021
2021-07-02,2021-07-02 13:45:00+00:00,2021-07-02 16:57:00+00:00,14677.2,14697.600000000002,14632.4,14697.600000000002,14673.2,14632.4,target,20.400000000001455,44.80000000000109,0.4553571428571642,2021
2021-07-06,2021-07-06 14:05:00+00:00,2021-07-06 14:33:00+00:00,14797.8,14751.7,14751.7,14814.649999999998,14785.4,14751.7,stop,-46.099999999998545,46.099999999998545,-1.0,2021
2021-07-09,2021-07-09 14:20:00+00:00,2021-07-09 14:53:00+00:00,14740.9,14767.65,14690.9,14767.65,14733.9,14680.4,target,26.75,50.0,0.535,2021
2021-07-13,2021-07-13 13:45:00+00:00,2021-07-13 13:58:00+00:00,14911.4,14930.8,14861.4,14930.8,14892.8,14854.0,target,19.399999999999636,50.0,0.38799999999999274,2021
2021-07-14,2021-07-14 14:00:00+00:00,2021-07-14 14:36:00+00:00,15005.3,14955.3,14955.3,15032.4,15003.6,14949.4,stop,-50.0,50.0,-1.0,2021
2021-07-20,2021-07-20 14:20:00+00:00,2021-07-20 14:50:00+00:00,14619.5,14661.5,14569.5,14661.5,14612.0,14528.0,target,42.0,50.0,0.84,2021
2021-07-21,2021-07-21 13:55:00+00:00,2021-07-21 15:09:00+00:00,14767.2,14793.7,14717.2,14793.7,14758.2,14705.2,target,26.5,50.0,0.53,2021
2021-07-23,2021-07-23 14:15:00+00:00,2021-07-23 15:15:00+00:00,15008.2,15037.900000000001,14958.2,15037.900000000001,15004.6,14945.2,target,29.700000000000728,50.0,0.5940000000000145,2021
2021-07-26,2021-07-26 13:50:00+00:00,2021-07-26 14:36:00+00:00,15106.1,15131.0,15056.1,15131.0,15102.5,15052.7,target,24.899999999999636,50.0,0.4979999999999927,2021
2021-07-30,2021-07-30 13:45:00+00:00,2021-07-30 14:00:00+00:00,14938.5,14965.25,14888.5,14965.25,14931.5,14878.0,target,26.75,50.0,0.535,2021
2021-08-02,2021-08-02 15:20:00+00:00,2021-08-02 16:00:00+00:00,15057.6,15007.6,15007.6,15103.95,15055.8,14963.1,stop,-50.0,50.0,-1.0,2021
2021-08-09,2021-08-09 18:30:00+00:00,2021-08-09 19:59:00+00:00,15155.7,15134.0,15105.7,15190.400000000001,15150.9,15081.5,expiry,-21.700000000000728,50.0,-0.43400000000001454,2021
2021-08-13,2021-08-13 13:45:00+00:00,2021-08-13 14:11:00+00:00,15109.1,15122.35,15078.1,15122.35,15104.6,15078.1,target,13.25,31.0,0.4274193548387097,2021
2021-08-18,2021-08-18 13:50:00+00:00,2021-08-18 15:35:00+00:00,15024.8,14974.8,14974.8,15047.4,15016.2,14971.0,stop,-50.0,50.0,-1.0,2021
2021-08-20,2021-08-20 13:45:00+00:00,2021-08-20 13:52:00+00:00,15015.3,15033.349999999999,14965.3,15033.349999999999,15000.3,14964.2,target,18.049999999999272,50.0,0.36099999999998544,2021
2021-08-23,2021-08-23 13:45:00+00:00,2021-08-23 14:05:00+00:00,15202.2,15236.150000000001,15152.2,15236.150000000001,15199.2,15131.3,target,33.95000000000073,50.0,0.6790000000000146,2021
2021-08-24,2021-08-24 14:05:00+00:00,2021-08-24 19:59:00+00:00,15366.8,15361.8,15318.8,15386.8,15358.8,15318.8,expiry,-5.0,48.0,-0.10416666666666667,2021
2021-08-27,2021-08-27 14:00:00+00:00,2021-08-27 14:10:00+00:00,15356.5,15380.349999999999,15306.5,15380.349999999999,15336.9,15289.2,target,23.849999999998545,50.0,0.4769999999999709,2021
2021-08-30,2021-08-30 13:50:00+00:00,2021-08-30 14:04:00+00:00,15524.3,15554.65,15474.3,15554.65,15521.1,15460.4,target,30.350000000000364,50.0,0.6070000000000073,2021
2021-09-01,2021-09-01 13:45:00+00:00,2021-09-01 18:34:00+00:00,15698.0,15648.0,15648.0,15723.05,15675.5,15625.4,stop,-50.0,50.0,-1.0,2021
2021-09-03,2021-09-03 13:55:00+00:00,2021-09-03 14:03:00+00:00,15632.4,15659.65,15582.4,15659.65,15610.8,15556.3,target,27.25,50.0,0.545,2021
2021-09-06,2021-09-06 13:45:00+00:00,2021-09-06 13:53:00+00:00,15695.9,15697.9,15686.9,15697.9,15690.9,15686.9,target,2.0,9.0,0.2222222222222222,2021
2021-09-21,2021-09-21 13:45:00+00:00,2021-09-21 13:58:00+00:00,15142.0,15092.0,15092.0,15175.45,15114.3,15047.4,stop,-50.0,50.0,-1.0,2021
2021-09-22,2021-09-22 13:55:00+00:00,2021-09-22 14:02:00+00:00,15094.5,15122.2,15044.5,15122.2,15089.1,15033.7,target,27.700000000000728,50.0,0.5540000000000146,2021
2021-09-24,2021-09-24 13:55:00+00:00,2021-09-24 16:14:00+00:00,15265.1,15291.400000000001,15215.1,15291.400000000001,15261.2,15208.6,target,26.30000000000109,50.0,0.5260000000000218,2021
2021-09-29,2021-09-29 13:45:00+00:00,2021-09-29 13:55:00+00:00,14886.6,14918.7,14836.6,14918.7,14870.3,14806.1,target,32.100000000000364,50.0,0.6420000000000072,2021
2021-10-05,2021-10-05 13:45:00+00:00,2021-10-05 14:08:00+00:00,14587.6,14625.25,14537.6,14625.25,14587.5,14512.2,target,37.649999999999636,50.0,0.7529999999999927,2021
2021-10-11,2021-10-11 13:45:00+00:00,2021-10-11 17:06:00+00:00,14861.9,14811.9,14811.9,14914.199999999999,14841.8,14737.2,stop,-50.0,50.0,-1.0,2021
2021-10-18,2021-10-18 13:45:00+00:00,2021-10-18 14:53:00+00:00,15149.7,15182.35,15099.7,15182.35,15132.5,15067.2,target,32.649999999999636,50.0,0.6529999999999927,2021
2021-10-19,2021-10-19 13:50:00+00:00,2021-10-19 15:02:00+00:00,15370.5,15396.400000000001,15320.5,15396.400000000001,15369.7,15317.9,target,25.900000000001455,50.0,0.5180000000000291,2021
2021-10-20,2021-10-20 13:45:00+00:00,2021-10-20 13:53:00+00:00,15449.6,15418.1,15418.1,15465.2,15449.3,15418.1,stop,-31.5,31.5,-1.0,2021
2021-10-25,2021-10-25 15:55:00+00:00,2021-10-25 16:39:00+00:00,15451.4,15506.05,15401.4,15506.05,15447.6,15338.3,target,54.649999999999636,50.0,1.0929999999999926,2021
2021-10-26,2021-10-26 14:10:00+00:00,2021-10-26 15:34:00+00:00,15689.6,15639.6,15639.6,15728.45,15673.7,15596.0,stop,-50.0,50.0,-1.0,2021
2021-10-27,2021-10-27 13:45:00+00:00,2021-10-27 14:04:00+00:00,15645.8,15595.8,15595.8,15679.15,15641.6,15574.9,stop,-50.0,50.0,-1.0,2021
2021-10-29,2021-10-29 13:55:00+00:00,2021-10-29 15:12:00+00:00,15697.6,15730.900000000001,15647.6,15730.900000000001,15697.5,15630.9,target,33.30000000000109,50.0,0.6660000000000218,2021
2021-11-02,2021-11-02 13:45:00+00:00,2021-11-02 14:12:00+00:00,15973.4,15923.4,15923.4,16015.65,15963.5,15879.0,stop,-50.0,50.0,-1.0,2021
2021-11-10,2021-11-10 14:45:00+00:00,2021-11-10 15:00:00+00:00,16147.2,16188.800000000001,16097.2,16188.800000000001,16134.5,16051.3,target,41.600000000000364,50.0,0.8320000000000073,2021
2021-11-12,2021-11-12 15:45:00+00:00,2021-11-12 16:01:00+00:00,16095.8,16130.849999999999,16045.8,16130.849999999999,16086.6,16016.5,target,35.04999999999927,50.0,0.7009999999999854,2021
2021-11-16,2021-11-16 16:00:00+00:00,2021-11-16 16:21:00+00:00,16262.9,16314.05,16212.9,16314.05,16259.4,16157.1,target,51.149999999999636,50.0,1.0229999999999928,2021
2021-11-19,2021-11-19 14:45:00+00:00,2021-11-19 14:57:00+00:00,16584.7,16608.4,16534.7,16608.4,16568.0,16520.6,target,23.700000000000728,50.0,0.4740000000000146,2021
2021-11-22,2021-11-22 14:45:00+00:00,2021-11-22 15:16:00+00:00,16733.4,16769.4,16683.4,16769.4,16714.7,16642.7,target,36.0,50.0,0.72,2021
2021-11-23,2021-11-23 14:45:00+00:00,2021-11-23 15:01:00+00:00,16408.0,16358.0,16358.0,16455.0,16381.8,16287.8,stop,-50.0,50.0,-1.0,2021
2021-11-24,2021-11-24 15:00:00+00:00,2021-11-24 15:12:00+00:00,16227.9,16177.9,16177.9,16274.25,16211.2,16118.5,stop,-50.0,50.0,-1.0,2021
2021-11-29,2021-11-29 14:55:00+00:00,2021-11-29 15:31:00+00:00,16301.4,16251.4,16251.4,16336.45,16283.9,16213.8,stop,-50.0,50.0,-1.0,2021
2021-11-30,2021-11-30 14:50:00+00:00,2021-11-30 14:57:00+00:00,16383.7,16409.95,16333.7,16409.95,16375.0,16322.5,target,26.25,50.0,0.525,2021
2021-12-01,2021-12-01 15:05:00+00:00,2021-12-01 15:21:00+00:00,16373.7,16323.7,16323.7,16414.9,16355.9,16273.5,stop,-50.0,50.0,-1.0,2021
2021-12-07,2021-12-07 14:45:00+00:00,2021-12-07 14:54:00+00:00,16194.4,16223.1,16144.4,16223.1,16177.7,16120.3,target,28.700000000000728,50.0,0.5740000000000145,2021
2021-12-08,2021-12-08 14:45:00+00:00,2021-12-08 14:55:00+00:00,16342.4,16292.4,16292.4,16382.849999999999,16334.9,16254.0,stop,-50.0,50.0,-1.0,2021
2021-12-22,2021-12-22 14:45:00+00:00,2021-12-22 15:04:00+00:00,16035.2,15985.2,15985.2,16074.050000000001,16025.7,15948.0,stop,-50.0,50.0,-1.0,2021
2021-12-27,2021-12-27 15:00:00+00:00,2021-12-27 15:30:00+00:00,16471.1,16522.6,16421.1,16522.6,16461.6,16358.6,target,51.5,50.0,1.03,2021
2022-01-11,2022-01-11 15:00:00+00:00,2022-01-11 15:34:00+00:00,15619.8,15569.8,15569.8,15677.8,15602.3,15486.3,stop,-50.0,50.0,-1.0,2022
2022-01-12,2022-01-12 15:10:00+00:00,2022-01-12 15:31:00+00:00,16015.8,15965.8,15965.8,16064.3,16004.4,15907.4,stop,-50.0,50.0,-1.0,2022
2022-01-18,2022-01-18 15:05:00+00:00,2022-01-18 15:33:00+00:00,15420.1,15370.1,15370.1,15469.55,15385.6,15286.7,stop,-50.0,50.0,-1.0,2022
2022-01-19,2022-01-19 14:50:00+00:00,2022-01-19 15:22:00+00:00,15354.8,15304.8,15304.8,15398.399999999998,15350.9,15263.7,stop,-50.0,50.0,-1.0,2022
2022-02-07,2022-02-07 14:50:00+00:00,2022-02-07 15:02:00+00:00,14812.4,14762.4,14762.4,14867.9,14793.9,14682.9,stop,-50.0,50.0,-1.0,2022
2022-02-14,2022-02-14 14:50:00+00:00,2022-02-14 14:57:00+00:00,14339.9,14289.9,14289.9,14392.3,14296.4,14191.6,stop,-50.0,50.0,-1.0,2022
2022-02-15,2022-02-15 15:40:00+00:00,2022-02-15 17:16:00+00:00,14548.8,14498.8,14498.8,14585.899999999998,14530.8,14456.6,stop,-50.0,50.0,-1.0,2022
2022-02-28,2022-02-28 14:55:00+00:00,2022-02-28 15:03:00+00:00,14149.2,14099.2,14099.2,14190.8,14116.4,14033.2,stop,-50.0,50.0,-1.0,2022
2022-03-02,2022-03-02 14:45:00+00:00,2022-03-02 14:56:00+00:00,14116.7,14066.7,14066.7,14166.55,14114.8,14015.1,stop,-50.0,50.0,-1.0,2022
2022-03-16,2022-03-16 13:45:00+00:00,2022-03-16 14:15:00+00:00,13735.7,13788.3,13685.7,13788.3,13721.3,13616.1,target,52.599999999998545,50.0,1.051999999999971,2022
2022-03-18,2022-03-18 13:45:00+00:00,2022-03-18 13:59:00+00:00,14110.3,14151.399999999998,14060.3,14151.399999999998,14081.3,13999.1,target,41.099999999998545,50.0,0.8219999999999709,2022
2022-03-22,2022-03-22 14:00:00+00:00,2022-03-22 14:26:00+00:00,14536.3,14593.0,14486.3,14593.0,14493.8,14380.4,target,56.70000000000073,50.0,1.1340000000000146,2022
2022-03-30,2022-03-30 13:45:00+00:00,2022-03-30 14:08:00+00:00,15206.2,15156.2,15156.2,15233.7,15200.3,15145.3,stop,-50.0,50.0,-1.0,2022
2022-04-04,2022-04-04 13:45:00+00:00,2022-04-04 14:02:00+00:00,15010.1,15065.35,14960.1,15065.35,14999.7,14889.2,target,55.25,50.0,1.105,2022
2022-04-12,2022-04-12 13:45:00+00:00,2022-04-12 13:53:00+00:00,14208.3,14251.849999999999,14158.3,14251.849999999999,14201.3,14114.2,target,43.54999999999927,50.0,0.8709999999999855,2022
2022-04-13,2022-04-13 13:45:00+00:00,2022-04-13 14:00:00+00:00,14049.3,13999.3,13999.3,14102.3,14030.6,13924.6,stop,-50.0,50.0,-1.0,2022
2022-04-19,2022-04-19 13:45:00+00:00,2022-04-19 13:53:00+00:00,13934.2,13980.45,13884.2,13980.45,13930.7,13838.2,target,46.25,50.0,0.925,2022
2022-05-03,2022-05-03 13:55:00+00:00,2022-05-03 14:09:00+00:00,13115.7,13065.7,13065.7,13160.25,13085.6,12996.5,stop,-50.0,50.0,-1.0,2022
2022-05-30,2022-05-30 14:45:00+00:00,2022-05-30 15:29:00+00:00,12790.6,12804.400000000001,12745.6,12804.400000000001,12773.2,12745.6,target,13.800000000001091,45.0,0.3066666666666909,2022
2022-06-01,2022-06-01 13:50:00+00:00,2022-06-01 14:00:00+00:00,12813.2,12763.2,12763.2,12853.400000000001,12811.5,12731.1,stop,-50.0,50.0,-1.0,2022
2022-06-06,2022-06-06 14:00:00+00:00,2022-06-06 15:09:00+00:00,12786.8,12736.8,12736.8,12832.949999999999,12782.8,12690.5,stop,-50.0,50.0,-1.0,2022
2022-06-08,2022-06-08 13:45:00+00:00,2022-06-08 14:14:00+00:00,12753.1,12703.1,12703.1,12799.95,12720.8,12627.1,stop,-50.0,50.0,-1.0,2022
2022-06-15,2022-06-15 14:00:00+00:00,2022-06-15 14:31:00+00:00,11521.0,11471.0,11471.0,11564.1,11518.2,11432.0,stop,-50.0,50.0,-1.0,2022
2022-06-22,2022-06-22 13:45:00+00:00,2022-06-22 13:54:00+00:00,11507.9,11551.949999999999,11457.9,11551.949999999999,11500.8,11412.7,target,44.04999999999927,50.0,0.8809999999999855,2022
2022-07-05,2022-07-05 14:10:00+00:00,2022-07-05 14:36:00+00:00,11483.7,11520.400000000001,11433.7,11520.400000000001,11438.6,11365.2,target,36.70000000000073,50.0,0.7340000000000145,2022
2022-07-18,2022-07-18 13:45:00+00:00,2022-07-18 14:11:00+00:00,12139.6,12089.6,12089.6,12172.95,12132.7,12066.0,stop,-50.0,50.0,-1.0,2022
2022-07-19,2022-07-19 14:25:00+00:00,2022-07-19 14:48:00+00:00,12061.7,12101.1,12011.7,12101.1,12056.0,11977.2,target,39.399999999999636,50.0,0.7879999999999927,2022
2022-07-20,2022-07-20 14:10:00+00:00,2022-07-20 14:26:00+00:00,12318.6,12355.0,12268.6,12355.0,12307.0,12234.2,target,36.399999999999636,50.0,0.7279999999999928,2022
2022-07-22,2022-07-22 13:45:00+00:00,2022-07-22 13:54:00+00:00,12632.6,12582.6,12582.6,12673.85,12624.6,12542.1,stop,-50.0,50.0,-1.0,2022
2022-07-27,2022-07-27 13:45:00+00:00,2022-07-27 15:01:00+00:00,12377.4,12426.3,12327.4,12426.3,12359.9,12262.1,target,48.899999999999636,50.0,0.9779999999999928,2022
2022-08-03,2022-08-03 13:50:00+00:00,2022-08-03 14:05:00+00:00,13089.4,13139.05,13039.4,13139.05,13077.7,12978.4,target,49.649999999999636,50.0,0.9929999999999928,2022
2022-08-05,2022-08-05 14:00:00+00:00,2022-08-05 14:13:00+00:00,13213.3,13261.3,13163.3,13261.3,13196.5,13100.5,target,48.0,50.0,0.96,2022
2022-08-12,2022-08-12 14:15:00+00:00,2022-08-12 14:40:00+00:00,13444.4,13394.4,13394.4,13480.65,13417.8,13345.3,stop,-50.0,50.0,-1.0,2022
2022-08-15,2022-08-15 13:50:00+00:00,2022-08-15 14:15:00+00:00,13602.9,13552.9,13552.9,13638.5,13594.5,13523.3,stop,-50.0,50.0,-1.0,2022
2022-08-23,2022-08-23 13:50:00+00:00,2022-08-23 14:11:00+00:00,12950.8,12992.65,12900.8,12992.65,12934.5,12850.8,target,41.850000000000364,50.0,0.8370000000000073,2022
2022-08-24,2022-08-24 14:10:00+00:00,2022-08-24 14:19:00+00:00,12893.9,12919.5,12843.9,12919.5,12891.4,12840.2,target,25.600000000000364,50.0,0.5120000000000072,2022
2022-08-31,2022-08-31 13:50:00+00:00,2022-08-31 14:00:00+00:00,12488.8,12438.8,12438.8,12538.349999999999,12480.8,12381.7,stop,-50.0,50.0,-1.0,2022
2022-09-05,2022-09-05 14:30:00+00:00,2022-09-05 16:59:00+00:00,12146.9,12128.3,12097.5,12166.5,12136.7,12097.5,expiry,-18.600000000000364,49.399999999999636,-0.37651821862349194,2022
2022-09-07,2022-09-07 15:10:00+00:00,2022-09-07 17:37:00+00:00,12134.5,12178.55,12084.5,12178.55,12118.8,12030.7,target,44.04999999999927,50.0,0.8809999999999855,2022
2022-09-09,2022-09-09 13:55:00+00:00,2022-09-09 14:09:00+00:00,12497.9,12529.599999999999,12447.9,12529.599999999999,12475.1,12411.7,target,31.69999999999891,50.0,0.6339999999999781,2022
2022-09-12,2022-09-12 13:50:00+00:00,2022-09-12 14:00:00+00:00,12711.7,12740.95,12661.7,12740.95,12701.3,12642.8,target,29.25,50.0,0.585,2022
2022-09-14,2022-09-14 13:55:00+00:00,2022-09-14 14:23:00+00:00,12119.2,12069.2,12069.2,12161.35,12109.9,12025.6,stop,-50.0,50.0,-1.0,2022
2022-09-19,2022-09-19 13:50:00+00:00,2022-09-19 14:41:00+00:00,11848.2,11892.45,11798.2,11892.45,11836.2,11747.7,target,44.25,50.0,0.885,2022
2022-09-20,2022-09-20 14:50:00+00:00,2022-09-20 15:12:00+00:00,11886.6,11915.3,11836.6,11915.3,11877.6,11820.2,target,28.69999999999891,50.0,0.5739999999999782,2022
2022-09-21,2022-09-21 13:45:00+00:00,2022-09-21 15:03:00+00:00,11920.2,11870.3,11870.3,11938.850000000002,11907.6,11870.3,stop,-49.900000000001455,49.900000000001455,-1.0,2022
2022-09-28,2022-09-28 14:20:00+00:00,2022-09-28 14:37:00+00:00,11307.7,11345.850000000002,11257.7,11345.850000000002,11278.6,11202.3,target,38.150000000001455,50.0,0.7630000000000291,2022
2022-10-03,2022-10-03 14:00:00+00:00,2022-10-03 14:27:00+00:00,11099.9,11142.8,11049.9,11142.8,11065.9,10980.1,target,42.899999999999636,50.0,0.8579999999999928,2022
2022-10-04,2022-10-04 13:45:00+00:00,2022-10-04 14:00:00+00:00,11526.5,11556.05,11476.5,11556.05,11510.9,11451.8,target,29.549999999999272,50.0,0.5909999999999854,2022
2022-10-25,2022-10-25 13:45:00+00:00,2022-10-25 15:09:00+00:00,11599.9,11627.4,11549.9,11627.4,11534.1,11479.1,target,27.5,50.0,0.55,2022
2022-10-26,2022-10-26 13:45:00+00:00,2022-10-26 14:00:00+00:00,11478.0,11515.2,11428.0,11515.2,11471.5,11397.1,target,37.20000000000073,50.0,0.7440000000000145,2022
2022-11-08,2022-11-08 15:15:00+00:00,2022-11-08 15:39:00+00:00,11055.5,11089.55,11005.5,11089.55,11050.6,10982.5,target,34.04999999999927,50.0,0.6809999999999854,2022
2022-11-09,2022-11-09 15:05:00+00:00,2022-11-09 15:33:00+00:00,11003.6,10953.6,10953.6,11027.650000000001,10985.0,10936.9,stop,-50.0,50.0,-1.0,2022
2022-11-11,2022-11-11 14:45:00+00:00,2022-11-11 15:00:00+00:00,11644.1,11594.1,11594.1,11681.25,11613.2,11538.9,stop,-50.0,50.0,-1.0,2022
2022-11-14,2022-11-14 15:05:00+00:00,2022-11-14 16:16:00+00:00,11760.0,11710.0,11710.0,11793.0,11756.0,11690.0,stop,-50.0,50.0,-1.0,2022
2022-11-23,2022-11-23 14:45:00+00:00,2022-11-23 14:54:00+00:00,11795.7,11823.650000000001,11745.7,11823.650000000001,11777.5,11721.6,target,27.950000000000728,50.0,0.5590000000000146,2022
2022-11-25,2022-11-25 15:00:00+00:00,2022-11-25 18:14:00+00:00,11792.0,11762.9,11744.6,11815.65,11791.9,11744.6,expiry,-29.100000000000364,47.399999999999636,-0.6139240506329238,2022
2022-12-02,2022-12-02 15:10:00+00:00,2022-12-02 15:28:00+00:00,11927.3,11877.3,11877.3,11962.3,11898.3,11828.3,stop,-50.0,50.0,-1.0,2022
2022-12-09,2022-12-09 15:30:00+00:00,2022-12-09 15:59:00+00:00,11636.6,11681.1,11586.6,11681.1,11633.0,11544.0,target,44.5,50.0,0.89,2022
2022-12-14,2022-12-14 14:55:00+00:00,2022-12-14 16:03:00+00:00,11893.8,11929.599999999999,11843.8,11929.599999999999,11887.3,11815.7,target,35.79999999999927,50.0,0.7159999999999854,2022
2022-12-16,2022-12-16 14:45:00+00:00,2022-12-16 15:00:00+00:00,11376.2,11326.2,11326.2,11401.7,11346.7,11295.7,stop,-50.0,50.0,-1.0,2022
2022-12-20,2022-12-20 14:55:00+00:00,2022-12-20 15:06:00+00:00,11060.5,11093.900000000001,11010.5,11093.900000000001,11042.7,10975.9,target,33.400000000001455,50.0,0.6680000000000291,2022
2022-12-21,2022-12-21 14:45:00+00:00,2022-12-21 14:57:00+00:00,11163.1,11113.1,11113.1,11191.900000000001,11133.1,11075.5,stop,-50.0,50.0,-1.0,2022
2023-01-09,2023-01-09 14:45:00+00:00,2023-01-09 14:53:00+00:00,11204.3,11229.699999999999,11154.3,11229.699999999999,11174.3,11123.5,target,25.399999999999636,50.0,0.5079999999999927,2023
2023-01-11,2023-01-11 15:05:00+00:00,2023-01-11 17:10:00+00:00,11290.2,11323.350000000002,11240.2,11323.350000000002,11288.2,11221.9,target,33.150000000001455,50.0,0.6630000000000291,2023
2023-01-13,2023-01-13 15:00:00+00:00,2023-01-13 15:05:00+00:00,11405.7,11430.300000000001,11355.7,11430.300000000001,11399.5,11350.3,target,24.600000000000364,50.0,0.49200000000000726,2023
2023-01-17,2023-01-17 15:00:00+00:00,2023-01-17 15:40:00+00:00,11601.7,11551.7,11551.7,11636.850000000002,11559.1,11488.8,stop,-50.0,50.0,-1.0,2023
2023-01-18,2023-01-18 15:00:00+00:00,2023-01-18 15:19:00+00:00,11678.9,11628.9,11628.9,11706.05,11666.9,11612.6,stop,-50.0,50.0,-1.0,2023
2023-01-20,2023-01-20 14:50:00+00:00,2023-01-20 15:22:00+00:00,11399.1,11429.650000000001,11349.1,11429.650000000001,11388.1,11327.0,target,30.55000000000109,50.0,0.6110000000000219,2023
2023-01-23,2023-01-23 14:45:00+00:00,2023-01-23 15:00:00+00:00,11729.9,11769.15,11679.9,11769.15,11698.4,11619.9,target,39.25,50.0,0.785,2023
2023-01-24,2023-01-24 14:45:00+00:00,2023-01-24 14:53:00+00:00,11857.4,11887.9,11807.4,11887.9,11843.8,11782.8,target,30.5,50.0,0.61,2023
2023-01-27,2023-01-27 14:45:00+00:00,2023-01-27 15:06:00+00:00,12083.1,12117.55,12033.1,12117.55,12056.8,11987.9,target,34.44999999999891,50.0,0.6889999999999782,2023
2023-01-30,2023-01-30 14:45:00+00:00,2023-01-30 14:55:00+00:00,12075.4,12025.4,12025.4,12104.95,12066.6,12007.5,stop,-50.0,50.0,-1.0,2023
2023-01-31,2023-01-31 14:45:00+00:00,2023-01-31 14:59:00+00:00,11998.3,11948.3,11948.3,12032.199999999999,11995.3,11927.5,stop,-50.0,50.0,-1.0,2023
2023-02-06,2023-02-06 15:00:00+00:00,2023-02-06 15:15:00+00:00,12536.0,12486.0,12486.0,12567.15,12529.8,12467.5,stop,-50.0,50.0,-1.0,2023
2023-02-13,2023-02-13 14:55:00+00:00,2023-02-13 15:55:00+00:00,12426.8,12464.949999999999,12376.8,12464.949999999999,12393.9,12317.6,target,38.149999999999636,50.0,0.7629999999999927,2023
2023-02-15,2023-02-15 14:45:00+00:00,2023-02-15 14:53:00+00:00,12585.3,12535.3,12535.3,12617.95,12575.6,12510.3,stop,-50.0,50.0,-1.0,2023
2023-02-22,2023-02-22 14:45:00+00:00,2023-02-22 15:00:00+00:00,12135.9,12087.5,12087.5,12158.7,12133.1,12087.5,stop,-48.399999999999636,48.399999999999636,-1.0,2023
2023-02-28,2023-02-28 15:00:00+00:00,2023-02-28 15:32:00+00:00,12090.3,12040.3,12040.3,12118.5,12076.6,12020.2,stop,-50.0,50.0,-1.0,2023
2023-03-01,2023-03-01 14:45:00+00:00,2023-03-01 15:00:00+00:00,12053.3,12003.3,12003.3,12081.099999999999,12038.5,11982.9,stop,-50.0,50.0,-1.0,2023
2023-03-03,2023-03-03 14:45:00+00:00,2023-03-03 14:53:00+00:00,12147.9,12164.85,12097.9,12164.85,12127.7,12093.8,target,16.950000000000728,50.0,0.33900000000001457,2023
2023-03-06,2023-03-06 15:10:00+00:00,2023-03-06 15:18:00+00:00,12394.6,12415.85,12344.6,12415.85,12382.1,12339.6,target,21.25,50.0,0.425,2023
2023-03-14,2023-03-14 14:20:00+00:00,2023-03-14 15:18:00+00:00,12163.2,12203.900000000001,12113.2,12203.900000000001,12150.8,12069.4,target,40.70000000000073,50.0,0.8140000000000146,2023
2023-03-17,2023-03-17 14:00:00+00:00,2023-03-17 14:18:00+00:00,12664.7,12614.7,12614.7,12700.2,12635.5,12564.5,stop,-50.0,50.0,-1.0,2023
2023-03-20,2023-03-20 14:45:00+00:00,2023-03-20 15:28:00+00:00,12512.4,12552.2,12462.4,12552.2,12509.9,12430.3,target,39.80000000000109,50.0,0.7960000000000218,2023
2023-03-22,2023-03-22 13:50:00+00:00,2023-03-22 14:21:00+00:00,12762.9,12777.3,12729.6,12777.3,12758.4,12729.6,target,14.399999999999636,33.29999999999927,0.43243243243243096,2023
2023-03-27,2023-03-27 13:45:00+00:00,2023-03-27 14:30:00+00:00,12829.2,12779.2,12779.2,12857.85,12826.5,12769.2,stop,-50.0,50.0,-1.0,2023
2023-03-29,2023-03-29 14:00:00+00:00,2023-03-29 14:36:00+00:00,12816.7,12766.7,12766.7,12837.25,12806.6,12765.5,stop,-50.0,50.0,-1.0,2023
2023-03-31,2023-03-31 13:45:00+00:00,2023-03-31 14:35:00+00:00,13034.7,13061.900000000001,12984.7,13061.900000000001,13026.1,12971.7,target,27.200000000000728,50.0,0.5440000000000146,2023
2023-04-03,2023-04-03 13:45:00+00:00,2023-04-03 14:48:00+00:00,13147.4,13097.4,13097.4,13172.25,13134.8,13085.1,stop,-50.0,50.0,-1.0,2023
2023-04-04,2023-04-04 14:00:00+00:00,2023-04-04 14:23:00+00:00,13196.1,13146.1,13146.1,13227.5,13189.6,13126.8,stop,-50.0,50.0,-1.0,2023
2023-04-14,2023-04-14 13:45:00+00:00,2023-04-14 14:09:00+00:00,13122.9,13072.9,13072.9,13163.849999999999,13115.4,13033.5,stop,-50.0,50.0,-1.0,2023
2023-04-18,2023-04-18 13:45:00+00:00,2023-04-18 13:58:00+00:00,13198.5,13163.6,13163.6,13211.0,13188.6,13163.6,stop,-34.899999999999636,34.899999999999636,-1.0,2023
2023-04-19,2023-04-19 14:35:00+00:00,2023-04-19 15:15:00+00:00,13042.2,13068.1,12992.2,13068.1,13039.4,12987.6,target,25.899999999999636,50.0,0.5179999999999927,2023
2023-04-26,2023-04-26 13:55:00+00:00,2023-04-26 14:19:00+00:00,12880.6,12830.6,12830.6,12909.3,12876.5,12819.1,stop,-50.0,50.0,-1.0,2023
2023-04-28,2023-04-28 14:05:00+00:00,2023-04-28 14:24:00+00:00,13168.9,13204.25,13118.9,13204.25,13168.6,13097.9,target,35.350000000000364,50.0,0.7070000000000073,2023
2023-05-01,2023-05-01 13:50:00+00:00,2023-05-01 14:00:00+00:00,13245.8,13212.2,13212.2,13260.599999999999,13241.8,13212.2,stop,-33.599999999998545,33.599999999998545,-1.0,2023
2023-05-03,2023-05-03 13:50:00+00:00,2023-05-03 15:02:00+00:00,13166.9,13118.2,13118.2,13183.55,13151.5,13118.2,stop,-48.69999999999891,48.69999999999891,-1.0,2023
2023-05-05,2023-05-05 13:45:00+00:00,2023-05-05 14:01:00+00:00,13110.9,13133.55,13060.9,13133.55,13103.0,13057.7,target,22.649999999999636,50.0,0.45299999999999274,2023
2023-05-09,2023-05-09 13:55:00+00:00,2023-05-09 15:12:00+00:00,13250.6,13216.6,13216.6,13261.25,13237.9,13216.6,stop,-34.0,34.0,-1.0,2023
2023-05-10,2023-05-10 14:05:00+00:00,2023-05-10 14:19:00+00:00,13366.8,13316.8,13316.8,13414.099999999999,13359.9,13265.3,stop,-50.0,50.0,-1.0,2023
2023-05-16,2023-05-16 13:45:00+00:00,2023-05-16 14:11:00+00:00,13456.3,13406.3,13406.3,13490.149999999998,13454.8,13387.1,stop,-50.0,50.0,-1.0,2023
2023-05-22,2023-05-22 13:45:00+00:00,2023-05-22 14:08:00+00:00,13885.1,13835.1,13835.1,13923.1,13880.8,13804.8,stop,-50.0,50.0,-1.0,2023
2023-05-23,2023-05-23 13:50:00+00:00,2023-05-23 16:35:00+00:00,13829.8,13782.8,13782.8,13851.55,13826.3,13782.8,stop,-47.0,47.0,-1.0,2023
2023-05-26,2023-05-26 13:45:00+00:00,2023-05-26 14:00:00+00:00,14059.8,14097.099999999999,14009.8,14097.099999999999,14053.1,13978.5,target,37.29999999999927,50.0,0.7459999999999855,2023
2023-05-29,2023-05-29 14:20:00+00:00,2023-05-29 14:30:00+00:00,14348.3,14353.349999999999,14336.9,14353.349999999999,14347.0,14336.9,target,5.049999999999272,11.399999999999636,0.4429824561403012,2023
2023-05-31,2023-05-31 13:45:00+00:00,2023-05-31 14:11:00+00:00,14366.7,14316.7,14316.7,14401.1,14364.4,14295.6,stop,-50.0,50.0,-1.0,2023
2023-06-05,2023-06-05 14:50:00+00:00,2023-06-05 18:12:00+00:00,14634.8,14584.8,14584.8,14676.599999999999,14629.5,14545.9,stop,-50.0,50.0,-1.0,2023
2023-06-06,2023-06-06 14:15:00+00:00,2023-06-06 14:45:00+00:00,14541.3,14569.05,14491.3,14569.05,14540.6,14485.1,target,27.75,50.0,0.555,2023
2023-06-09,2023-06-09 13:45:00+00:00,2023-06-09 14:02:00+00:00,14624.8,14660.3,14574.8,14660.3,14619.2,14548.2,target,35.5,50.0,0.71,2023
2023-06-14,2023-06-14 13:45:00+00:00,2023-06-14 14:07:00+00:00,14938.1,14962.85,14888.1,14962.85,14924.3,14874.8,target,24.75,50.0,0.495,2023
2023-06-20,2023-06-20 13:45:00+00:00,2023-06-20 13:55:00+00:00,15130.5,15080.5,15080.5,15173.599999999999,15124.3,15038.1,stop,-50.0,50.0,-1.0,2023
2023-06-26,2023-06-26 13:50:00+00:00,2023-06-26 14:37:00+00:00,14967.6,14917.6,14917.6,15000.6,14935.3,14869.3,stop,-50.0,50.0,-1.0,2023
2023-06-27,2023-06-27 15:25:00+00:00,2023-06-27 16:05:00+00:00,14831.0,14866.95,14781.0,14866.95,14819.0,14747.1,target,35.95000000000073,50.0,0.7190000000000145,2023
2023-06-28,2023-06-28 14:15:00+00:00,2023-06-28 14:33:00+00:00,14965.2,15007.300000000001,14915.2,15007.300000000001,14952.1,14867.9,target,42.100000000000364,50.0,0.8420000000000073,2023
2023-06-30,2023-06-30 13:45:00+00:00,2023-06-30 14:19:00+00:00,15182.2,15212.350000000002,15132.2,15212.350000000002,15154.7,15094.4,target,30.150000000001455,50.0,0.6030000000000291,2023
2023-07-03,2023-07-03 13:45:00+00:00,2023-07-03 14:32:00+00:00,15237.7,15198.4,15198.4,15256.0,15235.0,15198.4,stop,-39.30000000000109,39.30000000000109,-1.0,2023
2023-07-05,2023-07-05 13:50:00+00:00,2023-07-05 14:35:00+00:00,15246.9,15291.349999999999,15196.9,15291.349999999999,15243.1,15154.2,target,44.44999999999891,50.0,0.8889999999999781,2023
2023-07-07,2023-07-07 13:45:00+00:00,2023-07-07 13:55:00+00:00,15112.0,15138.6,15062.0,15138.6,15106.0,15052.8,target,26.600000000000364,50.0,0.5320000000000072,2023
2023-07-12,2023-07-12 13:45:00+00:00,2023-07-12 14:01:00+00:00,15323.0,15342.45,15281.8,15342.45,15320.7,15281.8,target,19.450000000000728,41.20000000000073,0.47208737864078604,2023
2023-07-14,2023-07-14 13:50:00+00:00,2023-07-14 14:17:00+00:00,15682.4,15723.0,15632.4,15723.0,15680.0,15598.8,target,40.600000000000364,50.0,0.8120000000000073,2023
2023-07-18,2023-07-18 15:40:00+00:00,2023-07-18 15:49:00+00:00,15716.5,15748.0,15666.5,15748.0,15700.7,15637.7,target,31.5,50.0,0.63,2023
2023-07-19,2023-07-19 15:10:00+00:00,2023-07-19 16:22:00+00:00,15926.3,15876.3,15876.3,15955.599999999999,15921.7,15863.1,stop,-50.0,50.0,-1.0,2023
2023-07-25,2023-07-25 13:45:00+00:00,2023-07-25 13:57:00+00:00,15546.5,15569.65,15496.5,15569.65,15536.8,15490.5,target,23.149999999999636,50.0,0.46299999999999275,2023
2023-07-28,2023-07-28 13:45:00+00:00,2023-07-28 15:11:00+00:00,15707.9,15747.65,15657.9,15747.65,15702.6,15623.1,target,39.75,50.0,0.795,2023
2023-08-11,2023-08-11 14:10:00+00:00,2023-08-11 14:20:00+00:00,15063.7,15093.2,15013.7,15093.2,15048.7,14989.7,target,29.5,50.0,0.59,2023
2023-08-14,2023-08-14 13:50:00+00:00,2023-08-14 14:12:00+00:00,15053.8,15089.449999999999,15003.8,15089.449999999999,15046.3,14975.0,target,35.649999999999636,50.0,0.7129999999999928,2023
2023-08-16,2023-08-16 13:45:00+00:00,2023-08-16 15:47:00+00:00,15060.0,15010.0,15010.0,15088.849999999999,15048.3,14990.6,stop,-50.0,50.0,-1.0,2023
2023-08-18,2023-08-18 13:45:00+00:00,2023-08-18 14:01:00+00:00,14623.3,14573.3,14573.3,14648.3,14616.6,14566.6,stop,-50.0,50.0,-1.0,2023
2023-08-21,2023-08-21 13:55:00+00:00,2023-08-21 14:24:00+00:00,14861.5,14811.5,14811.5,14902.75,14837.9,14755.4,stop,-50.0,50.0,-1.0,2023
2023-08-23,2023-08-23 13:45:00+00:00,2023-08-23 13:52:00+00:00,15009.5,15028.400000000001,14959.5,15028.400000000001,14992.6,14954.8,target,18.900000000001455,50.0,0.3780000000000291,2023
2023-08-29,2023-08-29 13:45:00+00:00,2023-08-29 14:00:00+00:00,15132.4,15168.05,15082.4,15168.05,15101.5,15030.2,target,35.649999999999636,50.0,0.7129999999999928,2023
2023-08-30,2023-08-30 13:50:00+00:00,2023-08-30 14:12:00+00:00,15432.1,15462.3,15382.1,15462.3,15415.6,15355.2,target,30.19999999999891,50.0,0.6039999999999782,2023
2023-09-04,2023-09-04 13:50:00+00:00,2023-09-04 14:14:00+00:00,15551.7,15530.2,15530.2,15561.95,15550.7,15530.2,stop,-21.5,21.5,-1.0,2023
2023-09-08,2023-09-08 13:45:00+00:00,2023-09-08 14:59:00+00:00,15353.0,15303.0,15303.0,15396.65,15349.3,15262.0,stop,-50.0,50.0,-1.0,2023
2023-09-12,2023-09-12 13:55:00+00:00,2023-09-12 14:25:00+00:00,15461.1,15411.1,15411.1,15490.5,15455.1,15396.3,stop,-50.0,50.0,-1.0,2023
2023-09-18,2023-09-18 15:30:00+00:00,2023-09-18 18:54:00+00:00,15258.4,15208.4,15208.4,15304.05,15258.0,15166.7,stop,-50.0,50.0,-1.0,2023
2023-09-22,2023-09-22 13:55:00+00:00,2023-09-22 14:31:00+00:00,14781.1,14807.35,14731.1,14807.35,14771.9,14719.4,target,26.25,50.0,0.525,2023
2023-09-25,2023-09-25 13:55:00+00:00,2023-09-25 14:26:00+00:00,14713.1,14663.1,14663.1,14755.400000000001,14704.9,14620.3,stop,-50.0,50.0,-1.0,2023
2023-09-29,2023-09-29 13:45:00+00:00,2023-09-29 13:58:00+00:00,14867.4,14885.75,14827.4,14885.75,14864.1,14827.4,target,18.350000000000364,40.0,0.4587500000000091,2023
2023-10-02,2023-10-02 14:00:00+00:00,2023-10-02 14:14:00+00:00,14838.5,14788.5,14788.5,14894.900000000001,14816.6,14703.8,stop,-50.0,50.0,-1.0,2023
2023-10-03,2023-10-03 13:45:00+00:00,2023-10-03 13:51:00+00:00,14785.9,14811.25,14735.9,14811.25,14779.8,14729.1,target,25.350000000000364,50.0,0.5070000000000072,2023
2023-10-06,2023-10-06 14:20:00+00:00,2023-10-06 14:32:00+00:00,14687.0,14735.95,14637.0,14735.95,14664.0,14566.1,target,48.95000000000073,50.0,0.9790000000000145,2023
2023-10-09,2023-10-09 13:45:00+00:00,2023-10-09 14:03:00+00:00,14928.9,14878.9,14878.9,14972.3,14906.4,14819.6,stop,-50.0,50.0,-1.0,2023
2023-10-10,2023-10-10 13:55:00+00:00,2023-10-10 14:02:00+00:00,15112.4,15135.0,15062.4,15135.0,15097.9,15052.7,target,22.600000000000364,50.0,0.4520000000000073,2023
2023-10-16,2023-10-16 14:15:00+00:00,2023-10-16 14:30:00+00:00,15148.5,15193.9,15098.5,15193.9,15144.8,15054.0,target,45.399999999999636,50.0,0.9079999999999927,2023
2023-10-18,2023-10-18 14:15:00+00:00,2023-10-18 14:30:00+00:00,15089.8,15039.8,15039.8,15125.949999999999,15088.0,15015.7,stop,-50.0,50.0,-1.0,2023
2023-10-23,2023-10-23 13:55:00+00:00,2023-10-23 14:43:00+00:00,14537.7,14594.900000000001,14487.7,14594.900000000001,14530.7,14416.3,target,57.20000000000073,50.0,1.1440000000000146,2023
2023-10-24,2023-10-24 14:25:00+00:00,2023-10-24 15:21:00+00:00,14753.2,14703.2,14703.2,14790.0,14741.8,14668.2,stop,-50.0,50.0,-1.0,2023
2023-10-30,2023-10-30 13:45:00+00:00,2023-10-30 14:11:00+00:00,14383.0,14333.0,14333.0,14434.1,14357.7,14255.5,stop,-50.0,50.0,-1.0,2023
2023-10-31,2023-10-31 16:45:00+00:00,2023-10-31 18:00:00+00:00,14358.4,14408.849999999999,14308.4,14408.849999999999,14351.4,14250.5,target,50.44999999999891,50.0,1.0089999999999781,2023
2023-11-01,2023-11-01 13:45:00+00:00,2023-11-01 14:22:00+00:00,14500.1,14526.650000000001,14450.1,14526.650000000001,14493.4,14440.3,target,26.55000000000109,50.0,0.5310000000000218,2023
2023-11-03,2023-11-03 13:45:00+00:00,2023-11-03 14:00:00+00:00,15042.9,15069.2,14992.9,15069.2,15021.2,14968.6,target,26.30000000000109,50.0,0.5260000000000218,2023
2023-11-07,2023-11-07 14:55:00+00:00,2023-11-07 15:28:00+00:00,15231.9,15263.099999999999,15181.9,15263.099999999999,15221.1,15158.7,target,31.19999999999891,50.0,0.6239999999999781,2023
2023-11-10,2023-11-10 14:50:00+00:00,2023-11-10 15:04:00+00:00,15320.6,15270.6,15270.6,15358.1,15316.6,15241.6,stop,-50.0,50.0,-1.0,2023
2023-11-14,2023-11-14 14:55:00+00:00,2023-11-14 15:34:00+00:00,15803.8,15836.05,15753.8,15836.05,15797.3,15732.8,target,32.25,50.0,0.645,2023
2023-11-17,2023-11-17 14:55:00+00:00,2023-11-17 15:14:00+00:00,15815.5,15773.7,15773.7,15836.099999999999,15814.9,15773.7,stop,-41.79999999999927,41.79999999999927,-1.0,2023
2023-11-20,2023-11-20 14:50:00+00:00,2023-11-20 17:11:00+00:00,15931.4,15974.8,15881.4,15974.8,15931.2,15844.4,target,43.399999999999636,50.0,0.8679999999999928,2023
2023-11-27,2023-11-27 15:05:00+00:00,2023-11-27 18:02:00+00:00,16009.3,16042.55,15959.3,16042.55,16001.4,15934.9,target,33.25,50.0,0.665,2023
2023-12-01,2023-12-01 15:00:00+00:00,2023-12-01 15:25:00+00:00,15905.8,15855.8,15855.8,15936.3,15904.4,15843.4,stop,-50.0,50.0,-1.0,2023
2023-12-05,2023-12-05 14:50:00+00:00,2023-12-05 15:00:00+00:00,15829.0,15861.0,15779.0,15861.0,15824.8,15760.8,target,32.0,50.0,0.64,2023
2023-12-08,2023-12-08 15:00:00+00:00,2023-12-08 15:09:00+00:00,16026.7,16064.75,15976.7,16064.75,16005.7,15929.6,target,38.04999999999927,50.0,0.7609999999999855,2023
2023-12-11,2023-12-11 14:50:00+00:00,2023-12-11 15:48:00+00:00,16161.1,16199.85,16111.1,16199.85,16156.7,16079.2,target,38.75,50.0,0.775,2023
2023-12-12,2023-12-12 14:55:00+00:00,2023-12-12 15:58:00+00:00,16267.4,16293.45,16217.4,16293.45,16249.0,16196.9,target,26.05000000000109,50.0,0.5210000000000218,2023
2023-12-15,2023-12-15 15:15:00+00:00,2023-12-15 16:28:00+00:00,16652.5,16683.0,16602.5,16683.0,16646.7,16585.7,target,30.5,50.0,0.61,2023
2023-12-18,2023-12-18 14:55:00+00:00,2023-12-18 15:08:00+00:00,16697.6,16720.3,16651.6,16720.3,16697.0,16651.6,target,22.700000000000728,46.0,0.493478260869581,2023
2023-12-19,2023-12-19 15:30:00+00:00,2023-12-19 20:59:00+00:00,16816.4,16841.65,16766.4,16841.65,16813.7,16763.2,target,25.25,50.0,0.505,2023
2023-12-20,2023-12-20 15:00:00+00:00,2023-12-20 15:21:00+00:00,16846.9,16871.200000000004,16796.9,16871.200000000004,16840.7,16792.1,target,24.30000000000291,50.0,0.4860000000000582,2023
2023-12-26,2023-12-26 15:35:00+00:00,2023-12-26 20:04:00+00:00,16893.6,16916.899999999998,16843.6,16916.899999999998,16888.0,16841.4,target,23.299999999999272,50.0,0.4659999999999854,2023
2023-12-29,2023-12-29 14:50:00+00:00,2023-12-29 15:33:00+00:00,16932.5,16905.2,16905.2,16945.25,16930.7,16905.2,stop,-27.299999999999272,27.299999999999272,-1.0,2023
2024-01-05,2024-01-05 15:00:00+00:00,2024-01-05 16:01:00+00:00,16387.3,16415.55,16337.3,16415.55,16340.7,16284.2,target,28.25,50.0,0.565,2024
2024-01-08,2024-01-08 14:45:00+00:00,2024-01-08 14:59:00+00:00,16436.4,16472.25,16386.4,16472.25,16432.1,16360.4,target,35.849999999998545,50.0,0.7169999999999709,2024
2024-01-09,2024-01-09 15:05:00+00:00,2024-01-09 15:39:00+00:00,16576.6,16603.35,16526.6,16603.35,16570.6,16517.1,target,26.75,50.0,0.535,2024
2024-01-16,2024-01-16 15:15:00+00:00,2024-01-16 15:25:00+00:00,16839.0,16876.25,16789.0,16876.25,16820.0,16745.5,target,37.25,50.0,0.745,2024
2024-01-19,2024-01-19 14:50:00+00:00,2024-01-19 15:47:00+00:00,17091.4,17112.5,17047.9,17112.5,17090.1,17047.9,target,21.099999999998545,43.5,0.48505747126433435,2024
2024-01-23,2024-01-23 17:55:00+00:00,2024-01-23 20:54:00+00:00,17380.8,17419.15,17330.8,17419.15,17377.7,17301.0,target,38.35000000000218,50.0,0.7670000000000436,2024
2024-01-24,2024-01-24 15:15:00+00:00,2024-01-24 15:36:00+00:00,17596.2,17624.95,17546.2,17624.95,17588.3,17530.8,target,28.75,50.0,0.575,2024
2024-02-02,2024-02-02 14:45:00+00:00,2024-02-02 15:42:00+00:00,17497.2,17553.2,17447.2,17553.2,17488.9,17376.9,target,56.0,50.0,1.12,2024
2024-02-07,2024-02-07 15:10:00+00:00,2024-02-07 15:24:00+00:00,17731.9,17759.45,17681.9,17759.45,17702.6,17647.5,target,27.549999999999272,50.0,0.5509999999999855,2024
2024-02-09,2024-02-09 14:50:00+00:00,2024-02-09 14:58:00+00:00,17838.5,17856.449999999997,17801.7,17856.449999999997,17837.6,17801.7,target,17.94999999999709,36.79999999999927,0.48777173913036537,2024
2024-02-12,2024-02-12 15:35:00+00:00,2024-02-12 15:52:00+00:00,17984.7,18006.45,17941.0,18006.45,17984.5,17941.0,target,21.75,43.70000000000073,0.49771167048054094,2024
2024-02-13,2024-02-13 14:50:00+00:00,2024-02-13 15:25:00+00:00,17614.8,17654.1,17564.8,17654.1,17602.4,17523.8,target,39.29999999999927,50.0,0.7859999999999855,2024
2024-02-14,2024-02-14 15:15:00+00:00,2024-02-14 15:51:00+00:00,17761.7,17711.7,17711.7,17799.25,17754.8,17679.7,stop,-50.0,50.0,-1.0,2024
2024-02-21,2024-02-21 15:00:00+00:00,2024-02-21 15:26:00+00:00,17472.9,17422.9,17422.9,17500.6,17461.6,17406.2,stop,-50.0,50.0,-1.0,2024
2024-02-27,2024-02-27 15:15:00+00:00,2024-02-27 16:29:00+00:00,17992.0,17942.0,17942.0,18034.6,17990.0,17904.8,stop,-50.0,50.0,-1.0,2024
2024-03-01,2024-03-01 15:05:00+00:00,2024-03-01 15:56:00+00:00,18138.5,18163.45,18088.5,18163.45,18109.7,18059.8,target,24.950000000000728,50.0,0.49900000000001454,2024
2024-03-08,2024-03-08 14:45:00+00:00,2024-03-08 14:57:00+00:00,18351.8,18383.85,18301.8,18383.85,18347.8,18283.7,target,32.04999999999927,50.0,0.6409999999999855,2024
2024-03-12,2024-03-12 14:20:00+00:00,2024-03-12 14:48:00+00:00,18117.1,18186.1,18067.1,18186.1,18099.3,17961.3,target,69.0,50.0,1.38,2024
2024-03-18,2024-03-18 14:20:00+00:00,2024-03-18 15:15:00+00:00,18133.7,18083.7,18083.7,18168.25,18122.2,18053.1,stop,-50.0,50.0,-1.0,2024
2024-03-19,2024-03-19 15:30:00+00:00,2024-03-19 16:24:00+00:00,17931.1,17980.15,17881.1,17980.15,17930.4,17832.3,target,49.05000000000291,50.0,0.9810000000000582,2024
2024-03-20,2024-03-20 18:00:00+00:00,2024-03-20 18:05:00+00:00,18140.2,18182.550000000003,18090.2,18182.550000000003,18111.5,18026.8,target,42.35000000000218,50.0,0.8470000000000436,2024
2024-03-25,2024-03-25 13:50:00+00:00,2024-03-25 14:11:00+00:00,18274.2,18306.65,18224.2,18306.65,18271.1,18206.2,target,32.45000000000073,50.0,0.6490000000000146,2024
2024-03-26,2024-03-26 14:00:00+00:00,2024-03-26 14:29:00+00:00,18399.6,18349.6,18349.6,18421.6,18387.6,18343.6,stop,-50.0,50.0,-1.0,2024
2024-04-03,2024-04-03 14:00:00+00:00,2024-04-03 14:15:00+00:00,18163.7,18185.5,18113.7,18185.5,18095.5,18051.9,target,21.799999999999272,50.0,0.43599999999998545,2024
2024-04-05,2024-04-05 13:45:00+00:00,2024-04-05 13:54:00+00:00,18004.3,18044.05,17954.3,18044.05,18000.7,17921.2,target,39.75,50.0,0.795,2024
2024-04-08,2024-04-08 14:25:00+00:00,2024-04-08 15:45:00+00:00,18164.7,18114.7,18114.7,18213.850000000002,18161.4,18063.1,stop,-50.0,50.0,-1.0,2024
2024-04-10,2024-04-10 14:35:00+00:00,2024-04-10 14:51:00+00:00,18051.2,18001.2,18001.2,18089.4,18026.7,17950.3,stop,-50.0,50.0,-1.0,2024
2024-04-12,2024-04-12 13:50:00+00:00,2024-04-12 14:07:00+00:00,18169.4,18119.4,18119.4,18192.050000000003,18162.2,18116.9,stop,-50.0,50.0,-1.0,2024
2024-04-16,2024-04-16 13:55:00+00:00,2024-04-16 14:15:00+00:00,17745.9,17771.300000000003,17695.9,17771.300000000003,17734.1,17683.3,target,25.400000000001455,50.0,0.5080000000000291,2024
2024-04-22,2024-04-22 13:45:00+00:00,2024-04-22 14:06:00+00:00,17192.7,17142.7,17142.7,17213.85,17172.2,17129.9,stop,-50.0,50.0,-1.0,2024
2024-04-23,2024-04-23 13:45:00+00:00,2024-04-23 13:56:00+00:00,17354.4,17386.350000000002,17304.4,17386.350000000002,17346.0,17282.1,target,31.950000000000728,50.0,0.6390000000000146,2024
2024-04-26,2024-04-26 13:50:00+00:00,2024-04-26 14:12:00+00:00,17656.8,17704.5,17606.8,17704.5,17639.6,17544.2,target,47.70000000000073,50.0,0.9540000000000145,2024
2024-05-03,2024-05-03 13:45:00+00:00,2024-05-03 14:00:00+00:00,17891.6,17919.15,17841.6,17919.15,17872.4,17817.3,target,27.55000000000291,50.0,0.5510000000000582,2024
2024-05-06,2024-05-06 13:55:00+00:00,2024-05-06 18:04:00+00:00,18013.4,18042.15,17963.4,18042.15,18004.4,17946.9,target,28.75,50.0,0.575,2024
2024-05-08,2024-05-08 13:45:00+00:00,2024-05-08 14:04:00+00:00,18061.9,18084.100000000002,18011.9,18084.100000000002,18032.9,17988.5,target,22.200000000000728,50.0,0.44400000000001455,2024
2024-05-10,2024-05-10 13:45:00+00:00,2024-05-10 14:01:00+00:00,18249.6,18199.6,18199.6,18286.699999999997,18238.8,18164.6,stop,-50.0,50.0,-1.0,2024
2024-05-14,2024-05-14 14:20:00+00:00,2024-05-14 14:28:00+00:00,18261.0,18286.85,18211.0,18286.85,18234.6,18182.9,target,25.849999999998545,50.0,0.5169999999999709,2024
2024-05-20,2024-05-20 13:50:00+00:00,2024-05-20 16:51:00+00:00,18669.0,18706.4,18619.0,18706.4,18636.6,18561.8,target,37.400000000001455,50.0,0.7480000000000291,2024
2024-05-21,2024-05-21 13:50:00+00:00,2024-05-21 14:30:00+00:00,18645.6,18663.35,18607.0,18663.35,18642.5,18607.0,target,17.75,38.599999999998545,0.45984455958550957,2024
2024-05-22,2024-05-22 15:00:00+00:00,2024-05-22 17:37:00+00:00,18760.7,18720.2,18720.2,18779.35,18757.5,18720.2,stop,-40.5,40.5,-1.0,2024
2024-05-24,2024-05-24 14:00:00+00:00,2024-05-24 14:15:00+00:00,18717.6,18739.25,18669.6,18739.25,18712.9,18669.6,target,21.650000000001455,48.0,0.451041666666697,2024
2024-05-27,2024-05-27 15:00:00+00:00,2024-05-27 15:33:00+00:00,18857.5,18873.95,18821.8,18873.95,18854.7,18821.8,target,16.450000000000728,35.70000000000073,0.46078431372550116,2024
2024-05-29,2024-05-29 13:50:00+00:00,2024-05-29 14:34:00+00:00,18791.6,18818.75,18741.6,18818.75,18765.3,18711.0,target,27.150000000001455,50.0,0.5430000000000291,2024
2024-06-05,2024-06-05 14:00:00+00:00,2024-06-05 14:24:00+00:00,18816.3,18834.4,18779.0,18834.4,18815.2,18779.0,target,18.100000000002183,37.29999999999927,0.48525469168907603,2024
2024-06-07,2024-06-07 13:45:00+00:00,2024-06-07 13:51:00+00:00,19003.7,19026.2,18958.6,19026.2,19003.6,18958.6,target,22.5,45.10000000000218,0.498891352549865,2024
2024-06-10,2024-06-10 14:25:00+00:00,2024-06-10 14:54:00+00:00,19009.5,19032.25,18959.5,19032.25,18998.0,18952.5,target,22.75,50.0,0.455,2024
2024-06-12,2024-06-12 13:45:00+00:00,2024-06-12 18:00:00+00:00,19474.5,19424.5,19424.5,19527.55,19461.0,19354.9,stop,-50.0,50.0,-1.0,2024
2024-06-14,2024-06-14 13:45:00+00:00,2024-06-14 14:24:00+00:00,19603.5,19626.75,19553.5,19626.75,19583.8,19537.3,target,23.25,50.0,0.465,2024
2024-06-25,2024-06-25 14:00:00+00:00,2024-06-25 14:32:00+00:00,19627.0,19651.15,19577.0,19651.15,19592.9,19544.6,target,24.150000000001455,50.0,0.48300000000002913,2024
2024-06-26,2024-06-26 13:45:00+00:00,2024-06-26 13:52:00+00:00,19732.5,19749.75,19682.5,19749.75,19709.0,19674.5,target,17.25,50.0,0.345,2024
2024-06-28,2024-06-28 13:45:00+00:00,2024-06-28 14:00:00+00:00,19885.8,19918.65,19835.8,19918.65,19865.5,19799.8,target,32.85000000000218,50.0,0.6570000000000437,2024
2024-07-02,2024-07-02 14:35:00+00:00,2024-07-02 15:37:00+00:00,19876.1,19933.3,19826.1,19933.3,19867.9,19753.5,target,57.20000000000073,50.0,1.1440000000000146,2024
2024-07-03,2024-07-03 13:45:00+00:00,2024-07-03 14:17:00+00:00,20054.8,20079.35,20004.9,20079.35,20054.0,20004.9,target,24.549999999999272,49.89999999999782,0.4919839679358787,2024
2024-07-05,2024-07-05 13:55:00+00:00,2024-07-05 14:02:00+00:00,20305.4,20332.6,20255.4,20332.6,20286.1,20231.7,target,27.19999999999709,50.0,0.5439999999999418,2024
2024-07-08,2024-07-08 15:20:00+00:00,2024-07-08 19:55:00+00:00,20458.9,20480.850000000002,20408.9,20480.850000000002,20445.2,20401.3,target,21.950000000000728,50.0,0.43900000000001455,2024
2024-07-10,2024-07-10 13:45:00+00:00,2024-07-10 14:59:00+00:00,20580.0,20530.0,20530.0,20603.050000000003,20572.7,20526.6,stop,-50.0,50.0,-1.0,2024
2024-07-12,2024-07-12 13:45:00+00:00,2024-07-12 13:56:00+00:00,20307.1,20332.899999999998,20257.1,20332.899999999998,20290.3,20238.7,target,25.799999999999272,50.0,0.5159999999999855,2024
2024-07-15,2024-07-15 14:00:00+00:00,2024-07-15 14:31:00+00:00,20487.8,20522.25,20437.8,20522.25,20487.2,20418.3,target,34.45000000000073,50.0,0.6890000000000146,2024
2024-07-22,2024-07-22 13:45:00+00:00,2024-07-22 13:57:00+00:00,19864.0,19814.0,19814.0,19911.9,19822.4,19726.6,stop,-50.0,50.0,-1.0,2024
2024-07-23,2024-07-23 15:10:00+00:00,2024-07-23 16:22:00+00:00,19901.8,19851.8,19851.8,19951.15,19881.7,19783.0,stop,-50.0,50.0,-1.0,2024
2024-07-29,2024-07-29 13:55:00+00:00,2024-07-29 14:07:00+00:00,19227.5,19177.5,19177.5,19287.3,19211.6,19092.0,stop,-50.0,50.0,-1.0,2024
2024-07-31,2024-07-31 14:05:00+00:00,2024-07-31 15:30:00+00:00,19318.9,19369.15,19268.9,19369.15,19286.0,19185.5,target,50.25,50.0,1.005,2024
2024-08-13,2024-08-13 13:45:00+00:00,2024-08-13 14:47:00+00:00,18815.0,18850.25,18765.0,18850.25,18801.3,18730.8,target,35.25,50.0,0.705,2024
2024-08-16,2024-08-16 14:05:00+00:00,2024-08-16 14:18:00+00:00,19459.4,19494.9,19409.4,19494.9,19446.6,19375.6,target,35.5,50.0,0.71,2024
2024-08-19,2024-08-19 13:45:00+00:00,2024-08-19 14:02:00+00:00,19540.1,19490.1,19490.1,19575.55,19536.5,19465.6,stop,-50.0,50.0,-1.0,2024
2024-08-20,2024-08-20 13:45:00+00:00,2024-08-20 13:55:00+00:00,19803.9,19833.9,19753.9,19833.9,19800.3,19740.3,target,30.0,50.0,0.6,2024
2024-08-21,2024-08-21 13:50:00+00:00,2024-08-21 14:00:00+00:00,19789.6,19812.75,19739.6,19812.75,19785.6,19739.3,target,23.150000000001455,50.0,0.4630000000000291,2024
2024-08-23,2024-08-23 14:00:00+00:00,2024-08-23 14:06:00+00:00,19776.1,19726.1,19726.1,19804.449999999997,19694.3,19637.6,stop,-50.0,50.0,-1.0,2024
2024-08-27,2024-08-27 13:50:00+00:00,2024-08-27 14:24:00+00:00,19491.7,19533.2,19441.7,19533.2,19479.9,19396.9,target,41.5,50.0,0.83,2024
2024-08-30,2024-08-30 13:50:00+00:00,2024-08-30 14:00:00+00:00,19531.1,19562.05,19481.1,19562.05,19524.4,19462.5,target,30.950000000000728,50.0,0.6190000000000145,2024
2024-09-04,2024-09-04 13:45:00+00:00,2024-09-04 14:00:00+00:00,18947.5,18897.5,18897.5,18999.9,18928.0,18823.2,stop,-50.0,50.0,-1.0,2024
2024-09-09,2024-09-09 13:55:00+00:00,2024-09-09 14:21:00+00:00,18662.5,18612.5,18612.5,18695.85,18647.4,18580.7,stop,-50.0,50.0,-1.0,2024
2024-09-13,2024-09-13 14:05:00+00:00,2024-09-13 14:30:00+00:00,19491.6,19441.6,19441.6,19542.15,19484.4,19383.3,stop,-50.0,50.0,-1.0,2024
2024-09-16,2024-09-16 14:00:00+00:00,2024-09-16 14:26:00+00:00,19439.4,19389.4,19389.4,19496.5,19436.1,19321.9,stop,-50.0,50.0,-1.0,2024
2024-09-23,2024-09-23 13:45:00+00:00,2024-09-23 14:00:00+00:00,19883.6,19833.6,19833.6,19910.399999999998,19869.1,19815.5,stop,-50.0,50.0,-1.0,2024
2024-09-25,2024-09-25 13:55:00+00:00,2024-09-25 14:15:00+00:00,20023.2,20055.4,19973.2,20055.4,19996.2,19931.8,target,32.20000000000073,50.0,0.6440000000000146,2024
2024-10-02,2024-10-02 14:15:00+00:00,2024-10-02 15:17:00+00:00,19804.6,19869.6,19754.6,19869.6,19774.0,19644.0,target,65.0,50.0,1.3,2024
2024-10-08,2024-10-08 13:50:00+00:00,2024-10-08 14:00:00+00:00,19963.8,19986.25,19913.8,19986.25,19939.9,19895.0,target,22.450000000000728,50.0,0.44900000000001455,2024
2024-10-09,2024-10-09 14:10:00+00:00,2024-10-09 14:20:00+00:00,20128.3,20157.9,20078.3,20157.9,20126.7,20067.5,target,29.600000000002183,50.0,0.5920000000000436,2024
2024-10-11,2024-10-11 13:45:00+00:00,2024-10-11 14:06:00+00:00,20191.4,20209.800000000003,20148.0,20209.800000000003,20184.8,20148.0,target,18.400000000001455,43.400000000001455,0.4239631336405723,2024
2024-10-14,2024-10-14 13:45:00+00:00,2024-10-14 14:00:00+00:00,20480.9,20513.950000000004,20430.9,20513.950000000004,20449.4,20383.3,target,33.05000000000291,50.0,0.6610000000000582,2024
2024-10-18,2024-10-18 14:05:00+00:00,2024-10-18 14:54:00+00:00,20367.0,20317.0,20317.0,20401.0,20355.3,20287.3,stop,-50.0,50.0,-1.0,2024
2024-10-21,2024-10-21 13:45:00+00:00,2024-10-21 14:06:00+00:00,20352.4,20384.85,20302.4,20384.85,20350.3,20285.4,target,32.44999999999709,50.0,0.6489999999999418,2024
2024-10-22,2024-10-22 13:50:00+00:00,2024-10-22 14:06:00+00:00,20327.1,20371.199999999997,20277.1,20371.199999999997,20322.9,20234.7,target,44.099999999998545,50.0,0.8819999999999709,2024
2024-10-25,2024-10-25 13:45:00+00:00,2024-10-25 14:00:00+00:00,20487.9,20536.85,20437.9,20536.85,20461.8,20363.9,target,48.94999999999709,50.0,0.9789999999999418,2024
2024-10-29,2024-10-29 14:00:00+00:00,2024-10-29 14:24:00+00:00,20415.9,20462.4,20365.9,20462.4,20410.7,20317.7,target,46.5,50.0,0.93,2024
2024-10-30,2024-10-30 14:15:00+00:00,2024-10-30 15:10:00+00:00,20566.6,20516.6,20516.6,20629.4,20556.7,20431.1,stop,-50.0,50.0,-1.0,2024
2024-11-01,2024-11-01 14:05:00+00:00,2024-11-01 14:15:00+00:00,20066.8,20120.15,20016.8,20120.15,20056.8,19950.1,target,53.35000000000218,50.0,1.0670000000000437,2024
2024-11-04,2024-11-04 15:15:00+00:00,2024-11-04 16:12:00+00:00,20061.4,20125.15,20011.4,20125.15,20041.5,19914.0,target,63.75,50.0,1.275,2024
2024-11-05,2024-11-05 14:45:00+00:00,2024-11-05 14:56:00+00:00,20152.2,20199.75,20102.2,20199.75,20145.6,20050.5,target,47.54999999999927,50.0,0.9509999999999854,2024
2024-11-19,2024-11-19 15:25:00+00:00,2024-11-19 15:49:00+00:00,20535.5,20574.3,20485.5,20574.3,20518.6,20441.0,target,38.79999999999927,50.0,0.7759999999999855,2024
2024-11-26,2024-11-26 14:45:00+00:00,2024-11-26 14:56:00+00:00,20963.5,20913.5,20913.5,20994.85,20949.0,20886.3,stop,-50.0,50.0,-1.0,2024
2024-11-29,2024-11-29 14:50:00+00:00,2024-11-29 15:06:00+00:00,20849.2,20883.75,20799.2,20883.75,20827.6,20758.5,target,34.54999999999927,50.0,0.6909999999999854,2024
2024-12-02,2024-12-02 14:45:00+00:00,2024-12-02 16:37:00+00:00,21109.5,21165.5,21059.5,21165.5,21099.7,20987.7,target,56.0,50.0,1.12,2024
2024-12-03,2024-12-03 14:55:00+00:00,2024-12-03 16:26:00+00:00,21165.3,21198.949999999997,21115.3,21198.949999999997,21165.1,21097.8,target,33.64999999999782,50.0,0.6729999999999563,2024
2024-12-04,2024-12-04 15:05:00+00:00,2024-12-04 15:10:00+00:00,21402.9,21426.45,21354.0,21426.45,21401.1,21354.0,target,23.549999999999272,48.900000000001455,0.4815950920245107,2024
2024-12-06,2024-12-06 14:45:00+00:00,2024-12-06 15:11:00+00:00,21559.2,21593.35,21509.2,21593.35,21520.6,21452.3,target,34.14999999999782,50.0,0.6829999999999563,2024
2024-12-09,2024-12-09 14:45:00+00:00,2024-12-09 15:25:00+00:00,21619.7,21569.7,21569.7,21649.15,21616.8,21557.9,stop,-50.0,50.0,-1.0,2024
2024-12-10,2024-12-10 15:00:00+00:00,2024-12-10 15:52:00+00:00,21554.6,21504.6,21504.6,21589.85,21553.1,21482.6,stop,-50.0,50.0,-1.0,2024
2024-12-11,2024-12-11 14:45:00+00:00,2024-12-11 15:05:00+00:00,21647.6,21680.8,21597.6,21680.8,21617.4,21551.0,target,33.20000000000073,50.0,0.6640000000000146,2024
2024-12-16,2024-12-16 14:50:00+00:00,2024-12-16 15:30:00+00:00,22043.7,22071.95,21993.7,22071.95,22029.2,21972.7,target,28.25,50.0,0.565,2024
2024-12-18,2024-12-18 15:10:00+00:00,2024-12-18 16:19:00+00:00,22092.8,22042.8,22042.8,22138.0,22084.9,21994.5,stop,-50.0,50.0,-1.0,2024
2024-12-20,2024-12-20 15:10:00+00:00,2024-12-20 15:26:00+00:00,21134.3,21196.25,21084.3,21196.25,21101.7,20977.8,target,61.95000000000073,50.0,1.2390000000000145,2024
2024-12-24,2024-12-24 14:50:00+00:00,2024-12-24 15:01:00+00:00,21681.1,21718.5,21631.1,21718.5,21676.0,21601.2,target,37.400000000001455,50.0,0.7480000000000291,2024
2025-01-03,2025-01-03 16:30:00+00:00,2025-01-03 18:45:00+00:00,21273.8,21349.8,21223.8,21349.8,21252.0,21100.0,target,76.0,50.0,1.52,2025
2025-01-06,2025-01-06 14:45:00+00:00,2025-01-06 15:28:00+00:00,21657.7,21708.5,21607.7,21708.5,21653.6,21552.0,target,50.79999999999927,50.0,1.0159999999999854,2025
2025-01-08,2025-01-08 15:00:00+00:00,2025-01-08 15:10:00+00:00,21221.2,21171.2,21171.2,21267.75,21217.1,21124.0,stop,-50.0,50.0,-1.0,2025
2025-01-13,2025-01-13 14:50:00+00:00,2025-01-13 15:06:00+00:00,20662.4,20703.350000000002,20612.4,20703.350000000002,20638.4,20556.5,target,40.95000000000073,50.0,0.8190000000000146,2025
2025-01-15,2025-01-15 14:45:00+00:00,2025-01-15 14:55:00+00:00,21201.6,21151.6,21151.6,21261.5,21164.1,21044.3,stop,-50.0,50.0,-1.0,2025
2025-01-17,2025-01-17 18:10:00+00:00,2025-01-17 20:00:00+00:00,21516.2,21466.2,21466.2,21595.5,21510.6,21352.0,stop,-50.0,50.0,-1.0,2025
2025-01-22,2025-01-22 14:45:00+00:00,2025-01-22 14:57:00+00:00,21859.1,21898.4,21809.1,21898.4,21853.9,21775.3,target,39.30000000000291,50.0,0.7860000000000582,2025
2025-01-24,2025-01-24 14:45:00+00:00,2025-01-24 15:11:00+00:00,21940.5,21890.5,21890.5,21966.65,21929.3,21877.0,stop,-50.0,50.0,-1.0,2025
2025-01-28,2025-01-28 15:00:00+00:00,2025-01-28 15:23:00+00:00,21244.8,21317.949999999997,21194.8,21317.949999999997,21207.3,21061.0,target,73.14999999999782,50.0,1.4629999999999563,2025
2025-01-31,2025-01-31 14:50:00+00:00,2025-01-31 15:01:00+00:00,21749.5,21785.300000000003,21699.5,21785.300000000003,21730.2,21658.6,target,35.80000000000291,50.0,0.7160000000000583,2025
2025-02-04,2025-02-04 14:50:00+00:00,2025-02-04 15:05:00+00:00,21450.0,21508.6,21400.0,21508.6,21426.0,21308.8,target,58.599999999998545,50.0,1.1719999999999708,2025
2025-02-10,2025-02-10 15:00:00+00:00,2025-02-10 15:06:00+00:00,21729.9,21759.100000000002,21679.9,21759.100000000002,21717.9,21659.5,target,29.200000000000728,50.0,0.5840000000000145,2025
2025-02-11,2025-02-11 15:10:00+00:00,2025-02-11 15:31:00+00:00,21717.5,21765.15,21667.5,21765.15,21713.5,21618.2,target,47.650000000001455,50.0,0.9530000000000292,2025
2025-02-12,2025-02-12 14:45:00+00:00,2025-02-12 15:02:00+00:00,21594.4,21544.4,21544.4,21659.65,21586.4,21455.9,stop,-50.0,50.0,-1.0,2025
2025-02-14,2025-02-14 15:05:00+00:00,2025-02-14 15:57:00+00:00,22066.5,22089.55,22016.5,22089.55,22059.3,22013.2,target,23.049999999999272,50.0,0.4609999999999854,2025
2025-02-17,2025-02-17 16:00:00+00:00,2025-02-17 17:59:00+00:00,22178.2,22168.5,22128.2,22202.800000000003,22174.9,22125.7,expiry,-9.700000000000728,50.0,-0.19400000000001455,2025
2025-02-26,2025-02-26 14:45:00+00:00,2025-02-26 15:03:00+00:00,21230.0,21271.949999999997,21180.0,21271.949999999997,21226.1,21142.2,target,41.94999999999709,50.0,0.8389999999999418,2025
2025-03-14,2025-03-14 13:50:00+00:00,2025-03-14 13:57:00+00:00,19593.3,19543.3,19543.3,19667.15,19585.4,19437.7,stop,-50.0,50.0,-1.0,2025
2025-03-19,2025-03-19 13:50:00+00:00,2025-03-19 14:07:00+00:00,19626.6,19680.0,19576.6,19680.0,19608.9,19502.1,target,53.400000000001455,50.0,1.0680000000000291,2025
2025-03-21,2025-03-21 13:50:00+00:00,2025-03-21 14:11:00+00:00,19517.1,19467.1,19467.1,19568.699999999997,19509.6,19406.4,stop,-50.0,50.0,-1.0,2025
2025-03-24,2025-03-24 13:45:00+00:00,2025-03-24 14:24:00+00:00,20121.1,20152.3,20071.1,20152.3,20098.5,20036.1,target,31.200000000000728,50.0,0.6240000000000145,2025
2025-03-25,2025-03-25 14:20:00+00:00,2025-03-25 14:38:00+00:00,20241.2,20270.05,20191.2,20270.05,20238.1,20180.4,target,28.849999999998545,50.0,0.5769999999999709,2025
2025-04-01,2025-04-01 13:45:00+00:00,2025-04-01 13:55:00+00:00,19271.3,19221.3,19221.3,19318.05,19260.7,19167.2,stop,-50.0,50.0,-1.0,2025
2025-04-08,2025-04-08 13:50:00+00:00,2025-04-08 14:00:00+00:00,18077.7,18147.15,18027.7,18147.15,18065.0,17926.1,target,69.45000000000073,50.0,1.3890000000000144,2025
2025-04-15,2025-04-15 13:45:00+00:00,2025-04-15 14:18:00+00:00,18962.4,18912.4,18912.4,19020.800000000003,18959.5,18842.7,stop,-50.0,50.0,-1.0,2025
2025-04-22,2025-04-22 13:45:00+00:00,2025-04-22 14:10:00+00:00,18135.5,18190.15,18085.5,18190.15,18104.5,17995.2,target,54.650000000001455,50.0,1.093000000000029,2025
2025-04-29,2025-04-29 13:45:00+00:00,2025-04-29 14:05:00+00:00,19418.3,19454.75,19368.3,19454.75,19380.6,19307.7,target,36.45000000000073,50.0,0.7290000000000145,2025
2025-05-02,2025-05-02 14:05:00+00:00,2025-05-02 14:28:00+00:00,20037.5,20082.75,19987.5,20082.75,20030.1,19939.6,target,45.25,50.0,0.905,2025
2025-05-05,2025-05-05 14:00:00+00:00,2025-05-05 14:18:00+00:00,19970.8,20004.35,19920.8,20004.35,19966.1,19899.0,target,33.54999999999927,50.0,0.6709999999999855,2025
2025-05-07,2025-05-07 13:55:00+00:00,2025-05-07 14:27:00+00:00,19853.2,19886.95,19803.2,19886.95,19851.2,19783.7,target,33.75,50.0,0.675,2025
2025-05-13,2025-05-13 13:50:00+00:00,2025-05-13 14:07:00+00:00,21036.0,21088.949999999997,20986.0,21088.949999999997,21005.8,20899.9,target,52.94999999999709,50.0,1.0589999999999418,2025
2025-05-19,2025-05-19 13:45:00+00:00,2025-05-19 14:07:00+00:00,21293.0,21357.35,21243.0,21357.35,21263.3,21134.6,target,64.34999999999854,50.0,1.2869999999999708,2025
2025-05-21,2025-05-21 13:45:00+00:00,2025-05-21 14:01:00+00:00,21317.8,21365.1,21267.8,21365.1,21307.1,21212.5,target,47.29999999999927,50.0,0.9459999999999854,2025
2025-05-23,2025-05-23 14:10:00+00:00,2025-05-23 14:21:00+00:00,20909.8,20859.8,20859.8,20974.75,20893.1,20763.2,stop,-50.0,50.0,-1.0,2025
2025-05-27,2025-05-27 13:55:00+00:00,2025-05-27 14:04:00+00:00,21243.6,21288.949999999997,21193.6,21288.949999999997,21234.3,21143.6,target,45.349999999998545,50.0,0.9069999999999709,2025
2025-06-03,2025-06-03 14:00:00+00:00,2025-06-03 14:08:00+00:00,21582.3,21532.3,21532.3,21624.5,21561.1,21476.7,stop,-50.0,50.0,-1.0,2025
2025-06-06,2025-06-06 13:45:00+00:00,2025-06-06 13:56:00+00:00,21825.4,21775.4,21775.4,21867.2,21820.1,21736.5,stop,-50.0,50.0,-1.0,2025
2025-06-09,2025-06-09 13:50:00+00:00,2025-06-09 14:13:00+00:00,21792.5,21823.949999999997,21742.5,21823.949999999997,21791.6,21728.7,target,31.44999999999709,50.0,0.6289999999999418,2025
2025-06-16,2025-06-16 13:45:00+00:00,2025-06-16 13:54:00+00:00,21890.5,21932.6,21840.5,21932.6,21883.0,21798.8,target,42.099999999998545,50.0,0.8419999999999709,2025
2025-06-17,2025-06-17 14:10:00+00:00,2025-06-17 14:57:00+00:00,21908.4,21858.4,21858.4,21948.15,21896.3,21816.8,stop,-50.0,50.0,-1.0,2025
2025-06-18,2025-06-18 13:45:00+00:00,2025-06-18 14:08:00+00:00,21791.7,21826.0,21741.7,21826.0,21783.9,21715.3,target,34.29999999999927,50.0,0.6859999999999854,2025
2025-06-23,2025-06-23 13:45:00+00:00,2025-06-23 14:05:00+00:00,21703.8,21762.15,21653.8,21762.15,21675.5,21558.8,target,58.35000000000218,50.0,1.1670000000000436,2025
2025-06-24,2025-06-24 14:40:00+00:00,2025-06-24 15:23:00+00:00,22138.8,22171.949999999997,22088.8,22171.949999999997,22129.1,22062.8,target,33.14999999999782,50.0,0.6629999999999563,2025
2025-06-27,2025-06-27 13:50:00+00:00,2025-06-27 14:00:00+00:00,22549.8,22577.75,22499.8,22577.75,22548.5,22492.6,target,27.950000000000728,50.0,0.5590000000000146,2025
2025-07-01,2025-07-01 13:45:00+00:00,2025-07-01 14:15:00+00:00,22627.4,22646.35,22587.9,22646.35,22625.8,22587.9,target,18.94999999999709,39.5,0.4797468354429643,2025
2025-07-02,2025-07-02 13:45:00+00:00,2025-07-02 14:06:00+00:00,22518.0,22545.55,22468.0,22545.55,22514.0,22458.9,target,27.549999999999272,50.0,0.5509999999999855,2025
2025-07-04,2025-07-04 13:50:00+00:00,2025-07-04 16:59:00+00:00,22740.6,22716.6,22698.4,22761.149999999998,22739.5,22698.4,expiry,-24.0,42.19999999999709,-0.5687203791469586,2025
2025-07-09,2025-07-09 13:45:00+00:00,2025-07-09 14:30:00+00:00,22909.6,22859.6,22859.6,22952.5,22889.0,22803.2,stop,-50.0,50.0,-1.0,2025
2025-07-11,2025-07-11 13:55:00+00:00,2025-07-11 15:15:00+00:00,22793.9,22743.9,22743.9,22837.25,22787.9,22701.2,stop,-50.0,50.0,-1.0,2025
2025-07-14,2025-07-14 14:55:00+00:00,2025-07-14 17:15:00+00:00,22830.4,22893.050000000003,22780.4,22893.050000000003,22817.3,22692.0,target,62.650000000001455,50.0,1.2530000000000292,2025
2025-07-21,2025-07-21 13:45:00+00:00,2025-07-21 14:33:00+00:00,23235.4,23281.600000000002,23185.4,23281.600000000002,23205.9,23113.5,target,46.20000000000073,50.0,0.9240000000000146,2025
2025-07-25,2025-07-25 13:45:00+00:00,2025-07-25 13:56:00+00:00,23252.5,23275.95,23202.5,23275.95,23246.4,23199.5,target,23.450000000000728,50.0,0.46900000000001457,2025
2025-07-28,2025-07-28 13:50:00+00:00,2025-07-28 15:19:00+00:00,23383.4,23341.9,23341.9,23403.1,23381.3,23341.9,stop,-41.5,41.5,-1.0,2025
2025-07-30,2025-07-30 14:20:00+00:00,2025-07-30 16:20:00+00:00,23396.3,23425.55,23346.3,23425.55,23390.4,23331.9,target,29.25,50.0,0.585,2025
2025-08-04,2025-08-04 13:45:00+00:00,2025-08-04 16:18:00+00:00,23110.5,23164.1,23060.5,23164.1,23090.7,22983.5,target,53.599999999998545,50.0,1.071999999999971,2025
2025-08-05,2025-08-05 13:45:00+00:00,2025-08-05 14:00:00+00:00,23277.6,23227.6,23227.6,23306.6,23258.3,23200.3,stop,-50.0,50.0,-1.0,2025
2025-08-06,2025-08-06 13:50:00+00:00,2025-08-06 14:04:00+00:00,23129.9,23169.050000000003,23079.9,23169.050000000003,23127.6,23049.3,target,39.150000000001455,50.0,0.7830000000000291,2025
2025-08-08,2025-08-08 13:45:00+00:00,2025-08-08 14:10:00+00:00,23533.0,23574.8,23483.0,23574.8,23519.0,23435.4,target,41.79999999999927,50.0,0.8359999999999854,2025
2025-08-11,2025-08-11 13:55:00+00:00,2025-08-11 16:07:00+00:00,23655.3,23683.75,23605.3,23683.75,23649.5,23592.6,target,28.450000000000728,50.0,0.5690000000000146,2025
2025-08-22,2025-08-22 13:45:00+00:00,2025-08-22 13:57:00+00:00,23268.8,23218.8,23218.8,23326.699999999997,23258.3,23142.5,stop,-50.0,50.0,-1.0,2025
2025-08-25,2025-08-25 13:55:00+00:00,2025-08-25 14:14:00+00:00,23461.3,23497.95,23411.3,23497.95,23460.4,23387.1,target,36.650000000001455,50.0,0.7330000000000291,2025
2025-09-01,2025-09-01 13:45:00+00:00,2025-09-01 15:31:00+00:00,23445.5,23465.3,23404.2,23465.3,23443.8,23404.2,target,19.799999999999272,41.29999999999927,0.47941888619853806,2025
2025-09-02,2025-09-02 13:45:00+00:00,2025-09-02 14:48:00+00:00,23160.7,23110.7,23110.7,23236.25,23139.7,22988.6,stop,-50.0,50.0,-1.0,2025
2025-09-03,2025-09-03 14:15:00+00:00,2025-09-03 14:34:00+00:00,23408.8,23441.35,23358.8,23441.35,23403.4,23338.3,target,32.54999999999927,50.0,0.6509999999999855,2025
2025-09-08,2025-09-08 13:45:00+00:00,2025-09-08 14:46:00+00:00,23821.2,23857.85,23771.2,23857.85,23819.1,23745.8,target,36.64999999999782,50.0,0.7329999999999564,2025
2025-09-12,2025-09-12 14:20:00+00:00,2025-09-12 14:53:00+00:00,24059.8,24089.9,24009.8,24089.9,24051.0,23990.8,target,30.100000000002183,50.0,0.6020000000000436,2025
2025-09-15,2025-09-15 13:45:00+00:00,2025-09-15 13:59:00+00:00,24240.8,24268.1,24190.8,24268.1,24238.3,24183.7,target,27.299999999999272,50.0,0.5459999999999855,2025
2025-09-19,2025-09-19 13:45:00+00:00,2025-09-19 13:53:00+00:00,24573.3,24596.199999999997,24523.3,24596.199999999997,24566.0,24520.2,target,22.899999999997817,50.0,0.45799999999995633,2025
2025-09-22,2025-09-22 13:45:00+00:00,2025-09-22 13:54:00+00:00,24643.0,24663.25,24601.5,24663.25,24642.0,24601.5,target,20.25,41.5,0.4879518072289157,2025
2025-09-29,2025-09-29 13:45:00+00:00,2025-09-29 15:12:00+00:00,24751.8,24701.8,24701.8,24784.85,24719.7,24653.6,stop,-50.0,50.0,-1.0,2025
