entry_time,exit_time,direction,killzone,entry,stop,target,exit,outcome,r
2016-11-15 10:20:00-05:00,2016-11-15 12:20:00-05:00,long,am,4770.0,4727.18,4855.639999999999,4759.6,expired,-0.2895843063988725
2016-11-15 14:20:00-05:00,2016-11-15 16:35:00-05:00,long,pm,4762.2,4747.0142857142855,4792.571428571428,4766.5,expired,0.1514581373471425
2016-11-17 14:10:00-05:00,2016-11-17 15:55:00-05:00,short,pm,4819.2,4828.525,4800.55,4828.525,loss,-1.2144772117962508
2016-11-18 03:15:00-05:00,2016-11-18 04:00:00-05:00,short,london,4832.7,4837.7,4822.7,4822.7,win,1.6
2016-11-18 10:05:00-05:00,2016-11-18 10:50:00-05:00,short,am,4830.4,4842.768571428571,4805.662857142857,4805.662857142857,win,1.8382998382998348
2016-11-18 14:15:00-05:00,2016-11-18 16:30:00-05:00,short,pm,4815.0,4820.629999999999,4803.740000000002,4810.7,expired,0.4085257548846374
2016-11-21 03:15:00-05:00,2016-11-21 04:20:00-05:00,short,london,4818.8,4823.989285714286,4808.421428571429,4808.421428571429,win,1.6145905024088074
2016-11-21 14:15:00-05:00,2016-11-21 15:45:00-05:00,short,pm,4854.5,4859.56,4844.379999999999,4859.56,loss,-1.3952569169960163
2016-11-22 14:15:00-05:00,2016-11-22 15:50:00-05:00,short,pm,4869.8,4877.5478571428575,4854.3042857142855,4877.5478571428575,loss,-1.2581358901078568
2016-11-23 03:10:00-05:00,2016-11-23 05:10:00-05:00,short,london,4880.1,4885.1,4870.1,4877.5,expired,0.12000000000007272
2016-11-25 03:25:00-05:00,2016-11-25 05:25:00-05:00,short,london,4860.0,4865.0,4850.0,4859.5,expired,-0.30000000000000004
2016-11-28 03:20:00-05:00,2016-11-28 05:20:00-05:00,short,london,4854.4,4867.387857142857,4828.424285714285,4862.7,expired,-0.7930484518506441
2016-11-29 03:10:00-05:00,2016-11-29 03:40:00-05:00,short,london,4863.4,4868.4,4853.4,4868.4,loss,-1.4
2016-11-30 14:20:00-05:00,2016-11-30 16:35:00-05:00,short,pm,4824.9,4838.727142857142,4797.245714285715,4819.6,expired,0.23866101870023318
2016-12-01 03:15:00-05:00,2016-12-01 05:15:00-05:00,short,london,4812.7,4818.947142857142,4800.205714285715,4811.9,expired,-0.19208781157098467
2016-12-01 10:10:00-05:00,2016-12-01 10:20:00-05:00,long,am,4783.2,4775.728571428572,4798.142857142856,4775.728571428572,loss,-1.267686424474205
2016-12-01 14:25:00-05:00,2016-12-01 15:20:00-05:00,long,pm,4735.6,4728.819285714286,4749.1614285714295,4728.819285714286,loss,-1.2949541767618122
2016-12-02 10:20:00-05:00,2016-12-02 12:20:00-05:00,short,am,4733.3,4761.831428571429,4676.237142857143,4747.3,expired,-0.5607850991387962
2016-12-06 03:25:00-05:00,2016-12-06 03:50:00-05:00,short,london,4779.6,4784.6,4769.6,4784.6,loss,-1.4
2016-12-07 14:25:00-05:00,2016-12-07 16:40:00-05:00,long,pm,4838.6,4816.208571428571,4883.3828571428585,4844.4,expired,0.16970779635060818
2016-12-08 10:05:00-05:00,2016-12-08 11:05:00-05:00,short,am,4859.2,4870.421428571429,4836.757142857142,4870.421428571429,loss,-1.1782304264799426
2016-12-08 14:25:00-05:00,2016-12-08 16:40:00-05:00,short,pm,4856.9,4868.5192857142865,4833.661428571426,4866.9,expired,-1.0327657220137887
2016-12-09 03:25:00-05:00,2016-12-09 04:40:00-05:00,short,london,4861.5,4866.5,4851.5,4866.5,loss,-1.4
2016-12-13 03:15:00-05:00,2016-12-13 05:15:00-05:00,long,london,4884.1,4879.1,4894.1,4889.1,expired,0.6
2016-12-14 10:10:00-05:00,2016-12-14 10:25:00-05:00,short,am,4950.3,4956.271428571429,4938.357142857142,4956.271428571429,loss,-1.3349282296650484
2016-12-14 14:20:00-05:00,2016-12-14 16:35:00-05:00,short,pm,4935.8,4963.095714285714,4881.208571428572,4937.8,expired,-0.1465431517245005
2016-12-16 14:15:00-05:00,2016-12-16 15:40:00-05:00,long,pm,4919.3,4912.0371428571425,4933.825714285716,4912.0371428571425,loss,-1.2753737214791299
2016-12-19 03:25:00-05:00,2016-12-19 05:25:00-05:00,short,london,4927.7,4932.7,4917.7,4928.2,expired,-0.5
2016-12-20 03:15:00-05:00,2016-12-20 05:15:00-05:00,long,london,4950.2,4944.34,4961.919999999999,4947.2,expired,-0.8532423208191603
2016-12-20 14:15:00-05:00,2016-12-20 16:30:00-05:00,short,pm,4959.7,4964.7,4949.7,4960.2,expired,-0.5
2016-12-21 03:10:00-05:00,2016-12-21 05:10:00-05:00,long,london,4963.9,4958.9,4973.9,4962.7,expired,-0.6399999999999637
2016-12-22 03:20:00-05:00,2016-12-22 05:20:00-05:00,long,london,4950.8,4945.8,4960.8,4950.2,expired,-0.5200000000000727
2016-12-27 10:20:00-05:00,2016-12-27 11:50:00-05:00,short,am,4994.7,5001.026428571428,4982.047142857143,4982.047142857143,win,1.6838658688043346
2016-12-28 14:25:00-05:00,2016-12-28 16:40:00-05:00,short,pm,4932.9,4939.547142857143,4919.6057142857135,4930.7,expired,0.0300881151944698
2016-12-29 14:10:00-05:00,2016-12-29 16:10:00-05:00,long,pm,4917.0,4909.021428571429,4932.957142857142,4925.3,expired,0.7896150402865636
2016-12-30 10:05:00-05:00,2016-12-30 12:05:00-05:00,short,am,4890.6,4933.499285714285,4804.801428571431,4878.2,expired,0.24242827885913967
2017-01-03 10:15:00-05:00,2017-01-03 11:40:00-05:00,long,am,4922.5,4891.001428571428,4985.497142857144,4891.001428571428,loss,-1.0634949430813174
2017-01-04 03:15:00-05:00,2017-01-04 05:15:00-05:00,long,london,4918.7,4913.7,4928.7,4920.7,expired,0.0
2017-01-06 03:10:00-05:00,2017-01-06 05:10:00-05:00,short,london,4964.8,4969.8,4954.8,4968.2,expired,-1.0799999999999272
2017-01-06 10:15:00-05:00,2017-01-06 12:15:00-05:00,long,am,4979.4,4956.971428571429,5024.257142857141,5009.3,expired,1.2439490445860548
2017-01-09 10:10:00-05:00,2017-01-09 10:20:00-05:00,short,am,5016.0,5024.857142857142,4998.285714285716,5024.857142857142,loss,-1.22580645161292
2017-01-09 14:20:00-05:00,2017-01-09 15:25:00-05:00,short,pm,5023.9,5031.6335714285715,5008.432857142856,5031.6335714285715,loss,-1.2586127274406436
2017-01-10 03:10:00-05:00,2017-01-10 05:10:00-05:00,long,london,5026.9,5020.551428571428,5039.597142857143,5027.4,expired,-0.23627362736272872
2017-01-10 14:10:00-05:00,2017-01-10 16:10:00-05:00,short,pm,5038.4,5049.486428571428,5016.227142857142,5036.2,expired,0.01804007473743574
2017-01-12 10:25:00-05:00,2017-01-12 12:25:00-05:00,short,am,5008.9,5035.975,4954.749999999998,5021.5,expired,-0.5392428439519842
2017-01-13 03:20:00-05:00,2017-01-13 05:20:00-05:00,long,london,5045.5,5040.5,5055.5,5046.2,expired,-0.2600000000000364
2017-01-17 03:10:00-05:00,2017-01-17 05:10:00-05:00,short,london,5052.5,5057.5,5042.5,5046.9,expired,0.7200000000000727
2017-01-17 10:15:00-05:00,2017-01-17 12:15:00-05:00,long,am,5045.4,5030.053571428572,5076.092857142856,5045.2,expired,-0.1433558296485848
2017-01-19 03:15:00-05:00,2017-01-19 05:15:00-05:00,short,london,5057.5,5062.5,5047.5,5051.9,expired,0.7200000000000727
2017-01-19 10:25:00-05:00,2017-01-19 12:25:00-05:00,short,am,5064.4,5081.184285714286,5030.831428571428,5065.4,expired,-0.17873861605242758
2017-01-19 14:20:00-05:00,2017-01-19 16:35:00-05:00,short,pm,5050.4,5062.040714285714,5027.118571428571,5060.2,expired,-1.0136835000307003
2017-01-20 10:10:00-05:00,2017-01-20 12:05:00-05:00,short,am,5073.3,5082.034285714286,5055.831428571429,5055.831428571429,win,1.7710173372587517
2017-01-23 03:15:00-05:00,2017-01-23 04:25:00-05:00,short,london,5037.8,5042.8,5027.8,5042.8,loss,-1.4
2017-01-30 03:25:00-05:00,2017-01-30 05:25:00-05:00,short,london,5156.9,5161.9,5146.9,5151.7,expired,0.6399999999999636
2017-01-30 10:20:00-05:00,2017-01-30 12:20:00-05:00,short,am,5109.2,5152.855714285714,5021.888571428571,5120.2,expired,-0.2977846133708545
2017-01-31 10:25:00-05:00,2017-01-31 11:25:00-05:00,long,am,5106.9,5096.027142857142,5128.645714285714,5096.027142857142,loss,-1.1839442911575315
2017-02-01 10:20:00-05:00,2017-02-01 12:20:00-05:00,short,am,5145.4,5164.377142857143,5107.445714285714,5138.6,expired,0.2529358626919199
2017-02-06 03:10:00-05:00,2017-02-06 04:20:00-05:00,short,london,5158.3,5163.3,5148.3,5163.3,loss,-1.4
2017-02-07 10:25:00-05:00,2017-02-07 12:25:00-05:00,long,am,5185.8,5173.380714285714,5210.6385714285725,5185.0,expired,-0.22545580031058343
2017-02-07 14:25:00-05:00,2017-02-07 16:40:00-05:00,short,pm,5182.7,5189.7128571428575,5168.674285714284,5180.0,expired,0.0998166632715084
2017-02-08 03:15:00-05:00,2017-02-08 03:50:00-05:00,long,london,5189.8,5184.8,5199.8,5184.8,loss,-1.4
2017-02-08 14:25:00-05:00,2017-02-08 16:40:00-05:00,long,pm,5197.0,5192.0,5207.0,5197.0,expired,-0.4
2017-02-09 03:10:00-05:00,2017-02-09 05:10:00-05:00,long,london,5196.4,5191.4,5206.4,5195.7,expired,-0.5399999999999636
2017-02-10 10:20:00-05:00,2017-02-10 12:05:00-05:00,long,am,5218.0,5212.720714285715,5228.55857142857,5228.55857142857,win,1.6211608713299392
2017-02-13 10:10:00-05:00,2017-02-13 12:10:00-05:00,long,am,5248.9,5240.347857142858,5266.0042857142835,5253.6,expired,0.315710348283758
2017-02-14 10:10:00-05:00,2017-02-14 10:35:00-05:00,short,am,5255.5,5260.5,5245.5,5245.5,win,1.6
2017-02-14 14:15:00-05:00,2017-02-14 14:45:00-05:00,long,pm,5270.0,5265.0,5280.0,5265.0,loss,-1.4
2017-02-21 10:25:00-05:00,2017-02-21 12:25:00-05:00,long,am,5346.0,5331.353571428571,5375.292857142858,5339.5,expired,-0.5803462570104616
2017-02-22 10:25:00-05:00,2017-02-22 12:25:00-05:00,long,am,5346.8,5335.924285714286,5368.551428571428,5350.6,expired,0.16550637068175103
2017-02-24 03:25:00-05:00,2017-02-24 05:25:00-05:00,short,london,5322.4,5327.4,5312.4,5319.9,expired,0.09999999999999998
2017-02-28 03:10:00-05:00,2017-02-28 05:10:00-05:00,short,london,5342.9,5347.9,5332.9,5345.1,expired,-0.8400000000001455
2017-03-01 03:15:00-05:00,2017-03-01 03:55:00-05:00,long,london,5344.7,5337.539285714285,5359.021428571429,5359.021428571429,win,1.720698254364105
2017-03-01 10:10:00-05:00,2017-03-01 12:10:00-05:00,long,am,5368.7,5353.702857142857,5398.694285714285,5393.2,expired,1.5002857687178832
2017-03-03 03:10:00-05:00,2017-03-03 05:10:00-05:00,short,london,5349.5,5354.5,5339.5,5350.5,expired,-0.6000000000000001
2017-03-07 14:25:00-05:00,2017-03-07 15:30:00-05:00,long,pm,5356.8,5351.8,5366.8,5351.8,loss,-1.4
2017-03-08 03:15:00-05:00,2017-03-08 05:15:00-05:00,long,london,5344.9,5339.9,5354.9,5351.9,expired,0.9999999999999999
2017-03-08 10:15:00-05:00,2017-03-08 10:25:00-05:00,short,am,5365.4,5370.4,5355.4,5370.4,loss,-1.4
2017-03-09 10:10:00-05:00,2017-03-09 12:10:00-05:00,long,am,5366.8,5346.671428571429,5407.057142857143,5365.0,expired,-0.1887863733144169
2017-03-13 03:05:00-04:00,2017-03-13 05:05:00-04:00,long,london,5382.7,5377.7,5392.7,5380.8,expired,-0.7799999999999272
2017-03-13 10:20:00-04:00,2017-03-13 12:20:00-04:00,long,am,5384.2,5379.2,5394.2,5384.0,expired,-0.43999999999996364
2017-03-15 03:10:00-04:00,2017-03-15 04:35:00-04:00,short,london,5389.1,5394.1,5379.1,5394.1,loss,-1.4
2017-03-15 10:10:00-04:00,2017-03-15 12:10:00-04:00,short,am,5380.3,5395.411428571429,5350.077142857143,5387.1,expired,-0.58234070712802
2017-03-15 14:10:00-04:00,2017-03-15 16:10:00-04:00,long,pm,5408.1,5389.715,5444.870000000001,5415.8,expired,0.3100353549088795
2017-03-16 03:20:00-04:00,2017-03-16 05:20:00-04:00,long,london,5432.6,5427.6,5442.6,5432.4,expired,-0.44000000000014555
2017-03-16 10:25:00-04:00,2017-03-16 12:25:00-04:00,short,am,5414.1,5427.299285714285,5387.70142857143,5413.1,expired,-0.07576167541534044
2017-03-20 03:05:00-04:00,2017-03-20 04:25:00-04:00,short,london,5400.2,5405.2,5390.2,5405.2,loss,-1.4
2017-03-21 03:20:00-04:00,2017-03-21 05:20:00-04:00,long,london,5429.5,5424.5,5439.5,5426.5,expired,-1.0
2017-03-21 10:20:00-04:00,2017-03-21 11:15:00-04:00,short,am,5417.8,5438.915,5375.570000000001,5375.570000000001,win,1.9052806062041192
2017-03-24 03:10:00-04:00,2017-03-24 05:10:00-04:00,short,london,5365.6,5370.6,5355.6,5365.9,expired,-0.4599999999998545
2017-03-27 03:05:00-04:00,2017-03-27 05:05:00-04:00,short,london,5327.1,5381.750714285714,5217.798571428573,5331.6,expired,-0.11893714629269155
2017-03-27 14:25:00-04:00,2017-03-27 14:55:00-04:00,short,pm,5371.6,5380.6278571428575,5353.544285714286,5380.6278571428575,loss,-1.2215365139647134
2017-03-28 03:15:00-04:00,2017-03-28 03:40:00-04:00,short,london,5383.8,5389.9457142857145,5371.5085714285715,5389.9457142857145,loss,-1.325430032543
2017-03-28 10:10:00-04:00,2017-03-28 11:50:00-04:00,long,am,5373.0,5361.745714285715,5395.508571428571,5395.508571428571,win,1.8222899212998156
2017-03-29 10:05:00-04:00,2017-03-29 12:05:00-04:00,long,am,5415.6,5404.423571428571,5437.952857142858,5416.8,expired,-0.07157921646323386
2017-03-30 03:20:00-04:00,2017-03-30 05:20:00-04:00,short,london,5438.4,5443.4,5428.4,5430.7,expired,1.1399999999999637
2017-03-30 10:20:00-04:00,2017-03-30 12:20:00-04:00,long,am,5437.5,5424.840714285714,5462.818571428572,5433.3,expired,-0.48975907013482983
2017-03-31 10:10:00-04:00,2017-03-31 12:10:00-04:00,long,am,5439.6,5425.9800000000005,5466.84,5446.1,expired,0.3303964757709278
2017-03-31 14:20:00-04:00,2017-04-02 18:05:00-04:00,short,pm,5438.6,5451.885,5412.030000000001,5439.6,expired,-0.22581859239744317
2017-04-03 03:20:00-04:00,2017-04-03 05:20:00-04:00,short,london,5445.1,5450.1,5435.1,5441.1,expired,0.4
2017-04-03 10:15:00-04:00,2017-04-03 11:05:00-04:00,short,am,5441.9,5453.846428571428,5418.007142857143,5418.007142857143,win,1.8325859491778755
2017-04-04 03:25:00-04:00,2017-04-04 05:25:00-04:00,short,london,5422.4,5427.4,5412.4,5414.8,expired,1.1199999999998909
2017-04-05 03:15:00-04:00,2017-04-05 05:15:00-04:00,long,london,5438.3,5433.3,5448.3,5442.4,expired,0.4199999999998908
2017-04-06 14:05:00-04:00,2017-04-06 14:45:00-04:00,short,pm,5427.9,5434.2242857142855,5415.251428571428,5415.251428571428,win,1.6837587531059504
2017-04-10 03:10:00-04:00,2017-04-10 05:10:00-04:00,short,london,5425.3,5430.3,5415.3,5422.8,expired,0.09999999999999998
2017-04-10 14:10:00-04:00,2017-04-10 16:10:00-04:00,short,pm,5428.4,5437.345,5410.509999999998,5422.1,expired,0.48071548351022636
2017-04-11 03:15:00-04:00,2017-04-11 05:15:00-04:00,long,london,5415.2,5410.2,5425.2,5414.7,expired,-0.5
2017-04-11 14:20:00-04:00,2017-04-11 16:10:00-04:00,short,pm,5390.2,5400.405,5369.79,5400.405,loss,-1.1959823615874585
2017-04-17 03:15:00-04:00,2017-04-17 05:15:00-04:00,long,london,5357.7,5352.7,5367.7,5353.2,expired,-1.3
2017-04-17 10:25:00-04:00,2017-04-17 12:25:00-04:00,long,am,5382.2,5366.225714285714,5414.148571428571,5384.5,expired,0.01878018243606952
2017-04-18 10:25:00-04:00,2017-04-18 12:25:00-04:00,short,am,5388.2,5405.498571428571,5353.602857142857,5381.3,expired,0.28326038483770266
2017-04-18 14:10:00-04:00,2017-04-18 16:10:00-04:00,long,pm,5388.1,5377.492857142857,5409.314285714287,5389.7,expired,-0.03771043771048821
2017-04-19 10:05:00-04:00,2017-04-19 12:05:00-04:00,long,am,5422.8,5410.552857142857,5447.294285714287,5420.0,expired,-0.3919281465064699
2017-04-19 14:25:00-04:00,2017-04-19 15:40:00-04:00,short,pm,5407.5,5414.829285714286,5392.841428571428,5392.841428571428,win,1.727122112854509
2017-04-20 03:25:00-04:00,2017-04-20 05:25:00-04:00,long,london,5409.6,5401.907142857143,5424.9857142857145,5416.6,expired,0.6499535747446676
2017-04-20 10:15:00-04:00,2017-04-20 12:15:00-04:00,long,am,5423.1,5411.1164285714285,5447.067142857144,5444.1,expired,1.5855039637598538
2017-04-21 14:05:00-04:00,2017-04-21 16:05:00-04:00,long,pm,5437.7,5427.815714285714,5457.468571428571,5442.0,expired,0.232692585633788
2017-04-24 14:25:00-04:00,2017-04-24 16:40:00-04:00,long,pm,5506.4,5501.282857142857,5516.6342857142845,5505.5,expired,-0.5667225013958449
2017-04-25 10:15:00-04:00,2017-04-25 12:15:00-04:00,long,am,5535.6,5522.089285714285,5562.62142857143,5548.1,expired,0.7771609833465071
2017-04-26 03:10:00-04:00,2017-04-27 03:35:00-04:00,long,london,5553.4,5548.4,5563.4,5548.4,loss,-1.4
2017-04-27 10:05:00-04:00,2017-04-27 12:05:00-04:00,long,am,5559.9,5548.582142857143,5582.535714285714,5561.9,expired,0.0
2017-04-28 03:25:00-04:00,2017-04-28 04:10:00-04:00,short,london,5588.4,5593.4,5578.4,5593.4,loss,-1.4
2017-04-28 14:20:00-04:00,2017-04-28 15:50:00-04:00,short,pm,5578.7,5584.034285714286,5568.031428571428,5584.034285714286,loss,-1.37493304767003
2017-05-01 03:10:00-04:00,2017-05-01 05:10:00-04:00,short,london,5595.0,5600.0,5585.0,5595.0,expired,-0.4
2017-05-01 14:05:00-04:00,2017-05-01 16:05:00-04:00,long,pm,5633.5,5623.096428571429,5654.307142857142,5632.0,expired,-0.336422931685561
2017-05-03 10:15:00-04:00,2017-05-03 12:15:00-04:00,short,am,5618.2,5632.28,5590.04,5621.9,expired,-0.40482954545453465
2017-05-03 14:15:00-04:00,2017-05-03 15:50:00-04:00,long,pm,5615.4,5610.4,5625.4,5625.4,win,1.6
2017-05-05 03:15:00-04:00,2017-05-05 05:15:00-04:00,long,london,5623.4,5618.4,5633.4,5627.9,expired,0.5
2017-05-08 03:25:00-04:00,2017-05-08 04:15:00-04:00,short,london,5638.0,5643.677142857143,5626.645714285714,5643.677142857143,loss,-1.3522898842476114
2017-05-09 03:25:00-04:00,2017-05-09 05:25:00-04:00,short,london,5654.5,5659.5,5644.5,5658.3,expired,-1.1600000000000366
2017-05-09 10:10:00-04:00,2017-05-09 12:10:00-04:00,long,am,5683.0,5659.153571428571,5730.692857142858,5678.3,expired,-0.28096450501721076
2017-05-10 03:10:00-04:00,2017-05-10 04:00:00-04:00,long,london,5676.3,5671.3,5686.3,5671.3,loss,-1.4
2017-05-11 03:10:00-04:00,2017-05-11 05:10:00-04:00,short,london,5668.8,5673.8,5658.8,5668.0,expired,-0.23999999999996363
2017-05-11 10:05:00-04:00,2017-05-11 12:05:00-04:00,short,am,5646.1,5666.803571428571,5604.69285714286,5648.0,expired,-0.18837329653268214
2017-05-11 14:25:00-04:00,2017-05-11 16:40:00-04:00,long,pm,5669.1,5657.490714285715,5692.318571428572,5668.9,expired,-0.18950347628136383
2017-05-15 10:25:00-04:00,2017-05-15 10:50:00-04:00,short,am,5696.3,5701.3,5686.3,5701.3,loss,-1.4
2017-05-16 14:05:00-04:00,2017-05-16 15:50:00-04:00,short,pm,5716.1,5721.1,5706.1,5721.1,loss,-1.4
2017-05-17 10:05:00-04:00,2017-05-17 12:05:00-04:00,short,am,5663.9,5689.912857142857,5611.874285714284,5640.1,expired,0.838047119556218
2017-05-18 03:15:00-04:00,2017-05-18 05:05:00-04:00,long,london,5597.0,5568.709285714285,5653.58142857143,5568.709285714285,loss,-1.0706945741914295
2017-05-18 14:10:00-04:00,2017-05-18 16:10:00-04:00,long,pm,5634.2,5605.5992857142855,5691.401428571428,5627.5,expired,-0.3041882070877288
2017-05-19 14:15:00-04:00,2017-05-19 14:40:00-04:00,short,pm,5667.7,5672.7,5657.7,5672.7,loss,-1.4
2017-05-22 03:20:00-04:00,2017-05-22 05:20:00-04:00,short,london,5658.1,5664.04,5646.220000000001,5653.1,expired,0.5050505050505391
2017-05-22 14:20:00-04:00,2017-05-22 15:40:00-04:00,long,pm,5691.3,5686.3,5701.3,5701.3,win,1.6
2017-05-23 03:15:00-04:00,2017-05-23 03:40:00-04:00,long,london,5698.8,5692.045714285715,5712.308571428571,5712.308571428571,win,1.7038917089678325
2017-05-24 03:10:00-04:00,2017-05-24 03:40:00-04:00,short,london,5708.8,5713.8,5698.8,5713.8,loss,-1.4
2017-05-25 03:20:00-04:00,2017-05-25 04:05:00-04:00,short,london,5754.2,5759.2,5744.2,5744.2,win,1.6
2017-05-25 10:20:00-04:00,2017-05-25 12:20:00-04:00,long,am,5761.3,5739.290714285714,5805.318571428573,5779.9,expired,0.7542271119332299
2017-05-26 03:15:00-04:00,2017-05-26 05:15:00-04:00,long,london,5780.8,5775.8,5790.8,5779.9,expired,-0.5800000000001091
2017-05-31 10:10:00-04:00,2017-05-31 12:10:00-04:00,short,am,5774.8,5817.723571428572,5688.952857142857,5787.1,expired,-0.3331502837268941
2017-06-01 10:15:00-04:00,2017-06-01 12:15:00-04:00,short,am,5790.7,5812.472857142857,5747.154285714286,5800.9,expired,-0.5603306869627932
2017-06-02 10:20:00-04:00,2017-06-02 12:20:00-04:00,long,am,5842.2,5825.127857142857,5876.344285714286,5863.0,expired,1.1012091544286695
2017-06-05 03:05:00-04:00,2017-06-05 05:05:00-04:00,long,london,5881.0,5876.0,5891.0,5880.3,expired,-0.5399999999999636
2017-06-06 14:10:00-04:00,2017-06-06 15:20:00-04:00,long,pm,5882.1,5875.457142857143,5895.385714285716,5875.457142857143,loss,-1.3010752688171747
2017-06-07 03:20:00-04:00,2017-06-07 03:50:00-04:00,short,london,5861.3,5866.935714285714,5850.028571428572,5866.935714285714,loss,-1.3548795944233305
2017-06-07 14:15:00-04:00,2017-06-07 16:30:00-04:00,long,pm,5873.4,5855.8,5908.5999999999985,5880.7,expired,0.3011363636363833
2017-06-09 03:15:00-04:00,2017-06-09 05:15:00-04:00,long,london,5896.0,5884.691428571428,5918.617142857143,5894.3,expired,-0.32718544719553033
2017-06-14 10:20:00-04:00,2017-06-14 12:20:00-04:00,short,am,5761.1,5784.9342857142865,5713.431428571428,5760.8,expired,-0.0713258211459993
2017-06-14 14:10:00-04:00,2017-06-14 14:15:00-04:00,long,pm,5764.8,5752.077142857143,5790.245714285714,5752.077142857143,loss,-1.157197395014601
2017-06-16 03:10:00-04:00,2017-06-16 04:35:00-04:00,long,london,5719.4,5713.704285714285,5730.791428571429,5713.704285714285,loss,-1.3511412089290042
2017-06-19 10:15:00-04:00,2017-06-19 12:15:00-04:00,long,am,5760.3,5724.028571428571,5832.8428571428585,5761.2,expired,-0.030326900354479793
2017-06-21 10:15:00-04:00,2017-06-21 10:40:00-04:00,long,am,5745.8,5736.384285714286,5764.631428571428,5764.631428571428,win,1.7875891367015535
2017-06-21 14:25:00-04:00,2017-06-21 14:40:00-04:00,long,pm,5767.3,5759.825,5782.250000000001,5782.250000000001,win,1.7324414715719194
2017-06-22 10:20:00-04:00,2017-06-22 12:45:00-04:00,long,am,5778.6,5767.193571428572,5801.412857142857,5795.8,expired,1.3325818773874332
2017-06-23 03:20:00-04:00,2017-06-23 05:20:00-04:00,long,london,5792.9,5787.386428571429,5803.927142857141,5793.4,expired,-0.27205596579871527
2017-06-26 03:25:00-04:00,2017-06-26 05:25:00-04:00,long,london,5826.9,5819.395,5841.909999999998,5825.6,expired,-0.4397068620918887
2017-06-26 10:25:00-04:00,2017-06-26 11:20:00-04:00,short,am,5824.6,5850.732142857143,5772.335714285715,5772.335714285715,win,1.9234659013256796
2017-06-27 10:10:00-04:00,2017-06-27 12:10:00-04:00,long,am,5752.2,5732.667857142857,5791.264285714285,5749.0,expired,-0.2662278295849303
2017-06-28 03:10:00-04:00,2017-06-28 03:40:00-04:00,short,london,5667.3,5674.522857142858,5652.854285714285,5652.854285714285,win,1.7231012658228069
2017-06-30 03:10:00-04:00,2017-06-30 04:50:00-04:00,short,london,5638.8,5650.235000000001,5615.929999999999,5650.235000000001,loss,-1.174901617839959
2017-07-03 03:15:00-04:00,2017-07-03 05:15:00-04:00,long,london,5669.6,5664.6,5679.6,5669.4,expired,-0.44000000000014555
2017-07-04 03:10:00-04:00,2017-07-04 03:25:00-04:00,long,london,5577.2,5570.538571428571,5590.522857142857,5590.522857142857,win,1.699764100364573
2017-07-05 03:10:00-04:00,2017-07-05 03:35:00-04:00,short,london,5578.0,5585.696428571428,5562.607142857143,5585.696428571428,loss,-1.2598607888631135
2017-07-05 10:10:00-04:00,2017-07-05 10:45:00-04:00,short,am,5607.0,5630.993571428572,5559.012857142856,5630.993571428572,loss,-1.0833556607424586
2017-07-10 10:15:00-04:00,2017-07-10 12:15:00-04:00,long,am,5664.5,5648.949285714286,5695.601428571428,5689.4,expired,1.4726011666896277
2017-07-13 03:25:00-04:00,2017-07-13 05:25:00-04:00,long,london,5801.2,5795.792857142857,5812.014285714285,5806.8,expired,0.6657859973581168
2017-07-14 03:15:00-04:00,2017-07-14 05:15:00-04:00,short,london,5793.0,5798.0,5783.0,5795.0,expired,-0.8
2017-07-14 14:20:00-04:00,2017-07-14 16:35:00-04:00,long,pm,5840.7,5827.247857142857,5867.604285714285,5843.3,expired,0.044602559337361763
2017-07-17 03:20:00-04:00,2017-07-17 05:00:00-04:00,long,london,5850.3,5845.3,5860.3,5845.3,loss,-1.4
2017-07-17 10:10:00-04:00,2017-07-17 11:05:00-04:00,long,am,5857.8,5840.07,5893.260000000001,5840.07,loss,-1.1128031584884346
2017-07-17 14:20:00-04:00,2017-07-17 16:05:00-04:00,short,pm,5835.5,5849.282857142857,5807.934285714286,5849.282857142857,loss,-1.1451077943615249
2017-07-20 10:25:00-04:00,2017-07-20 12:25:00-04:00,short,am,5917.9,5936.654285714286,5880.391428571427,5929.4,expired,-0.7198354661791405
2017-07-24 14:15:00-04:00,2017-07-24 15:15:00-04:00,long,pm,5935.6,5930.6,5945.6,5945.6,win,1.6
2017-07-25 03:15:00-04:00,2017-07-25 05:15:00-04:00,long,london,5931.2,5926.2,5941.2,5938.2,expired,0.9999999999999999
2017-07-28 03:15:00-04:00,2017-07-28 05:10:00-04:00,short,london,5867.2,5872.2,5857.2,5857.2,win,1.6
2017-07-31 03:25:00-04:00,2017-07-31 05:25:00-04:00,long,london,5930.4,5909.265714285714,5972.66857142857,5924.9,expired,-0.3548735974043584
2017-07-31 10:10:00-04:00,2017-07-31 12:10:00-04:00,short,am,5903.2,5935.425714285714,5838.748571428571,5886.8,expired,0.4468481248337507
2017-07-31 14:25:00-04:00,2017-07-31 16:40:00-04:00,long,pm,5884.3,5875.120000000001,5902.659999999999,5886.2,expired,-0.010893246187404199
2017-08-01 03:15:00-04:00,2017-08-01 04:55:00-04:00,long,london,5907.5,5902.5,5917.5,5917.5,win,1.6
2017-08-03 03:10:00-04:00,2017-08-03 05:10:00-04:00,short,london,5907.9,5915.282142857143,5893.135714285712,5912.5,expired,-0.8940493468794872
2017-08-04 10:15:00-04:00,2017-08-04 12:15:00-04:00,short,am,5895.5,5915.7978571428575,5854.904285714285,5897.9,expired,-0.21677165077240282
2017-08-09 03:15:00-04:00,2017-08-09 03:40:00-04:00,long,london,5907.8,5902.8,5917.8,5902.8,loss,-1.4
2017-08-09 14:20:00-04:00,2017-08-09 15:35:00-04:00,short,pm,5903.5,5912.994285714286,5884.511428571428,5912.994285714286,loss,-1.2106530243755584
2017-08-10 03:10:00-04:00,2017-08-10 04:15:00-04:00,short,london,5905.7,5911.936428571428,5893.227142857143,5893.227142857143,win,1.6793036307410292
2017-08-10 10:15:00-04:00,2017-08-10 12:15:00-04:00,short,am,5851.2,5887.870714285715,5777.85857142857,5826.7,expired,0.6135686320341159
2017-08-11 03:25:00-04:00,2017-08-11 04:15:00-04:00,long,london,5784.6,5776.457857142857,5800.884285714286,5776.457857142857,loss,-1.2456355820685991
2017-08-11 10:15:00-04:00,2017-08-11 12:15:00-04:00,long,am,5818.6,5783.514285714286,5888.771428571428,5831.6,expired,0.3135179153094493
2017-08-11 14:20:00-04:00,2017-08-11 14:35:00-04:00,long,pm,5843.1,5827.888571428572,5873.522857142858,5827.888571428572,loss,-1.1314800901577744
2017-08-14 10:10:00-04:00,2017-08-14 12:10:00-04:00,long,am,5893.5,5870.447857142857,5939.604285714286,5903.5,expired,0.34703932079447264
2017-08-15 10:05:00-04:00,2017-08-15 10:10:00-04:00,long,am,5904.4,5896.842142857143,5919.515714285713,5896.842142857143,loss,-1.264625271713459
2017-08-16 03:20:00-04:00,2017-08-16 05:20:00-04:00,long,london,5922.8,5911.110000000001,5946.179999999999,5926.8,expired,0.17108639863131467
2017-08-16 14:15:00-04:00,2017-08-16 14:20:00-04:00,long,pm,5912.0,5904.828571428571,5926.342857142858,5904.828571428571,loss,-1.2788844621513853
2017-08-17 14:25:00-04:00,2017-08-17 15:15:00-04:00,short,pm,5832.6,5845.185714285714,5807.4285714285725,5807.4285714285725,win,1.8410896708285995
2017-08-18 03:20:00-04:00,2017-08-18 05:20:00-04:00,short,london,5804.0,5815.7757142857145,5780.448571428571,5797.8,expired,0.3566662622831287
2017-08-22 03:10:00-04:00,2017-08-22 03:35:00-04:00,long,london,5820.0,5814.777857142857,5830.444285714286,5814.777857142857,loss,-1.3829845438380493
2017-08-22 14:25:00-04:00,2017-08-22 16:40:00-04:00,long,pm,5872.5,5862.701428571429,5892.097142857143,5880.7,expired,0.6327452981483983
2017-08-23 03:10:00-04:00,2017-08-23 05:10:00-04:00,long,london,5870.5,5865.5,5880.5,5867.2,expired,-1.0600000000000365
2017-08-23 14:20:00-04:00,2017-08-23 16:30:00-04:00,long,pm,5852.2,5841.602857142857,5873.394285714286,5841.602857142857,loss,-1.1887301159342134
2017-08-24 14:15:00-04:00,2017-08-24 15:15:00-04:00,short,pm,5833.2,5844.444285714286,5810.711428571428,5844.444285714286,loss,-1.1778681234912929
2017-08-25 14:20:00-04:00,2017-08-25 15:55:00-04:00,long,pm,5835.6,5826.892857142857,5853.014285714287,5826.892857142857,loss,-1.2296964725184414
2017-08-28 03:05:00-04:00,2017-08-28 04:00:00-04:00,short,london,5807.9,5815.294285714286,5793.111428571427,5815.294285714286,loss,-1.27047913446674
2017-08-28 14:10:00-04:00,2017-08-28 15:10:00-04:00,long,pm,5840.1,5833.262142857143,5853.775714285715,5833.262142857143,loss,-1.2924892928026588
2017-08-29 03:10:00-04:00,2017-08-29 05:10:00-04:00,short,london,5799.9,5819.542142857143,5760.615714285714,5783.7,expired,0.7229353794683309
2017-08-30 03:10:00-04:00,2017-08-30 04:00:00-04:00,short,london,5893.7,5898.713571428571,5883.672857142857,5883.672857142857,win,1.6010827753241335
2017-08-31 03:10:00-04:00,2017-08-31 03:50:00-04:00,long,london,5945.0,5940.0,5955.0,5940.0,loss,-1.4
2017-08-31 14:15:00-04:00,2017-08-31 14:30:00-04:00,short,pm,5979.4,5984.712857142857,5968.774285714286,5984.712857142857,loss,-1.3764452809895267
2017-09-01 03:10:00-04:00,2017-09-01 05:10:00-04:00,long,london,5998.1,5993.1,6008.1,5995.8,expired,-0.8600000000000364
2017-09-01 14:10:00-04:00,2017-09-01 16:10:00-04:00,long,pm,5989.9,5984.9,5999.9,5987.6,expired,-0.8599999999998544
2017-09-06 10:25:00-04:00,2017-09-06 12:25:00-04:00,short,am,5933.2,5963.701428571429,5872.197142857142,5943.7,expired,-0.40981687040419434
2017-09-06 14:15:00-04:00,2017-09-06 16:30:00-04:00,long,pm,5955.2,5948.211428571429,5969.177142857142,5957.5,expired,0.04292722812758354
2017-09-07 03:15:00-04:00,2017-09-07 05:10:00-04:00,short,london,5947.5,5952.5,5937.5,5952.5,loss,-1.4
2017-09-07 14:15:00-04:00,2017-09-07 15:20:00-04:00,long,pm,5969.9,5962.053571428571,5985.592857142858,5962.053571428571,loss,-1.2548930359581112
2017-09-12 14:05:00-04:00,2017-09-12 14:35:00-04:00,short,pm,5996.1,6002.072142857142,5984.155714285716,5984.155714285716,win,1.6651118287285724
2017-09-13 10:05:00-04:00,2017-09-13 12:05:00-04:00,long,am,5993.6,5978.423571428571,6023.952857142858,5991.9,expired,-0.2437991245823364
2017-09-14 03:15:00-04:00,2017-09-14 05:15:00-04:00,long,london,5997.8,5992.8,6007.8,5999.8,expired,0.0
2017-09-15 14:05:00-04:00,2017-09-15 16:05:00-04:00,long,pm,5986.4,5981.4,5996.4,5991.2,expired,0.5600000000000364
2017-09-18 03:15:00-04:00,2017-09-18 05:15:00-04:00,short,london,6005.8,6010.8,5995.8,6000.1,expired,0.7399999999999637
2017-09-18 10:25:00-04:00,2017-09-18 12:25:00-04:00,short,am,6007.1,6015.210714285714,5990.878571428573,6010.2,expired,-0.6287978863936463
2017-09-18 14:25:00-04:00,2017-09-18 16:40:00-04:00,short,pm,5982.5,6007.5542857142855,5932.391428571429,5984.3,expired,-0.15167065799978066
2017-09-20 03:10:00-04:00,2017-09-20 05:10:00-04:00,long,london,5989.5,5984.5,5999.5,5992.0,expired,0.09999999999999998
2017-09-20 14:10:00-04:00,2017-09-20 14:20:00-04:00,short,pm,5961.1,5976.572142857143,5930.155714285715,5930.155714285715,win,1.87073542311066
2017-09-22 03:10:00-04:00,2017-09-22 05:10:00-04:00,long,london,5924.7,5919.7,5934.7,5925.6,expired,-0.2199999999998909
2017-09-22 10:25:00-04:00,2017-09-22 12:25:00-04:00,long,am,5934.3,5914.697857142857,5973.504285714286,5926.0,expired,-0.5254527566228234
2017-09-25 10:15:00-04:00,2017-09-25 10:30:00-04:00,long,am,5904.5,5884.197142857143,5945.1057142857135,5884.197142857143,loss,-1.09850830284267
2017-09-27 14:25:00-04:00,2017-09-27 16:40:00-04:00,long,pm,5944.4,5918.916428571429,5995.3671428571415,5939.5,expired,-0.2707626762339792
2017-09-29 10:15:00-04:00,2017-09-29 11:15:00-04:00,long,am,5943.0,5931.547142857144,5965.905714285713,5965.905714285713,win,1.8253710864413004
2017-09-29 14:15:00-04:00,2017-09-29 15:50:00-04:00,short,pm,5974.6,5980.880714285715,5962.038571428571,5980.880714285715,loss,-1.3184351188445211
2017-10-03 10:20:00-04:00,2017-10-03 12:20:00-04:00,short,am,5987.2,6003.825714285714,5953.948571428572,5994.7,expired,-0.5714040213095162
2017-10-04 14:10:00-04:00,2017-10-04 16:10:00-04:00,long,pm,5993.8,5983.114285714286,6015.171428571429,6002.0,expired,0.5802139037432971
2017-10-06 03:15:00-04:00,2017-10-06 05:15:00-04:00,short,london,6064.4,6069.4,6054.4,6062.6,expired,-0.04000000000014553
2017-10-06 10:10:00-04:00,2017-10-06 12:10:00-04:00,long,am,6055.1,6035.073571428572,6095.152857142857,6055.6,expired,-0.07490102364732394
2017-10-09 14:15:00-04:00,2017-10-09 15:00:00-04:00,long,pm,6067.1,6062.1,6077.1,6062.1,loss,-1.4
2017-10-10 10:25:00-04:00,2017-10-10 12:25:00-04:00,short,am,6060.9,6087.492857142856,6007.714285714286,6046.7,expired,0.45876980929358124
2017-10-11 03:25:00-04:00,2017-10-11 05:25:00-04:00,short,london,6061.1,6066.436428571429,6050.427142857143,6059.1,expired,0.0
2017-10-12 10:25:00-04:00,2017-10-12 12:25:00-04:00,long,am,6083.6,6067.773571428572,6115.2528571428575,6089.3,expired,0.23378616238659353
2017-10-16 03:15:00-04:00,2017-10-16 04:00:00-04:00,short,london,6106.4,6111.4,6096.4,6111.4,loss,-1.4
2017-10-16 10:25:00-04:00,2017-10-16 12:25:00-04:00,short,am,6109.9,6119.561428571428,6090.5771428571425,6103.2,expired,0.486470501256819
2017-10-18 03:15:00-04:00,2017-10-18 05:15:00-04:00,short,london,6126.0,6131.0,6116.0,6124.9,expired,-0.17999999999992727
2017-10-20 10:20:00-04:00,2017-10-20 10:35:00-04:00,long,am,6119.6,6113.175,6132.450000000001,6113.175,loss,-1.3112840466925981
2017-10-24 03:10:00-04:00,2017-10-24 04:05:00-04:00,long,london,6075.0,6069.311428571428,6086.377142857144,6069.311428571428,loss,-1.3515821195378992
2017-10-24 14:25:00-04:00,2017-10-24 14:50:00-04:00,long,pm,6091.5,6084.242142857142,6106.015714285715,6084.242142857142,loss,-1.275563428796362
2017-10-25 10:10:00-04:00,2017-10-25 10:15:00-04:00,long,am,6072.7,6065.113571428571,6087.872857142857,6065.113571428571,loss,-1.2636286602014808
2017-10-26 10:20:00-04:00,2017-10-26 10:45:00-04:00,short,am,6046.9,6066.313571428572,6008.072857142855,6066.313571428572,loss,-1.1030207145222377
2017-10-26 14:20:00-04:00,2017-10-26 15:05:00-04:00,long,pm,6055.9,6046.100714285714,6075.49857142857,6046.100714285714,loss,-1.20409650849188
2017-10-27 03:25:00-04:00,2017-10-27 05:25:00-04:00,long,london,6106.6,6096.714285714285,6126.37142857143,6114.4,expired,0.5867052023120205
2017-10-27 10:25:00-04:00,2017-10-27 12:25:00-04:00,long,am,6171.9,6130.57,6254.5599999999995,6210.3,expired,0.8807161867892719
2017-10-30 03:10:00-04:00,2017-10-30 05:10:00-04:00,long,london,6221.0,6212.835714285714,6237.328571428572,6218.2,expired,-0.5879265091863497
2017-10-30 10:25:00-04:00,2017-10-30 12:15:00-04:00,long,am,6246.8,6208.717142857143,6322.965714285715,6208.717142857143,loss,-1.052517068047115
2017-10-31 03:25:00-04:00,2017-10-31 05:25:00-04:00,long,london,6238.8,6231.998571428572,6252.402857142856,6242.8,expired,0.2940558706154414
2017-11-01 03:25:00-04:00,2017-11-01 05:25:00-04:00,long,london,6278.9,6270.619285714286,6295.461428571427,6279.8,expired,-0.13283878202357913
2017-11-02 10:15:00-04:00,2017-11-02 12:15:00-04:00,short,am,6219.8,6248.018571428572,6163.362857142857,6224.5,expired,-0.2374322887662561
2017-11-03 03:05:00-04:00,2017-11-03 04:00:00-04:00,long,london,6261.0,6256.0,6271.0,6256.0,loss,-1.4
2017-11-03 10:20:00-04:00,2017-11-03 11:55:00-04:00,short,am,6251.0,6270.246428571429,6212.507142857143,6270.246428571429,loss,-1.1039153831879753
2017-11-07 10:15:00-05:00,2017-11-07 12:00:00-05:00,short,am,6320.2,6329.901428571428,6300.797142857143,6300.797142857143,win,1.7938447945810627
2017-11-08 03:10:00-05:00,2017-11-08 05:10:00-05:00,long,london,6325.1,6316.4400000000005,6342.42,6320.6,expired,-0.7505773672055553
2017-11-08 14:25:00-05:00,2017-11-08 18:40:00-05:00,long,pm,6343.9,6336.113571428571,6359.472857142857,6343.4,expired,-0.321071461333822
2017-11-09 10:15:00-05:00,2017-11-09 11:55:00-05:00,long,am,6303.6,6274.798571428571,6361.202857142858,6274.798571428571,loss,-1.0694409999503984
2017-11-10 03:20:00-05:00,2017-11-10 03:25:00-05:00,short,london,6310.3,6315.3,6300.3,6300.3,win,1.6
2017-11-10 14:20:00-05:00,2017-11-12 18:35:00-05:00,long,pm,6310.4,6299.829285714286,6331.541428571427,6315.3,expired,0.2743428610041908
2017-11-14 10:10:00-05:00,2017-11-14 10:45:00-05:00,short,am,6279.0,6299.757857142858,6237.484285714285,6299.757857142858,loss,-1.096349058876155
2017-11-15 03:15:00-05:00,2017-11-15 05:15:00-05:00,short,london,6262.3,6269.608571428572,6247.682857142857,6260.0,expired,0.04104769351057863
2017-11-16 03:15:00-05:00,2017-11-16 04:35:00-05:00,short,london,6284.0,6289.422857142857,6273.154285714287,6289.422857142857,loss,-1.368809272918897
2017-11-16 14:15:00-05:00,2017-11-16 15:50:00-05:00,long,pm,6350.5,6343.256428571429,6364.987142857142,6343.256428571429,loss,-1.2761068928113701
2017-11-17 03:20:00-05:00,2017-11-17 04:10:00-05:00,long,london,6345.5,6337.009285714285,6362.481428571429,6337.009285714285,loss,-1.235551442752578
2017-11-17 14:20:00-05:00,2017-11-17 15:40:00-05:00,short,pm,6324.7,6330.420714285714,6313.2585714285715,6313.2585714285715,win,1.6503933075290225
2017-11-21 03:10:00-05:00,2017-11-21 04:40:00-05:00,short,london,6312.3,6317.3,6302.3,6317.3,loss,-1.4
2017-11-22 03:25:00-05:00,2017-11-22 05:25:00-05:00,short,london,6379.2,6384.2,6369.2,6376.7,expired,0.09999999999999998
2017-11-23 03:25:00-05:00,2017-11-23 05:25:00-05:00,long,london,6378.9,6372.867142857143,6390.965714285712,6388.4,expired,1.2431920435710948
2017-11-23 10:10:00-05:00,2017-11-23 12:10:00-05:00,short,am,6383.6,6388.737142857143,6373.325714285715,6380.1,expired,0.29199110122358146
2017-11-27 14:20:00-05:00,2017-11-27 18:35:00-05:00,short,pm,6407.0,6412.415,6396.17,6406.7,expired,-0.31394275161585034
2017-11-28 14:05:00-05:00,2017-11-28 18:20:00-05:00,short,pm,6400.6,6425.71,6350.380000000001,6417.5,expired,-0.7526881720430061
2017-11-29 03:05:00-05:00,2017-11-29 03:55:00-05:00,short,london,6421.7,6426.7,6411.7,6411.7,win,1.6
2017-12-01 10:25:00-05:00,2017-12-01 11:10:00-05:00,long,am,6358.3,6318.757857142858,6437.384285714285,6318.757857142858,loss,-1.0505789483191534
2017-12-04 03:15:00-05:00,2017-12-04 05:15:00-05:00,short,london,6369.9,6377.601428571429,6354.497142857141,6367.5,expired,0.05193841587826248
2017-12-04 10:20:00-05:00,2017-12-04 12:20:00-05:00,short,am,6331.5,6385.181428571428,6224.137142857144,6298.8,expired,0.5718923809777272
2017-12-06 14:10:00-05:00,2017-12-06 18:25:00-05:00,long,pm,6294.9,6272.057142857143,6340.585714285713,6302.1,expired,0.22764227642280044
2017-12-11 03:05:00-05:00,2017-12-11 04:55:00-05:00,short,london,6359.6,6364.6,6349.6,6349.6,win,1.6
2017-12-11 14:05:00-05:00,2017-12-11 14:50:00-05:00,long,pm,6395.1,6389.965,6405.370000000001,6389.965,loss,-1.3894839337877147
2017-12-12 10:05:00-05:00,2017-12-12 12:05:00-05:00,long,am,6394.4,6375.797142857143,6431.6057142857135,6407.6,expired,0.6020580555982648
2017-12-13 03:20:00-05:00,2017-12-13 05:20:00-05:00,long,london,6394.5,6389.5,6404.5,6394.0,expired,-0.5
2017-12-13 10:15:00-05:00,2017-12-13 12:15:00-05:00,short,am,6412.7,6424.58,6388.94,6402.2,expired,0.715488215488209
2017-12-15 10:25:00-05:00,2017-12-15 12:15:00-05:00,long,am,6425.1,6408.983571428572,6457.332857142857,6457.332857142857,win,1.8759030270797319
2017-12-19 03:20:00-05:00,2017-12-19 05:20:00-05:00,long,london,6529.1,6523.992142857143,6539.315714285714,6526.4,expired,-0.9201510278284388
2017-12-20 14:15:00-05:00,2017-12-20 18:30:00-05:00,short,pm,6481.3,6490.137857142858,6463.624285714285,6473.1,expired,0.701527519599078
2017-12-22 03:25:00-05:00,2017-12-22 05:25:00-05:00,long,london,6492.4,6487.242142857142,6502.715714285714,6491.1,expired,-0.6398005816367429
2017-12-22 14:25:00-05:00,2017-12-26 18:00:00-05:00,long,pm,6479.9,6471.177857142857,6497.344285714285,6471.177857142857,loss,-1.2293014495127332
2017-12-28 14:15:00-05:00,2017-12-28 15:55:00-05:00,short,pm,6440.2,6445.874285714285,6428.851428571429,6445.874285714285,loss,-1.352467270896296
2017-12-29 03:10:00-05:00,2017-12-29 05:00:00-05:00,short,london,6445.8,6450.8,6435.8,6450.8,loss,-1.4
2018-01-02 14:10:00-05:00,2018-01-02 18:25:00-05:00,long,pm,6508.7,6494.69,6536.72,6509.3,expired,-0.09992862241253492
2018-01-05 03:20:00-05:00,2018-01-05 05:20:00-05:00,long,london,6610.6,6605.6,6620.6,6617.3,expired,0.9399999999999636
2018-01-05 10:25:00-05:00,2018-01-05 12:25:00-05:00,long,am,6626.6,6609.181428571429,6661.437142857143,6648.1,expired,1.11949479209383
2018-01-09 03:05:00-05:00,2018-01-09 05:05:00-05:00,long,london,6685.9,6680.9,6695.9,6691.4,expired,0.7000000000000001
2018-01-09 10:25:00-05:00,2018-01-09 12:25:00-05:00,long,am,6681.7,6663.102857142857,6718.894285714286,6690.3,expired,0.3548932247657278
2018-01-10 03:15:00-05:00,2018-01-10 05:15:00-05:00,short,london,6669.6,6676.782857142857,6655.234285714287,6669.6,expired,-0.2784407319013639
2018-01-10 10:25:00-05:00,2018-01-10 12:25:00-05:00,long,am,6642.0,6623.910714285715,6678.178571428571,6655.2,expired,0.6191510365251761
2018-01-11 10:10:00-05:00,2018-01-11 10:30:00-05:00,long,am,6682.5,6673.408571428571,6700.682857142858,6673.408571428571,loss,-1.2199874292897475
2018-01-15 03:25:00-05:00,2018-01-15 05:25:00-05:00,short,london,6781.4,6786.812857142858,6770.574285714283,6785.1,expired,-1.053048297703803
2018-01-15 10:20:00-05:00,2018-01-15 12:15:00-05:00,long,am,6778.4,6773.334285714286,6788.531428571427,6773.334285714286,loss,-1.3948110547095922
2018-01-16 03:25:00-05:00,2018-01-16 05:25:00-05:00,long,london,6798.7,6791.549285714285,6813.001428571429,6808.2,expired,1.0488462691039604
2018-01-18 03:25:00-05:00,2018-01-18 05:25:00-05:00,short,london,6812.7,6822.7,6792.7,6810.0,expired,0.0699999999999818
2018-01-18 10:20:00-05:00,2018-01-18 11:20:00-05:00,short,am,6807.9,6826.397857142857,6770.904285714285,6826.397857142857,loss,-1.1081206317334042
2018-01-19 03:15:00-05:00,2018-01-19 04:05:00-05:00,long,london,6819.0,6811.389285714286,6834.221428571427,6834.221428571427,win,1.737212576255255
2018-01-19 10:10:00-05:00,2018-01-19 12:10:00-05:00,short,am,6826.2,6856.397142857143,6765.805714285713,6827.1,expired,-0.09603557574038957
2018-01-23 10:20:00-05:00,2018-01-23 12:20:00-05:00,long,am,6959.9,6934.339285714285,7011.021428571428,6969.4,expired,0.29341903031996613
2018-01-23 14:25:00-05:00,2018-01-23 15:45:00-05:00,short,pm,6964.5,6978.928571428571,6935.642857142859,6978.928571428571,loss,-1.138613861386146
2018-01-25 10:05:00-05:00,2018-01-25 12:05:00-05:00,short,am,6938.6,6985.669285714286,6844.461428571429,6965.6,expired,-0.6161130248721479
2018-01-29 10:10:00-05:00,2018-01-29 12:10:00-05:00,short,am,7012.8,7026.5592857142865,6985.281428571428,7014.7,expired,-0.2834449462700127
2018-01-30 03:15:00-05:00,2018-01-30 05:15:00-05:00,long,london,6966.1,6952.958571428572,6992.382857142857,6967.3,expired,-0.06087618219373249
2018-02-02 10:10:00-05:00,2018-02-02 12:10:00-05:00,short,am,6841.4,6902.988571428571,6718.222857142857,6838.1,expired,0.021107812210045714
2018-02-07 10:20:00-05:00,2018-02-07 12:20:00-05:00,long,am,6675.3,6626.7699999999995,6772.3600000000015,6681.3,expired,0.08242324335462489
2018-02-12 03:10:00-05:00,2018-02-12 03:40:00-05:00,short,london,6445.5,6455.3042857142855,6425.891428571429,6455.3042857142855,loss,-1.2039924231385741
2018-02-13 03:10:00-05:00,2018-02-13 03:25:00-05:00,long,london,6505.5,6497.685714285714,6521.128571428571,6497.685714285714,loss,-1.2559414990859241
2018-02-13 14:20:00-05:00,2018-02-13 18:35:00-05:00,long,pm,6559.7,6536.712857142857,6605.674285714286,6563.8,expired,0.09135541607111002
2018-02-14 10:15:00-05:00,2018-02-14 12:15:00-05:00,long,am,6579.0,6500.472857142857,6736.054285714286,6602.2,expired,0.2699703469228076
2018-02-15 10:15:00-05:00,2018-02-15 10:40:00-05:00,short,am,6739.8,6756.352142857143,6706.6957142857145,6706.6957142857145,win,1.8791697233849736
2018-02-19 03:15:00-05:00,2018-02-19 05:15:00-05:00,short,london,6812.2,6818.728571428572,6799.142857142856,6804.7,expired,0.8424507658642689
2018-02-19 10:20:00-05:00,2018-02-19 12:20:00-05:00,short,am,6781.0,6810.192142857143,6722.615714285714,6787.7,expired,-0.2980253982235832
2018-02-20 03:25:00-05:00,2018-02-20 04:35:00-05:00,short,london,6772.0,6783.865,6748.27,6748.27,win,1.8314369995785893
2018-02-20 14:20:00-05:00,2018-02-20 15:05:00-05:00,short,pm,6823.0,6845.824285714285,6777.35142857143,6777.35142857143,win,1.9123740376791611
2018-02-26 14:25:00-05:00,2018-02-26 18:00:00-05:00,long,pm,6981.0,6969.584285714286,7003.831428571428,7003.831428571428,win,1.8248029032661681
2018-02-28 14:05:00-05:00,2018-02-28 14:45:00-05:00,long,pm,6964.0,6936.654285714286,7018.691428571428,6936.654285714286,loss,-1.0731376031762618
2018-03-01 10:10:00-05:00,2018-03-01 12:10:00-05:00,long,am,6840.3,6798.35,6924.2,6843.8,expired,0.03575685339690123
2018-03-01 14:05:00-05:00,2018-03-01 18:20:00-05:00,short,pm,6729.8,6797.177142857143,6595.045714285715,6767.8,expired,-0.5936731405309152
2018-03-02 14:20:00-05:00,2018-03-04 18:35:00-05:00,long,pm,6760.1,6721.400000000001,6837.5,6796.5,expired,0.8888888888888836
2018-03-05 03:25:00-05:00,2018-03-05 05:25:00-05:00,long,london,6778.0,6745.5992857142855,6842.801428571429,6814.2,expired,1.0555322854434315
2018-03-07 03:25:00-05:00,2018-03-07 05:25:00-05:00,long,london,6859.9,6836.495714285714,6906.708571428571,6863.5,expired,0.06836354757982353
2018-03-07 14:20:00-05:00,2018-03-07 18:35:00-05:00,long,pm,6911.7,6878.985,6977.13,6920.2,expired,0.19868561821794198
2018-03-09 10:25:00-05:00,2018-03-09 12:25:00-05:00,long,am,7041.2,7011.917142857143,7099.765714285714,7072.7,expired,1.0074153575958606
2018-03-09 14:20:00-05:00,2018-03-09 15:35:00-05:00,long,pm,7082.2,7073.799285714285,7099.001428571429,7099.001428571429,win,1.7619250063770135
2018-03-12 14:20:00-04:00,2018-03-12 16:35:00-04:00,short,pm,7137.9,7165.753571428571,7082.192857142856,7142.4,expired,-0.23336325169893313
2018-03-13 10:25:00-04:00,2018-03-13 10:30:00-04:00,long,am,7176.1,7167.302142857143,7193.695714285715,7167.302142857143,loss,-1.2273280831371174
2018-03-13 14:20:00-04:00,2018-03-13 16:35:00-04:00,short,pm,7080.3,7115.473571428572,7009.952857142857,7055.3,expired,0.6539000467071459
2018-03-14 03:10:00-04:00,2018-03-14 03:30:00-04:00,long,london,7045.6,7040.6,7055.6,7055.6,win,1.6
2018-03-14 10:10:00-04:00,2018-03-14 10:15:00-04:00,long,am,7061.2,7050.535714285714,7082.528571428572,7050.535714285714,loss,-1.187541862022767
2018-03-15 10:10:00-04:00,2018-03-15 12:10:00-04:00,long,am,7043.2,7018.464285714286,7092.671428571427,7053.7,expired,0.34363268842045447
2018-03-15 14:05:00-04:00,2018-03-15 16:05:00-04:00,short,pm,7027.1,7056.94,6967.420000000002,7047.7,expired,-0.757372654155497
2018-03-19 03:25:00-04:00,2018-03-19 03:45:00-04:00,short,london,6969.1,6974.1,6959.1,6974.1,loss,-1.4
2018-03-19 14:10:00-04:00,2018-03-19 14:35:00-04:00,long,pm,6841.1,6808.362142857143,6906.575714285715,6808.362142857143,loss,-1.061091353391661
2018-03-23 03:10:00-04:00,2018-03-23 05:10:00-04:00,long,london,6633.2,6592.148571428572,6715.302857142856,6617.3,expired,-0.43603841870823773
2018-03-27 03:25:00-04:00,2018-03-27 05:25:00-04:00,long,london,6821.3,6795.42,6873.06,6822.3,expired,-0.03863987635239551
2018-03-27 10:20:00-04:00,2018-03-27 12:20:00-04:00,short,am,6760.0,6806.577857142857,6666.844285714285,6746.7,expired,0.24260454845190402
2018-03-28 14:15:00-04:00,2018-03-28 16:15:00-04:00,short,pm,6488.9,6534.468571428571,6397.762857142858,6458.8,expired,0.6166530816979062
2018-04-02 14:05:00-04:00,2018-04-02 15:50:00-04:00,short,pm,6341.0,6400.191428571428,6222.617142857143,6400.191428571428,loss,-1.0337886759665975
2018-04-03 03:15:00-04:00,2018-04-03 05:15:00-04:00,long,london,6421.1,6399.97,6463.360000000001,6405.3,expired,-0.8424041646947511
2018-04-03 10:25:00-04:00,2018-04-03 11:05:00-04:00,short,am,6378.8,6457.624285714286,6221.151428571428,6457.624285714286,loss,-1.0253728908784456
2018-04-09 03:20:00-04:00,2018-04-09 04:40:00-04:00,short,london,6492.9,6508.315714285714,6462.06857142857,6508.315714285714,loss,-1.1297377444166392
2018-04-09 14:15:00-04:00,2018-04-09 15:15:00-04:00,short,pm,6575.7,6596.99,6533.12,6533.12,win,1.9060591827148894
2018-04-10 03:10:00-04:00,2018-04-10 03:55:00-04:00,short,london,6603.0,6617.562142857142,6573.875714285716,6573.875714285716,win,1.8626575759062078
2018-04-11 03:25:00-04:00,2018-04-11 04:15:00-04:00,long,london,6589.7,6583.91,6601.28,6583.91,loss,-1.3454231433506068
2018-04-11 10:05:00-04:00,2018-04-11 12:05:00-04:00,long,am,6595.2,6561.697857142857,6662.204285714285,6644.2,expired,1.4028953371852635
2018-04-11 14:05:00-04:00,2018-04-11 14:50:00-04:00,long,pm,6616.7,6605.644285714286,6638.811428571428,6605.644285714286,loss,-1.1809019253133493
2018-04-12 03:10:00-04:00,2018-04-12 03:30:00-04:00,long,london,6594.2,6589.2,6604.2,6604.2,win,1.6
2018-04-12 10:05:00-04:00,2018-04-12 12:05:00-04:00,long,am,6664.0,6621.122857142857,6749.754285714285,6660.6,expired,-0.12594122742719277
2018-04-12 14:10:00-04:00,2018-04-12 14:25:00-04:00,short,pm,6652.8,6668.832857142857,6620.734285714286,6668.832857142857,loss,-1.1247438296355692
2018-04-13 03:15:00-04:00,2018-04-13 05:15:00-04:00,short,london,6652.4,6664.336428571429,6628.527142857141,6655.0,expired,-0.3853749027586743
2018-04-13 10:15:00-04:00,2018-04-13 12:15:00-04:00,short,am,6660.7,6704.411428571429,6573.277142857142,6646.7,expired,0.27452774691156157
2018-04-13 14:25:00-04:00,2018-04-13 15:05:00-04:00,short,pm,6653.9,6668.507142857143,6624.685714285713,6624.685714285713,win,1.8630806845965795
2018-04-16 03:10:00-04:00,2018-04-16 04:15:00-04:00,short,london,6651.8,6664.4914285714285,6626.4171428571435,6664.4914285714285,loss,-1.1575866726699715
2018-04-16 10:10:00-04:00,2018-04-16 11:15:00-04:00,long,am,6658.0,6645.795714285715,6682.40857142857,6645.795714285715,loss,-1.1638768582465258
2018-04-17 03:25:00-04:00,2018-04-17 05:25:00-04:00,short,london,6729.6,6740.988571428571,6706.822857142859,6733.6,expired,-0.5268439538384689
2018-04-17 10:10:00-04:00,2018-04-17 12:20:00-04:00,long,am,6768.0,6736.787142857143,6830.425714285713,6815.6,expired,1.460936427296481
2018-04-17 14:10:00-04:00,2018-04-17 16:10:00-04:00,long,pm,6819.9,6804.826428571429,6850.047142857142,6821.9,expired,0.0
2018-04-19 10:20:00-04:00,2018-04-19 10:55:00-04:00,long,am,6807.9,6782.372857142857,6858.954285714284,6782.372857142857,loss,-1.0783479769433115
2018-04-23 03:10:00-04:00,2018-04-23 04:15:00-04:00,short,london,6681.5,6691.096428571429,6662.307142857142,6662.307142857142,win,1.7915891328619369
2018-04-23 10:10:00-04:00,2018-04-23 10:20:00-04:00,long,am,6668.3,6659.333571428571,6686.232857142858,6686.232857142858,win,1.7769457500199233
2018-04-24 03:10:00-04:00,2018-04-24 03:20:00-04:00,short,london,6669.7,6678.272142857143,6652.555714285713,6678.272142857143,loss,-1.2333138905091132
2018-04-24 14:10:00-04:00,2018-04-24 16:10:00-04:00,short,pm,6488.9,6540.75,6385.199999999999,6522.9,expired,-0.6943105110896769
2018-04-25 10:05:00-04:00,2018-04-25 11:00:00-04:00,short,am,6452.2,6525.566428571428,6305.467142857143,6525.566428571428,loss,-1.0272604246784731
2018-04-26 10:15:00-04:00,2018-04-26 12:15:00-04:00,long,am,6628.0,6578.574285714286,6726.851428571428,6635.0,expired,0.10116191687380814
2018-04-27 14:20:00-04:00,2018-04-27 16:30:00-04:00,long,pm,6658.5,6643.582142857143,6688.335714285715,6669.2,expired,0.5831936796743841
2018-04-30 10:10:00-04:00,2018-04-30 11:35:00-04:00,long,am,6710.8,6670.357142857143,6791.685714285714,6670.357142857143,loss,-1.049452490286118
2018-04-30 14:15:00-04:00,2018-04-30 15:45:00-04:00,short,pm,6615.8,6638.018571428572,6571.362857142857,6638.018571428572,loss,-1.090014788143766
2018-05-01 14:05:00-04:00,2018-05-01 16:05:00-04:00,long,pm,6634.8,6589.322857142857,6725.754285714286,6691.6,expired,1.205000942388641
2018-05-02 14:15:00-04:00,2018-05-02 14:55:00-04:00,long,pm,6704.5,6677.744285714286,6758.011428571428,6677.744285714286,loss,-1.0747503871002198
2018-05-04 10:20:00-04:00,2018-05-04 12:20:00-04:00,long,am,6681.3,6607.464285714285,6828.97142857143,6749.6,expired,0.8979394408435671
2018-05-10 03:15:00-04:00,2018-05-10 05:15:00-04:00,short,london,6905.7,6914.782857142857,6887.534285714285,6907.7,expired,-0.4403900597672103
2018-05-10 14:15:00-04:00,2018-05-10 14:40:00-04:00,long,pm,6951.7,6938.898571428572,6977.302857142856,6938.898571428572,loss,-1.1562325633299924
2018-05-11 10:05:00-04:00,2018-05-11 12:05:00-04:00,long,am,6951.7,6932.941428571428,6989.217142857143,6955.9,expired,0.11727971974715315
2018-05-15 14:05:00-04:00,2018-05-15 14:30:00-04:00,short,pm,6861.2,6882.375,6818.849999999999,6882.375,loss,-1.094451003541912
2018-05-17 10:10:00-04:00,2018-05-17 12:10:00-04:00,long,am,6920.1,6899.147857142857,6962.004285714287,6934.1,expired,0.57273378106568
2018-05-17 14:15:00-04:00,2018-05-17 16:15:00-04:00,short,pm,6895.9,6918.457857142857,6850.784285714284,6894.2,expired,-0.01329913555619655
2018-05-18 03:05:00-04:00,2018-05-18 03:15:00-04:00,long,london,6923.3,6918.3,6933.3,6918.3,loss,-1.4
2018-05-21 03:10:00-04:00,2018-05-21 04:55:00-04:00,short,london,6901.5,6917.589285714286,6869.3214285714275,6917.589285714286,loss,-1.1243063263041024
2018-05-21 14:25:00-04:00,2018-05-21 16:35:00-04:00,short,pm,6895.8,6917.350714285714,6852.698571428572,6907.3,expired,-0.6264293526896745
2018-05-22 03:10:00-04:00,2018-05-22 04:00:00-04:00,short,london,6913.7,6918.7,6903.7,6918.7,loss,-1.4
2018-05-22 10:20:00-04:00,2018-05-22 12:20:00-04:00,short,am,6913.4,6950.980714285714,6838.23857142857,6908.4,expired,0.07982817934730863
2018-05-23 10:25:00-04:00,2018-05-23 12:25:00-04:00,long,am,6880.3,6839.390714285714,6962.118571428572,6881.3,expired,-0.0244443280428822
2018-05-24 03:10:00-04:00,2018-05-24 03:15:00-04:00,short,london,6950.4,6955.4,6940.4,6955.4,loss,-1.4
2018-05-25 03:25:00-04:00,2018-05-25 05:00:00-04:00,short,london,6974.8,6980.822142857143,6962.755714285714,6980.822142857143,loss,-1.3321076977819826
2018-05-29 14:10:00-04:00,2018-05-29 15:45:00-04:00,short,pm,6910.4,6927.943571428571,6875.312857142857,6927.943571428571,loss,-1.1140018728879122
2018-05-30 10:20:00-04:00,2018-05-30 10:40:00-04:00,long,am,6949.8,6939.717857142858,6969.964285714285,6969.964285714285,win,1.801629472192697
2018-05-31 14:05:00-04:00,2018-05-31 16:05:00-04:00,short,pm,6971.7,6998.253571428571,6918.592857142857,6974.0,expired,-0.161936785474115
2018-06-01 03:15:00-04:00,2018-06-01 05:15:00-04:00,short,london,6995.4,7005.316428571428,6975.567142857142,6996.4,expired,-0.3025282719873188
2018-06-01 14:20:00-04:00,2018-06-01 15:10:00-04:00,short,pm,7082.4,7089.83,7067.539999999999,7067.539999999999,win,1.7308209959623255
2018-06-04 10:15:00-04:00,2018-06-04 11:00:00-04:00,short,am,7115.7,7128.913571428571,7089.272857142857,7128.913571428571,loss,-1.151359532947727
2018-06-04 14:15:00-04:00,2018-06-04 16:15:00-04:00,long,pm,7140.5,7134.832142857143,7151.835714285715,7143.1,expired,0.10586011342160895
2018-06-05 10:10:00-04:00,2018-06-05 11:05:00-04:00,long,am,7174.4,7155.078571428571,7213.0428571428565,7155.078571428571,loss,-1.1035120147874313
2018-06-05 14:10:00-04:00,2018-06-05 14:15:00-04:00,short,pm,7162.9,7167.9,7152.9,7167.9,loss,-1.4
2018-06-06 03:25:00-04:00,2018-06-06 03:45:00-04:00,long,london,7188.3,7183.3,7198.3,7183.3,loss,-1.4
2018-06-08 14:20:00-04:00,2018-06-08 16:30:00-04:00,long,pm,7151.8,7139.047142857143,7177.305714285715,7150.0,expired,-0.29797244315000115
2018-06-11 03:20:00-04:00,2018-06-11 05:20:00-04:00,long,london,7155.8,7141.3321428571435,7184.735714285714,7152.0,expired,-0.4008886694643546
2018-06-13 10:25:00-04:00,2018-06-13 12:25:00-04:00,long,am,7243.8,7217.2414285714285,7296.9171428571435,7253.3,expired,0.28239470711634407
2018-06-13 14:10:00-04:00,2018-06-13 16:10:00-04:00,short,pm,7233.3,7256.22,7187.46,7206.8,expired,1.0689354275741678
2018-06-14 03:25:00-04:00,2018-06-14 03:40:00-04:00,short,london,7185.8,7193.464285714286,7170.471428571428,7193.464285714286,loss,-1.2609506057781805
2018-06-18 03:15:00-04:00,2018-06-18 05:15:00-04:00,long,london,7221.8,7213.046428571429,7239.307142857143,7222.3,expired,-0.17135862913096797
2018-06-19 03:15:00-04:00,2018-06-19 05:15:00-04:00,short,london,7153.2,7176.249285714285,7107.101428571429,7176.249285714285,loss,-1.0867705847717637
2018-06-19 14:10:00-04:00,2018-06-19 16:10:00-04:00,long,pm,7210.2,7180.5707142857145,7269.45857142857,7229.9,expired,0.5973819338974495
2018-06-20 14:20:00-04:00,2018-06-20 14:50:00-04:00,long,pm,7305.5,7295.572857142857,7325.354285714286,7295.572857142857,loss,-1.2014678370988638
2018-06-21 10:15:00-04:00,2018-06-21 12:15:00-04:00,short,am,7264.8,7308.547142857143,7177.305714285715,7245.7,expired,0.390882669888657
2018-06-22 03:10:00-04:00,2018-06-22 05:10:00-04:00,long,london,7231.9,7216.016428571428,7263.667142857143,7242.6,expired,0.5477357557224884
2018-06-26 14:20:00-04:00,2018-06-26 16:30:00-04:00,short,pm,7092.1,7111.395714285714,7053.508571428572,7083.5,expired,0.3420448656252556
2018-06-27 10:10:00-04:00,2018-06-27 10:35:00-04:00,short,am,7113.4,7123.842857142857,7092.5142857142855,7123.842857142857,loss,-1.1915184678522586
2018-06-28 03:25:00-04:00,2018-06-28 05:25:00-04:00,long,london,7002.1,6977.020714285714,7052.258571428572,6996.6,expired,-0.299051579277146
2018-06-29 10:20:00-04:00,2018-06-29 10:55:00-04:00,short,am,7087.3,7099.2528571428575,7063.394285714286,7099.2528571428575,loss,-1.1673240109955758
2018-07-02 03:25:00-04:00,2018-07-02 05:25:00-04:00,short,london,6982.9,7008.674999999999,6931.35,7001.9,expired,-0.8147429679922521
2018-07-05 14:15:00-04:00,2018-07-05 15:00:00-04:00,short,pm,7079.8,7100.029285714286,7039.341428571429,7100.029285714286,loss,-1.0988665654461356
2018-07-09 10:20:00-04:00,2018-07-09 12:20:00-04:00,short,am,7233.7,7265.551428571428,7169.997142857143,7246.8,expired,-0.47407606745606307
2018-07-11 14:20:00-04:00,2018-07-11 16:30:00-04:00,short,pm,7247.5,7264.520714285714,7213.458571428571,7236.8,expired,0.5111418859372907
2018-07-12 03:20:00-04:00,2018-07-12 04:55:00-04:00,short,london,7267.8,7274.769285714286,7253.861428571429,7253.861428571429,win,1.7130265450445719
2018-07-13 10:15:00-04:00,2018-07-13 12:15:00-04:00,long,am,7369.9,7350.580714285714,7408.538571428571,7388.2,expired,0.843716493511301
2018-07-16 03:10:00-04:00,2018-07-16 05:10:00-04:00,long,london,7384.9,7378.966428571428,7396.767142857143,7392.9,expired,1.0111953773925197
2018-07-17 03:25:00-04:00,2018-07-17 04:00:00-04:00,short,london,7286.2,7297.235714285714,7264.128571428572,7297.235714285714,loss,-1.1812297734627917
2018-07-17 14:05:00-04:00,2018-07-17 15:20:00-04:00,short,pm,7405.3,7414.056428571428,7387.787142857144,7414.056428571428,loss,-1.2284036218288772
2018-07-18 03:15:00-04:00,2018-07-18 04:10:00-04:00,short,london,7409.3,7414.3,7399.3,7399.3,win,1.6
2018-07-18 10:25:00-04:00,2018-07-18 12:25:00-04:00,short,am,7378.9,7411.670714285715,7313.358571428569,7389.1,expired,-0.37228361559756123
2018-07-18 14:15:00-04:00,2018-07-18 16:15:00-04:00,long,pm,7392.1,7384.484285714286,7407.33142857143,7384.484285714286,loss,-1.2626148940161213
2018-07-23 10:10:00-04:00,2018-07-23 12:10:00-04:00,long,am,7325.1,7295.328571428571,7384.642857142859,7352.9,expired,0.8666026871400734
2018-07-24 10:25:00-04:00,2018-07-24 11:00:00-04:00,long,am,7463.9,7443.765714285714,7504.16857142857,7443.765714285714,loss,-1.0993330495246219
2018-07-24 14:10:00-04:00,2018-07-24 15:55:00-04:00,short,pm,7381.9,7402.56,7340.579999999998,7402.56,loss,-1.0968054211035783
2018-07-25 10:15:00-04:00,2018-07-25 11:30:00-04:00,short,am,7414.1,7431.816428571429,7378.667142857143,7431.816428571429,loss,-1.1128895698101016
2018-07-25 14:15:00-04:00,2018-07-25 15:45:00-04:00,long,pm,7465.3,7447.326428571429,7501.247142857143,7501.247142857143,win,1.8887255096769078
2018-07-26 10:20:00-04:00,2018-07-26 12:20:00-04:00,long,am,7407.9,7381.942857142857,7459.814285714285,7407.7,expired,-0.0847550908090198
2018-07-27 10:05:00-04:00,2018-07-27 12:05:00-04:00,short,am,7396.8,7446.267857142857,7297.864285714287,7338.3,expired,1.1421558010252069
2018-07-30 03:05:00-04:00,2018-07-30 04:20:00-04:00,long,london,7261.7,7252.7585714285715,7279.5828571428565,7279.5828571428565,win,1.7763220961814927
2018-07-31 03:20:00-04:00,2018-07-31 03:55:00-04:00,long,london,7207.1,7201.307857142858,7218.684285714286,7201.307857142858,loss,-1.3452953508447552
2018-07-31 10:25:00-04:00,2018-07-31 12:00:00-04:00,short,am,7195.9,7261.926428571429,7063.847142857141,7261.926428571429,loss,-1.030290900829754
2018-08-03 03:20:00-04:00,2018-08-03 05:20:00-04:00,short,london,7373.8,7381.089285714286,7359.221428571428,7375.5,expired,-0.5075943165114655
2018-08-03 10:15:00-04:00,2018-08-03 12:15:00-04:00,long,am,7374.8,7351.300714285714,7421.798571428572,7372.0,expired,-0.2042615277060138
2018-08-10 10:20:00-04:00,2018-08-10 12:20:00-04:00,long,am,7422.7,7400.159285714286,7467.781428571428,7423.2,expired,-0.06654624964350345
2018-08-14 14:05:00-04:00,2018-08-14 16:05:00-04:00,long,pm,7441.8,7435.005,7455.39,7446.5,expired,0.39735099337745244
2018-08-15 10:10:00-04:00,2018-08-15 12:10:00-04:00,short,am,7345.0,7408.850714285714,7217.298571428571,7331.1,expired,0.1863722298665357
2018-08-16 03:15:00-04:00,2018-08-16 04:50:00-04:00,short,london,7393.6,7404.578571428571,7371.642857142859,7404.578571428571,loss,-1.1821730644112005
2018-08-20 10:20:00-04:00,2018-08-20 12:20:00-04:00,short,am,7355.5,7399.557142857143,7267.385714285714,7365.1,expired,-0.2632944228275046
2018-08-20 14:10:00-04:00,2018-08-20 16:10:00-04:00,long,pm,7379.9,7364.436428571428,7410.8271428571425,7377.1,expired,-0.31040694720305734
2018-08-21 03:20:00-04:00,2018-08-21 05:20:00-04:00,long,london,7385.4,7375.4685714285715,7405.262857142856,7392.4,expired,0.5034522439585963
2018-08-22 10:25:00-04:00,2018-08-22 11:15:00-04:00,long,am,7389.0,7370.683571428572,7425.632857142857,7425.632857142857,win,1.8908084077526017
2018-08-22 14:10:00-04:00,2018-08-22 14:25:00-04:00,long,pm,7422.9,7412.018571428572,7444.6628571428555,7412.018571428572,loss,-1.1837993960877093
2018-08-23 14:15:00-04:00,2018-08-23 15:35:00-04:00,long,pm,7434.2,7420.905,7460.79,7420.905,loss,-1.1504324934185777
2018-08-24 10:10:00-04:00,2018-08-24 10:45:00-04:00,long,am,7449.9,7434.905000000001,7479.889999999998,7479.889999999998,win,1.8666222074024583
2018-08-24 14:20:00-04:00,2018-08-24 16:30:00-04:00,long,pm,7479.6,7466.8664285714285,7505.067142857144,7487.1,expired,0.4319290963145647
2018-08-27 14:25:00-04:00,2018-08-27 15:00:00-04:00,short,pm,7551.8,7557.143571428572,7541.112857142857,7557.143571428572,loss,-1.3742815131666823
2018-08-29 03:25:00-04:00,2018-08-29 05:25:00-04:00,long,london,7589.1,7584.1,7599.1,7588.6,expired,-0.5
2018-08-31 10:25:00-04:00,2018-08-31 12:25:00-04:00,long,am,7664.4,7631.618571428571,7729.962857142857,7646.5,expired,-0.6070510306358036
2018-09-03 03:10:00-04:00,2018-09-03 04:05:00-04:00,long,london,7658.3,7652.345714285715,7670.20857142857,7670.20857142857,win,1.6641074856045721
2018-09-04 03:15:00-04:00,2018-09-04 03:50:00-04:00,long,london,7681.0,7676.0,7691.0,7676.0,loss,-1.4
2018-09-05 14:15:00-04:00,2018-09-05 15:45:00-04:00,short,pm,7540.7,7555.647142857142,7510.805714285715,7510.805714285715,win,1.8661951639109198
2018-09-06 10:20:00-04:00,2018-09-06 12:20:00-04:00,short,am,7471.4,7535.172142857144,7343.855714285712,7435.0,expired,0.5394204814014028
2018-09-13 14:10:00-04:00,2018-09-13 14:15:00-04:00,long,pm,7560.3,7551.767857142857,7577.364285714287,7551.767857142857,loss,-1.2344077019673383
2018-09-18 03:20:00-04:00,2018-09-18 03:25:00-04:00,short,london,7445.3,7451.161428571429,7433.577142857143,7451.161428571429,loss,-1.341213746039493
2018-09-18 10:25:00-04:00,2018-09-18 12:25:00-04:00,long,am,7505.8,7437.915714285714,7641.568571428573,7518.0,expired,0.1502556871988007
2018-09-19 03:25:00-04:00,2018-09-19 04:00:00-04:00,long,london,7503.9,7498.9,7513.9,7498.9,loss,-1.4
2018-09-19 10:20:00-04:00,2018-09-19 12:20:00-04:00,short,am,7455.7,7519.134999999999,7328.830000000001,7471.9,expired,-0.2869078584377704
2018-09-19 14:20:00-04:00,2018-09-19 16:20:00-04:00,long,pm,7478.7,7459.344285714285,7517.411428571429,7493.3,expired,0.650970551332217
2018-09-20 03:10:00-04:00,2018-09-20 05:10:00-04:00,long,london,7492.9,7486.666428571428,7505.367142857143,7498.4,expired,0.5614758794545284
2018-09-20 10:10:00-04:00,2018-09-20 12:10:00-04:00,long,am,7567.7,7524.237857142857,7654.624285714285,7563.7,expired,-0.13805117754367568
2018-09-21 14:20:00-04:00,2018-09-21 16:20:00-04:00,short,pm,7550.4,7566.393571428571,7518.412857142857,7522.7,expired,1.6068956277075768
2018-09-24 03:10:00-04:00,2018-09-24 05:10:00-04:00,long,london,7492.2,7484.608571428571,7507.382857142858,7498.0,expired,0.5005645464809974
2018-09-26 10:20:00-04:00,2018-09-26 10:35:00-04:00,short,am,7586.8,7597.7814285714285,7564.837142857144,7597.7814285714285,loss,-1.1821256667100344
2018-09-26 14:25:00-04:00,2018-09-26 15:35:00-04:00,long,pm,7633.8,7600.512142857143,7700.375714285715,7600.512142857143,loss,-1.0600819689719543
2018-09-27 10:10:00-04:00,2018-09-27 12:10:00-04:00,long,am,7642.0,7591.9685714285715,7742.062857142857,7652.3,expired,0.16589572268859967
2018-09-27 14:15:00-04:00,2018-09-27 15:25:00-04:00,short,pm,7651.0,7659.672142857143,7633.655714285715,7633.655714285715,win,1.7693764928753772
2018-09-28 03:15:00-04:00,2018-09-28 04:40:00-04:00,short,london,7626.5,7638.115714285715,7603.268571428571,7638.115714285715,loss,-1.1721805435985686
2018-09-28 14:15:00-04:00,2018-09-28 16:00:00-04:00,short,pm,7620.8,7636.324285714286,7589.751428571429,7636.324285714286,loss,-1.128830403975338
2018-10-02 03:25:00-04:00,2018-10-02 04:00:00-04:00,long,london,7625.9,7620.71,7636.279999999999,7636.279999999999,win,1.6146435452793537
2018-10-03 14:15:00-04:00,2018-10-03 14:30:00-04:00,long,pm,7664.9,7658.4292857142855,7677.841428571428,7658.4292857142855,loss,-1.3090848879567338
2018-10-08 10:20:00-04:00,2018-10-08 11:30:00-04:00,long,am,7404.6,7338.237142857142,7537.3257142857165,7338.237142857142,loss,-1.0301373401644633
2018-10-09 10:15:00-04:00,2018-10-09 10:25:00-04:00,short,am,7390.6,7407.842857142858,7356.114285714286,7407.842857142858,loss,-1.1159900579950284
2018-10-10 14:15:00-04:00,2018-10-10 15:35:00-04:00,short,pm,7199.4,7245.23,7107.74,7107.74,win,1.9563604625790967
2018-10-11 14:20:00-04:00,2018-10-11 16:30:00-04:00,short,pm,7018.7,7085.499285714285,6885.101428571429,7025.0,expired,-0.12425282562901994
2018-10-15 10:10:00-04:00,2018-10-15 12:10:00-04:00,short,am,7079.3,7148.324285714286,6941.251428571429,7077.4,expired,-0.0014487654448665684
2018-10-15 14:20:00-04:00,2018-10-15 16:30:00-04:00,short,pm,7110.6,7149.482142857143,7032.835714285715,7059.5,expired,1.2627904840635746
2018-10-16 10:05:00-04:00,2018-10-16 12:05:00-04:00,long,am,7167.9,7131.854285714286,7239.991428571428,7218.6,expired,1.3510621433101138
2018-10-16 14:15:00-04:00,2018-10-16 15:45:00-04:00,long,pm,7249.6,7230.850714285714,7287.0985714285725,7287.0985714285725,win,1.8933292696864663
2018-10-18 14:15:00-04:00,2018-10-18 16:15:00-04:00,long,pm,7104.7,7079.509285714285,7155.081428571429,7123.6,expired,0.6708821277681867
2018-10-19 03:10:00-04:00,2018-10-19 04:15:00-04:00,short,london,7167.5,7183.765714285714,7134.9685714285715,7134.9685714285715,win,1.8770419813806425
2018-10-19 10:10:00-04:00,2018-10-19 11:40:00-04:00,long,am,7215.5,7155.714285714285,7335.071428571429,7155.714285714285,loss,-1.0334528076463558
2018-10-19 14:10:00-04:00,2018-10-19 16:10:00-04:00,short,pm,7100.7,7151.287857142857,6999.524285714285,7095.0,expired,0.07314008161190164
2018-10-23 10:10:00-04:00,2018-10-23 12:10:00-04:00,short,am,6967.3,7040.909285714286,6820.081428571429,7030.8,expired,-0.8898333867039284
2018-10-23 14:25:00-04:00,2018-10-23 16:35:00-04:00,long,pm,7104.1,7040.807857142858,7230.684285714286,7123.6,expired,0.2764956155695256
2018-10-24 03:05:00-04:00,2018-10-24 05:05:00-04:00,short,london,7081.7,7111.982857142857,7021.134285714285,7052.3,expired,0.9048023398433673
2018-10-24 10:25:00-04:00,2018-10-24 12:25:00-04:00,short,am,7068.3,7122.312857142857,6960.274285714287,7017.3,expired,0.907191409452782
2018-10-25 03:15:00-04:00,2018-10-25 03:35:00-04:00,short,london,6869.1,6880.965,6845.370000000001,6880.965,loss,-1.1685630004214107
2018-10-25 10:10:00-04:00,2018-10-25 12:10:00-04:00,long,am,6955.3,6860.836428571429,7144.227142857143,6969.6,expired,0.1302089240750422
2018-10-25 14:20:00-04:00,2018-10-25 16:00:00-04:00,long,pm,7007.9,6955.870714285714,7111.958571428571,6955.870714285714,loss,-1.0384398896226026
2018-10-26 10:15:00-04:00,2018-10-26 12:15:00-04:00,short,am,6814.1,6888.573571428572,6665.152857142857,6875.1,expired,-0.8459376768364594
2018-10-26 14:25:00-04:00,2018-10-26 16:35:00-04:00,short,pm,6883.1,6934.819285714286,6779.6614285714295,6868.5,expired,0.24362285414394472
2018-10-29 03:20:00-04:00,2018-10-29 05:20:00-04:00,long,london,6892.0,6873.934285714286,6928.131428571429,6907.4,expired,0.7417365174758561
2018-10-29 10:10:00-04:00,2018-10-29 10:45:00-04:00,long,am,6946.7,6911.291428571429,7017.517142857142,6911.291428571429,loss,-1.0564834987492944
2018-11-02 03:15:00-04:00,2018-11-02 04:50:00-04:00,long,london,7114.0,7092.299999999999,7157.4000000000015,7092.299999999999,loss,-1.0921658986175085
2018-11-02 10:15:00-04:00,2018-11-02 12:15:00-04:00,short,am,7021.5,7085.355,6893.790000000001,6964.6,expired,0.8597603946441157
2018-11-02 14:15:00-04:00,2018-11-02 14:25:00-04:00,short,pm,6933.2,6962.623571428571,6874.352857142857,6962.623571428571,loss,-1.0679727138105988
2018-11-07 03:25:00-05:00,2018-11-07 05:25:00-05:00,long,london,7058.1,7015.898571428572,7142.5028571428575,7098.1,expired,0.9004434514742227
2018-11-08 10:20:00-05:00,2018-11-08 12:20:00-05:00,short,am,7165.8,7194.114285714286,7109.171428571429,7174.1,expired,-0.3637739656912278
2018-11-13 10:05:00-05:00,2018-11-13 11:00:00-05:00,short,am,6877.9,6915.115,6803.469999999999,6915.115,loss,-1.0537417707913475
2018-11-14 03:10:00-05:00,2018-11-14 03:20:00-05:00,short,london,6819.1,6829.498571428572,6798.302857142857,6798.302857142857,win,1.8076658881714591
2018-11-14 10:25:00-05:00,2018-11-14 12:25:00-05:00,short,am,6841.2,6921.154285714286,6681.291428571428,6810.1,expired,0.36395797598626967
2018-11-14 14:10:00-05:00,2018-11-14 14:50:00-05:00,short,pm,6761.7,6804.986428571429,6675.127142857141,6804.986428571429,loss,-1.0462038580221438
2018-11-19 10:15:00-05:00,2018-11-19 12:15:00-05:00,short,am,6762.3,6847.777857142857,6591.344285714286,6687.5,expired,0.8516825577217201
2018-11-19 14:15:00-05:00,2018-11-19 15:10:00-05:00,short,pm,6656.0,6693.105,6581.790000000001,6693.105,loss,-1.0539010914971034
2018-11-20 10:15:00-05:00,2018-11-20 10:35:00-05:00,short,am,6485.6,6552.772142857143,6351.255714285715,6552.772142857143,loss,-1.0297742474027287
2018-11-20 14:10:00-05:00,2018-11-20 16:10:00-05:00,short,pm,6537.1,6569.516428571429,6472.267142857143,6525.2,expired,0.305400700702922
2018-11-21 03:10:00-05:00,2018-11-21 03:25:00-05:00,short,london,6580.2,6587.728571428571,6565.142857142858,6565.142857142858,win,1.7343453510436286
2018-11-21 10:05:00-05:00,2018-11-21 12:05:00-05:00,long,am,6594.5,6562.061428571429,6659.377142857142,6605.5,expired,0.2774474831549791
2018-11-26 10:05:00-05:00,2018-11-26 12:05:00-05:00,long,am,6644.1,6592.661428571429,6746.977142857144,6642.5,expired,-0.06998639153498591
2018-11-27 10:20:00-05:00,2018-11-27 12:20:00-05:00,long,am,6691.0,6607.415,6858.17,6694.1,expired,0.013160256026803416
2018-11-27 14:10:00-05:00,2018-11-27 16:10:00-05:00,long,pm,6705.5,6655.918571428571,6804.662857142857,6708.0,expired,0.01008442101017084
2018-11-29 03:25:00-05:00,2018-11-29 04:05:00-05:00,long,london,6892.7,6886.511428571429,6905.077142857142,6886.511428571429,loss,-1.3231763619575547
2018-12-03 10:10:00-05:00,2018-12-03 11:00:00-05:00,long,am,7056.6,7031.280714285715,7107.238571428572,7031.280714285715,loss,-1.0789911699156485
2018-12-04 03:10:00-05:00,2018-12-04 04:40:00-05:00,long,london,7008.4,6995.301428571428,7034.597142857143,6995.301428571428,loss,-1.1526884065874117
2018-12-04 14:25:00-05:00,2018-12-04 15:30:00-05:00,long,pm,6855.2,6805.879285714285,6953.841428571429,6805.879285714285,loss,-1.0405509131196684
2018-12-05 03:10:00-05:00,2018-12-05 03:35:00-05:00,short,london,6837.8,6847.875714285715,6817.648571428571,6847.875714285715,loss,-1.1984970934354107
2018-12-06 14:05:00-05:00,2018-12-06 16:05:00-05:00,long,pm,6777.7,6719.338571428571,6894.422857142857,6844.1,expired,1.1034685335226424
2018-12-07 14:25:00-05:00,2018-12-07 14:40:00-05:00,long,pm,6650.7,6631.397142857143,6689.305714285713,6631.397142857143,loss,-1.1036116044997062
2018-12-11 10:20:00-05:00,2018-12-11 10:45:00-05:00,short,am,6786.6,6802.9571428571435,6753.885714285714,6753.885714285714,win,1.8777292576419233
2018-12-12 14:20:00-05:00,2018-12-12 16:20:00-05:00,short,pm,6828.1,6871.063571428572,6742.1728571428575,6763.8,expired,1.4500656702522117
2018-12-13 03:10:00-05:00,2018-12-13 03:30:00-05:00,long,london,6829.9,6809.260714285714,6871.178571428571,6809.260714285714,loss,-1.0969025783007451
2018-12-13 10:20:00-05:00,2018-12-13 10:40:00-05:00,long,am,6811.3,6776.823571428572,6880.252857142857,6776.823571428572,loss,-1.058010649097728
2018-12-17 03:20:00-05:00,2018-12-17 05:20:00-05:00,short,london,6598.9,6619.308571428572,6558.082857142856,6619.308571428572,loss,-1.0979980400391964
2018-12-17 10:05:00-05:00,2018-12-17 10:25:00-05:00,long,am,6526.3,6499.389999999999,6580.120000000002,6580.120000000002,win,1.925678186547754
2018-12-18 10:10:00-05:00,2018-12-18 12:05:00-05:00,short,am,6505.4,6527.808571428572,6460.582857142856,6527.808571428572,loss,-1.0892515619023309
2018-12-19 14:25:00-05:00,2018-12-19 15:00:00-05:00,short,pm,6495.2,6583.594999999999,6318.410000000001,6318.410000000001,win,1.9773742858758978
2018-12-21 03:20:00-05:00,2018-12-21 03:45:00-05:00,short,london,6284.9,6299.546428571428,6255.607142857143,6255.607142857143,win,1.8634479395269417
2018-12-21 10:25:00-05:00,2018-12-21 11:05:00-05:00,long,am,6268.3,6200.506428571429,6403.887142857143,6200.506428571429,loss,-1.0295013222914098
2018-12-24 03:15:00-05:00,2018-12-24 04:00:00-05:00,long,london,6095.5,6079.760714285714,6126.978571428572,6079.760714285714,loss,-1.1270705695484444
2018-12-31 03:20:00-05:00,2018-12-31 04:10:00-05:00,short,london,6339.4,6347.339285714285,6323.521428571428,6323.521428571428,win,1.7480881691408
2019-01-02 03:10:00-05:00,2019-01-02 03:20:00-05:00,short,london,6227.8,6252.135714285714,6179.128571428572,6179.128571428572,win,1.9178162606398579
2019-01-02 10:15:00-05:00,2019-01-02 12:15:00-05:00,long,am,6274.8,6184.662857142856,6455.074285714288,6317.6,expired,0.4526435907189019
2019-01-02 14:15:00-05:00,2019-01-02 16:15:00-05:00,short,pm,6366.0,6393.959285714286,6310.081428571428,6351.6,expired,0.4435020310144658
2019-01-03 10:20:00-05:00,2019-01-03 12:20:00-05:00,short,am,6207.1,6289.536428571429,6042.227142857144,6220.7,expired,-0.18923672786822165
2019-01-04 03:20:00-05:00,2019-01-04 04:25:00-05:00,short,london,6225.2,6246.151428571428,6183.297142857143,6246.151428571428,loss,-1.09545888449475
2019-01-04 10:05:00-05:00,2019-01-04 12:05:00-05:00,long,am,6291.9,6224.547142857143,6426.6057142857135,6391.1,expired,1.4431459053598477
2019-01-07 03:25:00-05:00,2019-01-07 04:25:00-05:00,short,london,6437.5,6453.0828571428565,6406.334285714287,6406.334285714287,win,1.8716538320498661
2019-01-08 03:15:00-05:00,2019-01-08 03:50:00-05:00,long,london,6500.6,6489.969285714286,6521.861428571428,6521.861428571428,win,1.811865887253909
2019-01-08 10:25:00-05:00,2019-01-08 12:25:00-05:00,short,am,6506.5,6574.629285714286,6370.241428571428,6525.9,expired,-0.3141086799257638
2019-01-09 14:10:00-05:00,2019-01-09 14:15:00-05:00,long,pm,6615.0,6599.490714285715,6646.018571428571,6599.490714285715,loss,-1.128955003914708
2019-01-11 10:25:00-05:00,2019-01-11 10:40:00-05:00,long,am,6562.5,6551.421428571429,6584.657142857142,6584.657142857142,win,1.8194713088330072
2019-01-15 10:10:00-05:00,2019-01-15 12:10:00-05:00,long,am,6639.1,6556.617857142857,6804.064285714287,6668.3,expired,0.329768348127297
2019-01-17 03:25:00-05:00,2019-01-17 03:45:00-05:00,short,london,6609.3,6620.403571428572,6587.092857142857,6620.403571428572,loss,-1.1801222257960708
2019-01-18 10:25:00-05:00,2019-01-18 11:00:00-05:00,long,am,6748.9,6723.506428571428,6799.687142857143,6799.687142857143,win,1.921239908863324
2019-01-22 03:15:00-05:00,2019-01-22 05:15:00-05:00,long,london,6726.4,6715.315,6748.57,6727.1,expired,-0.11727559765442203
2019-01-23 03:10:00-05:00,2019-01-23 04:05:00-05:00,short,london,6634.0,6651.912857142857,6598.174285714285,6651.912857142857,loss,-1.11165164686179
2019-01-23 14:10:00-05:00,2019-01-23 16:10:00-05:00,long,pm,6639.0,6613.217857142858,6690.564285714285,6654.1,expired,0.5081036154592282
2019-01-24 10:05:00-05:00,2019-01-24 10:15:00-05:00,short,am,6684.8,6702.658571428571,6649.082857142858,6702.658571428571,loss,-1.1119910407167457
2019-01-25 10:15:00-05:00,2019-01-25 12:15:00-05:00,long,am,6764.8,6730.3,6833.8,6786.4,expired,0.5681159420289696
2019-01-29 10:20:00-05:00,2019-01-29 12:20:00-05:00,short,am,6672.0,6709.836428571429,6596.3271428571425,6653.0,expired,0.44930244850955947
2019-01-30 10:25:00-05:00,2019-01-30 12:05:00-05:00,short,am,6708.5,6731.332142857143,6662.835714285715,6731.332142857143,loss,-1.087595807914908
2019-01-30 14:10:00-05:00,2019-01-30 16:10:00-05:00,long,pm,6769.9,6734.577857142856,6840.544285714286,6829.9,expired,1.6420294837313516
2019-02-04 03:10:00-05:00,2019-02-04 03:25:00-05:00,long,london,6867.1,6862.1,6877.1,6862.1,loss,-1.4
2019-02-04 10:20:00-05:00,2019-02-04 12:20:00-05:00,long,am,6908.2,6867.9064285714285,6988.7871428571425,6939.2,expired,0.719717785538283
2019-02-04 14:10:00-05:00,2019-02-04 16:05:00-05:00,long,pm,6950.5,6934.333571428571,6982.832857142857,6934.333571428571,loss,-1.1237131621967913
2019-02-05 03:10:00-05:00,2019-02-05 03:45:00-05:00,short,london,6930.9,6935.9,6920.9,6935.9,loss,-1.4
2019-02-05 14:15:00-05:00,2019-02-05 16:15:00-05:00,long,pm,7013.0,6978.065714285714,7082.868571428571,7001.5,expired,-0.38643984624192507
2019-02-06 10:25:00-05:00,2019-02-06 12:25:00-05:00,short,am,6982.9,7033.794285714286,6881.111428571427,6994.8,expired,-0.27311514062763786
2019-02-11 03:15:00-05:00,2019-02-11 03:30:00-05:00,long,london,6904.8,6898.567857142857,6917.264285714286,6917.264285714286,win,1.6790830945558872
2019-02-13 10:20:00-05:00,2019-02-13 12:20:00-05:00,short,am,7036.7,7063.104285714286,6983.891428571428,7022.3,expired,0.46962073256504394
2019-02-14 03:05:00-05:00,2019-02-14 05:05:00-05:00,long,london,7038.5,7030.1564285714285,7055.187142857143,7035.5,expired,-0.5992637616642343
2019-02-19 03:15:00-05:00,2019-02-19 04:00:00-05:00,short,london,7064.5,7069.5,7054.5,7069.5,loss,-1.4
2019-02-19 14:15:00-05:00,2019-02-19 15:55:00-05:00,long,pm,7074.1,7066.599999999999,7089.100000000002,7066.599999999999,loss,-1.2666666666666344
2019-02-20 14:25:00-05:00,2019-02-20 16:35:00-05:00,short,pm,7041.7,7080.964999999999,6963.170000000001,7064.7,expired,-0.6366993505666718
2019-02-21 03:10:00-05:00,2019-02-21 05:10:00-05:00,short,london,7081.0,7087.942857142857,7067.114285714286,7079.4,expired,-0.05761316872422809
2019-02-22 03:25:00-05:00,2019-02-22 05:25:00-05:00,long,london,7037.8,7025.373571428571,7062.652857142858,7053.3,expired,1.0863942058975387
2019-02-22 14:15:00-05:00,2019-02-22 14:35:00-05:00,long,pm,7079.4,7071.642142857143,7094.915714285713,7071.642142857143,loss,-1.2578031488813344
2019-02-25 10:05:00-05:00,2019-02-25 12:05:00-05:00,short,am,7146.4,7161.566428571428,7116.067142857142,7142.1,expired,0.15165073235053714
2019-02-26 10:10:00-05:00,2019-02-26 12:10:00-05:00,long,am,7120.7,7084.051428571428,7193.997142857143,7114.3,expired,-0.22920402276446886
2019-02-28 10:10:00-05:00,2019-02-28 11:50:00-05:00,short,am,7094.8,7115.071428571428,7054.257142857144,7115.071428571428,loss,-1.0986610288935885
2019-03-04 10:20:00-05:00,2019-03-04 11:05:00-05:00,short,am,7190.7,7205.977142857143,7160.145714285713,7160.145714285713,win,1.8690854684870049
2019-03-05 10:10:00-05:00,2019-03-05 12:10:00-05:00,long,am,7142.4,7118.177142857143,7190.845714285713,7160.7,expired,0.6729181410710241
2019-03-07 14:20:00-05:00,2019-03-07 16:30:00-05:00,short,pm,7029.2,7065.444285714286,6956.711428571428,7023.0,expired,0.11588033581647753
2019-03-08 03:15:00-05:00,2019-03-08 05:15:00-05:00,long,london,6981.2,6972.437857142857,6998.7242857142855,6976.7,expired,-0.7418276677264201
2019-03-08 10:10:00-05:00,2019-03-08 10:30:00-05:00,short,am,6956.6,6972.777142857143,6924.245714285715,6972.777142857143,loss,-1.1236312257152952
2019-03-13 14:10:00-04:00,2019-03-13 14:45:00-04:00,long,pm,7286.3,7271.33,7316.240000000001,7271.33,loss,-1.1336005344021354
2019-03-14 10:15:00-04:00,2019-03-14 12:05:00-04:00,short,am,7247.7,7265.273571428571,7212.552857142858,7265.273571428571,loss,-1.113807259277326
2019-03-18 10:05:00-04:00,2019-03-18 11:30:00-04:00,long,am,7338.6,7302.104285714286,7411.59142857143,7302.104285714286,loss,-1.0548009551023596
2019-03-22 03:10:00-04:00,2019-03-22 04:30:00-04:00,long,london,7497.3,7487.415714285714,7517.068571428573,7487.415714285714,loss,-1.2023413788119548
2019-03-22 14:25:00-04:00,2019-03-22 15:35:00-04:00,long,pm,7369.8,7339.86,7429.680000000001,7339.86,loss,-1.0668002672010677
2019-03-26 03:10:00-04:00,2019-03-26 05:10:00-04:00,short,london,7330.7,7345.342857142857,7301.414285714286,7340.5,expired,-0.8058536585366122
2019-03-26 10:05:00-04:00,2019-03-26 11:50:00-04:00,long,am,7396.9,7359.576428571429,7471.547142857142,7359.576428571429,loss,-1.053585440070427
2019-03-28 03:15:00-04:00,2019-03-28 03:55:00-04:00,long,london,7300.4,7284.9685714285715,7331.262857142856,7284.9685714285715,loss,-1.1296056285873024
2019-03-28 10:10:00-04:00,2019-03-28 11:05:00-04:00,long,am,7332.7,7293.696428571428,7410.707142857143,7293.696428571428,loss,-1.0512773555535209
2019-03-29 03:20:00-04:00,2019-03-29 04:55:00-04:00,long,london,7348.0,7339.173571428571,7365.652857142857,7339.173571428571,loss,-1.2265922149389015
2019-04-01 10:15:00-04:00,2019-04-01 11:05:00-04:00,short,am,7431.7,7457.569285714286,7379.961428571428,7457.569285714286,loss,-1.077311759670872
2019-04-02 10:05:00-04:00,2019-04-02 10:15:00-04:00,short,am,7473.9,7482.522857142857,7456.654285714285,7482.522857142857,loss,-1.231941683233924
2019-04-03 14:05:00-04:00,2019-04-03 16:05:00-04:00,short,pm,7542.0,7577.356428571428,7471.287142857143,7551.6,expired,-0.32808743610983326
2019-04-05 10:10:00-04:00,2019-04-05 12:10:00-04:00,long,am,7575.5,7550.21,7626.08,7575.2,expired,-0.09094503756426196
2019-04-10 03:25:00-04:00,2019-04-10 04:15:00-04:00,long,london,7581.4,7575.995,7592.209999999999,7575.995,loss,-1.3700277520814235
2019-04-10 14:15:00-04:00,2019-04-10 15:00:00-04:00,short,pm,7592.0,7602.603571428571,7570.792857142858,7602.603571428571,loss,-1.188615695520388
2019-04-12 14:20:00-04:00,2019-04-12 16:30:00-04:00,long,pm,7622.7,7611.704285714286,7644.691428571427,7626.0,expired,0.11822788099261625
2019-04-16 10:25:00-04:00,2019-04-16 12:25:00-04:00,long,am,7659.9,7646.561428571428,7686.5771428571425,7658.0,expired,-0.29238513441145425
2019-04-16 14:20:00-04:00,2019-04-16 15:00:00-04:00,short,pm,7659.2,7665.284285714286,7647.031428571428,7665.284285714286,loss,-1.3287156609532533
2019-04-17 10:10:00-04:00,2019-04-17 12:10:00-04:00,short,am,7670.6,7713.294285714285,7585.211428571431,7666.6,expired,0.04684467643712866
2019-04-17 14:15:00-04:00,2019-04-17 16:15:00-04:00,short,pm,7676.3,7689.987142857142,7648.925714285716,7666.5,expired,0.5698778833107625
2019-04-18 10:05:00-04:00,2019-04-18 12:05:00-04:00,short,am,7667.2,7703.352142857142,7594.895714285715,7681.4,expired,-0.4481062177701402
2019-04-18 14:20:00-04:00,2019-04-18 16:30:00-04:00,long,pm,7689.8,7677.517142857143,7714.365714285715,7691.4,expired,-0.032565712956545756
2019-04-22 03:15:00-04:00,2019-04-22 05:15:00-04:00,short,london,7670.2,7677.918571428571,7654.762857142857,7666.0,expired,0.2850268369424124
2019-04-22 10:10:00-04:00,2019-04-22 12:10:00-04:00,long,am,7678.1,7651.6335714285715,7731.032857142858,7698.3,expired,0.6876636169810663
2019-04-23 03:20:00-04:00,2019-04-23 05:20:00-04:00,short,london,7713.8,7726.516428571429,7688.367142857142,7711.6,expired,0.015727686344983366
2019-04-25 03:15:00-04:00,2019-04-25 05:15:00-04:00,short,london,7834.2,7852.492142857142,7797.615714285715,7841.6,expired,-0.5138818384162186
2019-04-25 10:25:00-04:00,2019-04-25 12:25:00-04:00,short,am,7797.3,7849.844285714285,7692.21142857143,7816.5,expired,-0.4034691824583346
2019-04-25 14:20:00-04:00,2019-04-25 15:55:00-04:00,long,pm,7828.5,7816.264999999999,7852.970000000001,7816.264999999999,loss,-1.1634654679198941
2019-04-29 03:10:00-04:00,2019-04-29 03:55:00-04:00,short,london,7828.9,7835.276428571429,7816.14714285714,7835.276428571429,loss,-1.313655203315731
2019-04-30 03:15:00-04:00,2019-04-30 05:15:00-04:00,long,london,7786.1,7777.377142857144,7803.545714285714,7783.6,expired,-0.5158860137569801
2019-05-01 03:10:00-04:00,2019-05-01 03:20:00-04:00,short,london,7837.1,7842.1,7827.1,7842.1,loss,-1.4
2019-05-01 10:15:00-04:00,2019-05-01 12:15:00-04:00,long,am,7831.3,7808.976428571429,7875.947142857142,7832.3,expired,-0.04479569961283786
2019-05-01 14:10:00-04:00,2019-05-01 14:35:00-04:00,long,pm,7840.3,7815.812857142857,7889.274285714287,7815.812857142857,loss,-1.0816755148474406
2019-05-03 03:20:00-04:00,2019-05-03 04:00:00-04:00,long,london,7748.0,7743.0,7758.0,7758.0,win,1.6
2019-05-03 14:25:00-04:00,2019-05-03 16:10:00-04:00,short,pm,7836.9,7847.572142857143,7815.555714285712,7847.572142857143,loss,-1.1874037882337058
2019-05-07 10:20:00-04:00,2019-05-07 12:20:00-04:00,short,am,7690.6,7741.867857142857,7588.064285714287,7665.2,expired,0.4564263322884142
2019-05-09 03:25:00-04:00,2019-05-09 05:25:00-04:00,short,london,7562.6,7590.865714285714,7506.068571428574,7567.2,expired,-0.23349843323560973
2019-05-10 10:25:00-04:00,2019-05-10 12:25:00-04:00,short,am,7500.4,7574.409285714285,7352.381428571429,7494.6,expired,0.05134490845742334
2019-05-13 03:15:00-04:00,2019-05-13 05:15:00-04:00,short,london,7487.2,7509.4,7442.8,7474.7,expired,0.4729729729729768
2019-05-13 14:20:00-04:00,2019-05-13 14:25:00-04:00,short,pm,7340.6,7359.93,7301.9400000000005,7359.93,loss,-1.1034661148473879
2019-05-14 10:25:00-04:00,2019-05-14 12:25:00-04:00,long,am,7387.8,7332.407857142857,7498.584285714286,7416.9,expired,0.48923906175449267
2019-05-14 14:10:00-04:00,2019-05-14 15:55:00-04:00,short,pm,7432.1,7448.772857142858,7398.754285714285,7398.754285714285,win,1.880044554879619
2019-05-22 03:10:00-04:00,2019-05-22 05:10:00-04:00,short,london,7427.5,7437.215714285714,7408.068571428572,7432.6,expired,-0.7307748860462243
2019-05-23 14:25:00-04:00,2019-05-23 15:20:00-04:00,long,pm,7267.6,7257.364285714286,7288.071428571429,7288.071428571429,win,1.8046057222609948
2019-05-24 03:15:00-04:00,2019-05-24 03:30:00-04:00,short,london,7334.3,7341.919285714286,7319.061428571428,7341.919285714286,loss,-1.2624917971313305
2019-05-24 14:10:00-04:00,2019-05-24 16:10:00-04:00,short,pm,7312.9,7333.282857142857,7272.1342857142845,7304.2,expired,0.3287075974207859
2019-05-27 03:05:00-04:00,2019-05-27 05:05:00-04:00,long,london,7312.1,7299.246428571429,7337.807142857144,7310.3,expired,-0.2956376771325438
2019-05-28 03:20:00-04:00,2019-05-28 05:20:00-04:00,short,london,7317.7,7334.021428571429,7285.057142857141,7298.4,expired,1.0599562363238118
2019-05-28 10:25:00-04:00,2019-05-28 12:25:00-04:00,short,am,7332.7,7363.83,7270.44,7342.6,expired,-0.38226790876969174
2019-05-29 03:20:00-04:00,2019-05-29 05:20:00-04:00,short,london,7216.6,7235.899285714286,7178.00142857143,7213.6,expired,0.051815389170584605
2019-05-31 03:20:00-04:00,2019-05-31 05:20:00-04:00,short,london,7165.9,7188.115,7121.469999999999,7154.6,expired,0.418636056718398
2019-05-31 10:10:00-04:00,2019-05-31 10:50:00-04:00,long,am,7140.8,7125.490714285715,7171.418571428571,7171.418571428571,win,1.8693603321980112
2019-06-05 14:15:00-04:00,2019-06-05 14:50:00-04:00,long,pm,7204.2,7196.802142857143,7218.995714285714,7196.802142857143,loss,-1.2703485565318198
2019-06-07 03:20:00-04:00,2019-06-07 04:10:00-04:00,long,london,7286.3,7276.475,7305.95,7305.95,win,1.796437659033075
2019-06-10 03:10:00-04:00,2019-06-10 05:10:00-04:00,short,london,7436.4,7447.484285714286,7414.231428571427,7439.1,expired,-0.424023714396235
2019-06-10 14:20:00-04:00,2019-06-10 16:30:00-04:00,short,pm,7512.4,7539.477142857143,7458.245714285713,7515.9,expired,-0.20312335127149556
2019-06-11 03:25:00-04:00,2019-06-11 05:20:00-04:00,long,london,7539.2,7528.397142857143,7560.805714285713,7560.805714285713,win,1.814863792647441
2019-06-11 14:10:00-04:00,2019-06-11 16:10:00-04:00,long,pm,7520.3,7491.5992857142855,7577.7014285714295,7513.8,expired,-0.2961598765585688
2019-06-13 14:25:00-04:00,2019-06-13 15:15:00-04:00,short,pm,7505.6,7515.032142857143,7486.7357142857145,7486.7357142857145,win,1.787959106399093
2019-06-14 03:20:00-04:00,2019-06-14 03:25:00-04:00,long,london,7477.9,7472.421428571428,7488.857142857143,7472.421428571428,loss,-1.365058670143395
2019-06-17 03:15:00-04:00,2019-06-17 05:15:00-04:00,short,london,7490.3,7504.8942857142865,7461.1114285714275,7497.3,expired,-0.6166797180892452
2019-06-19 14:10:00-04:00,2019-06-19 16:10:00-04:00,long,pm,7648.5,7602.262142857143,7740.975714285714,7674.6,expired,0.521217925941954
2019-06-20 10:25:00-04:00,2019-06-20 12:25:00-04:00,short,am,7745.9,7782.832142857143,7672.035714285714,7708.5,expired,0.9585146504206438
2019-06-21 14:20:00-04:00,2019-06-21 15:05:00-04:00,short,pm,7731.3,7743.722857142858,7706.454285714285,7743.722857142858,loss,-1.1609935602575845
2019-06-24 03:10:00-04:00,2019-06-24 03:35:00-04:00,long,london,7759.4,7752.158571428571,7773.882857142857,7752.158571428571,loss,-1.2761885973564828
2019-06-24 10:15:00-04:00,2019-06-24 12:15:00-04:00,long,am,7741.5,7722.4,7779.700000000001,7741.2,expired,-0.1204188481675465
2019-06-27 03:15:00-04:00,2019-06-27 05:15:00-04:00,long,london,7675.7,7657.986428571428,7711.127142857143,7667.9,expired,-0.5532481148433512
2019-07-01 03:10:00-04:00,2019-07-01 05:10:00-04:00,long,london,7803.2,7790.208571428571,7829.182857142857,7796.5,expired,-0.6696723114141081
2019-07-01 10:20:00-04:00,2019-07-01 12:20:00-04:00,short,am,7802.9,7827.132142857144,7754.435714285712,7765.7,expired,1.4526160648488537
2019-07-01 14:10:00-04:00,2019-07-01 15:20:00-04:00,short,pm,7750.9,7758.621428571429,7735.457142857142,7758.621428571429,loss,-1.2590194264569703
2019-07-04 10:10:00-04:00,2019-07-04 10:50:00-04:00,short,am,7871.1,7876.1,7861.1,7876.1,loss,-1.4
2019-07-05 03:10:00-04:00,2019-07-05 04:50:00-04:00,short,london,7872.6,7883.601428571428,7850.597142857145,7850.597142857145,win,1.8182054278664985
2019-07-05 10:05:00-04:00,2019-07-05 12:05:00-04:00,short,am,7798.5,7817.188571428572,7761.122857142856,7800.4,expired,-0.20868368750953176
2019-07-09 03:10:00-04:00,2019-07-09 05:10:00-04:00,short,london,7733.1,7747.151428571428,7704.997142857144,7726.7,expired,0.31313542090285745
2019-07-10 03:10:00-04:00,2019-07-10 04:00:00-04:00,short,london,7801.3,7814.625,7774.650000000001,7814.625,loss,-1.150093808630396
2019-07-11 03:25:00-04:00,2019-07-11 05:05:00-04:00,short,london,7929.7,7934.7,7919.7,7934.7,loss,-1.4
2019-07-15 03:15:00-04:00,2019-07-15 04:25:00-04:00,long,london,7957.1,7942.336428571429,7986.627142857144,7942.336428571429,loss,-1.1354685761285002
2019-07-16 03:25:00-04:00,2019-07-16 04:05:00-04:00,short,london,7972.8,7977.8,7962.8,7977.8,loss,-1.4
2019-07-17 03:10:00-04:00,2019-07-17 05:10:00-04:00,long,london,7936.8,7926.722857142857,7956.954285714287,7945.4,expired,0.6549475474906978
2019-07-19 10:15:00-04:00,2019-07-19 12:15:00-04:00,short,am,7929.8,7964.869285714285,7859.66142857143,7907.0,expired,0.5931115954131808
2019-07-23 10:20:00-04:00,2019-07-23 12:20:00-04:00,short,am,7907.1,7948.927857142858,7823.444285714286,7910.6,expired,-0.13149131645007556
2019-07-24 03:15:00-04:00,2019-07-24 04:30:00-04:00,short,london,7937.8,7946.565714285714,7920.268571428572,7920.268571428572,win,1.7718383311603638
2019-07-29 03:20:00-04:00,2019-07-29 05:20:00-04:00,long,london,7999.4,7992.852142857143,8012.495714285713,8004.3,expired,0.4428929857097287
2019-07-29 10:15:00-04:00,2019-07-29 12:15:00-04:00,short,am,7951.9,8017.191428571428,7821.317142857142,7966.3,expired,-0.2511815158410721
2019-07-30 14:10:00-04:00,2019-07-30 15:40:00-04:00,long,pm,7979.3,7948.879285714285,8040.14142857143,7948.879285714285,loss,-1.0657446758552664
2019-07-31 10:15:00-04:00,2019-07-31 10:35:00-04:00,long,am,7973.3,7956.038571428571,8007.822857142858,7956.038571428571,loss,-1.115865265248694
2019-08-05 03:25:00-04:00,2019-08-05 03:30:00-04:00,long,london,7591.6,7584.381428571429,7606.037142857143,7584.381428571429,loss,-1.2770631308133746
2019-08-05 14:05:00-04:00,2019-08-05 16:05:00-04:00,short,pm,7410.4,7453.227142857143,7324.745714285713,7394.6,expired,0.3222255578905025
2019-08-06 10:25:00-04:00,2019-08-06 12:25:00-04:00,short,am,7478.4,7528.844285714286,7377.511428571426,7450.2,expired,0.5193848942255815
2019-08-06 14:10:00-04:00,2019-08-06 14:15:00-04:00,short,pm,7502.2,7513.414285714285,7479.771428571429,7513.414285714285,loss,-1.1783439490445922
2019-08-07 10:25:00-04:00,2019-08-07 12:25:00-04:00,long,am,7450.3,7377.690714285714,7595.518571428572,7456.1,expired,0.052334904036282756
2019-08-07 14:25:00-04:00,2019-08-07 14:40:00-04:00,short,pm,7525.1,7544.355,7486.590000000002,7544.355,loss,-1.103869124902627
2019-08-08 03:15:00-04:00,2019-08-08 05:15:00-04:00,short,london,7580.7,7604.11,7533.88,7590.1,expired,-0.48697137975226895
2019-08-08 10:05:00-04:00,2019-08-08 12:05:00-04:00,long,am,7610.1,7569.472142857143,7691.355714285715,7678.9,expired,1.6441920568223463
2019-08-08 14:10:00-04:00,2019-08-08 14:40:00-04:00,short,pm,7695.2,7702.692857142857,7680.214285714285,7702.692857142857,loss,-1.266920877025735
2019-08-09 03:10:00-04:00,2019-08-09 03:20:00-04:00,short,london,7688.9,7693.9,7678.9,7678.9,win,1.6
2019-08-09 14:05:00-04:00,2019-08-09 15:35:00-04:00,short,pm,7661.9,7683.8435714285715,7618.012857142856,7683.8435714285715,loss,-1.0911428664431477
2019-08-15 03:20:00-04:00,2019-08-15 05:00:00-04:00,short,london,7523.3,7544.33,7481.240000000001,7481.240000000001,win,1.9048977650974785
2019-08-21 03:10:00-04:00,2019-08-21 05:10:00-04:00,long,london,7701.1,7685.91,7731.480000000001,7726.3,expired,1.5273206056615563
2019-08-22 03:10:00-04:00,2019-08-22 03:15:00-04:00,short,london,7724.9,7732.326428571429,7710.047142857142,7732.326428571429,loss,-1.2693084543618227
2019-08-23 10:10:00-04:00,2019-08-23 11:00:00-04:00,long,am,7660.9,7617.907142857142,7746.885714285714,7617.907142857142,loss,-1.0465193553746468
2019-08-26 10:25:00-04:00,2019-08-26 11:10:00-04:00,short,am,7524.9,7559.549285714285,7455.601428571428,7559.549285714285,loss,-1.0577212476035376
2019-08-26 14:15:00-04:00,2019-08-26 15:00:00-04:00,short,pm,7542.4,7558.209285714286,7510.781428571427,7558.209285714286,loss,-1.126507929336279
2019-08-27 14:20:00-04:00,2019-08-27 14:50:00-04:00,short,pm,7561.6,7581.498571428571,7521.802857142859,7581.498571428571,loss,-1.1005097279058107
2019-08-28 03:20:00-04:00,2019-08-28 04:30:00-04:00,short,london,7563.9,7586.881428571428,7517.937142857143,7586.881428571428,loss,-1.0870267918194827
2019-08-28 10:25:00-04:00,2019-08-28 10:40:00-04:00,short,am,7544.0,7566.8721428571425,7498.255714285715,7566.8721428571425,loss,-1.0874426157833934
2019-08-29 03:20:00-04:00,2019-08-29 05:20:00-04:00,long,london,7628.3,7555.99,7772.920000000001,7679.4,expired,0.6790208823122553
2019-08-29 14:25:00-04:00,2019-08-29 16:35:00-04:00,short,pm,7711.8,7724.130714285714,7687.1385714285725,7701.1,expired,0.7055552337369048
2019-09-03 10:10:00-04:00,2019-09-03 12:10:00-04:00,short,am,7614.2,7673.597142857143,7495.405714285714,7623.3,expired,-0.186877675693882
2019-09-04 10:20:00-04:00,2019-09-04 12:20:00-04:00,short,am,7674.5,7701.769285714286,7619.961428571429,7690.8,expired,-0.6710846844959097
2019-09-05 10:25:00-04:00,2019-09-05 12:25:00-04:00,long,am,7867.0,7798.427857142858,8004.144285714285,7846.0,expired,-0.3354131727794527
2019-09-05 14:20:00-04:00,2019-09-05 14:45:00-04:00,long,pm,7844.6,7839.5371428571425,7854.725714285716,7854.725714285716,win,1.6049661399549096
2019-09-06 10:05:00-04:00,2019-09-06 12:05:00-04:00,short,am,7850.0,7876.579285714286,7796.841428571428,7855.5,expired,-0.2821746257826955
2019-09-06 14:10:00-04:00,2019-09-06 15:30:00-04:00,short,pm,7867.0,7873.215,7854.57,7873.215,loss,-1.3218020917135886
2019-09-09 14:15:00-04:00,2019-09-09 15:35:00-04:00,short,pm,7809.2,7828.245000000001,7771.109999999998,7828.245000000001,loss,-1.1050144394854238
2019-09-10 03:10:00-04:00,2019-09-10 03:30:00-04:00,long,london,7815.6,7803.149285714286,7840.50142857143,7803.149285714286,loss,-1.160633354368649
2019-09-11 10:25:00-04:00,2019-09-11 12:25:00-04:00,long,am,7856.9,7807.395714285714,7955.90857142857,7878.8,expired,0.40198539808964595
2019-09-13 14:05:00-04:00,2019-09-13 15:10:00-04:00,short,pm,7894.0,7900.326428571429,7881.347142857143,7881.347142857143,win,1.6838658688043346
2019-09-16 03:20:00-04:00,2019-09-16 03:30:00-04:00,long,london,7829.9,7820.090714285714,7849.518571428571,7820.090714285714,loss,-1.203888443894272
2019-09-19 03:10:00-04:00,2019-09-19 03:35:00-04:00,short,london,7847.7,7864.445,7814.21,7864.445,loss,-1.119438638399523
2019-09-20 03:20:00-04:00,2019-09-20 05:20:00-04:00,short,london,7909.0,7918.876428571429,7889.2471428571425,7909.0,expired,-0.20250235047370754
2019-09-20 14:05:00-04:00,2019-09-20 16:05:00-04:00,long,pm,7822.5,7787.873571428571,7891.7528571428575,7803.8,expired,-0.597809270375634
2019-09-23 10:15:00-04:00,2019-09-23 11:35:00-04:00,short,am,7801.0,7828.128571428571,7746.742857142857,7828.128571428571,loss,-1.073723012111638
2019-09-24 14:10:00-04:00,2019-09-24 14:15:00-04:00,short,pm,7730.5,7745.049285714286,7701.4014285714275,7745.049285714286,loss,-1.1374637930187979
2019-10-02 14:25:00-04:00,2019-10-02 16:30:00-04:00,long,pm,7539.5,7515.405714285714,7587.688571428573,7530.3,expired,-0.46484050752992223
2019-10-03 10:10:00-04:00,2019-10-03 11:05:00-04:00,short,am,7484.1,7569.102857142857,7314.094285714287,7569.102857142857,loss,-1.023528620886693
2019-10-04 10:05:00-04:00,2019-10-04 12:05:00-04:00,long,am,7697.0,7662.759285714286,7765.481428571427,7723.2,expired,0.7067609570895202
2019-10-07 10:15:00-04:00,2019-10-07 12:15:00-04:00,long,am,7732.9,7707.324285714285,7784.051428571429,7760.4,expired,0.9970396023012764
2019-10-08 03:10:00-04:00,2019-10-08 03:40:00-04:00,short,london,7755.6,7767.110000000001,7732.58,7732.58,win,1.8262380538662066
2019-10-10 14:15:00-04:00,2019-10-10 15:30:00-04:00,short,pm,7723.6,7742.8835714285715,7685.032857142858,7742.8835714285715,loss,-1.1037152276178852
2019-10-14 14:05:00-04:00,2019-10-14 16:00:00-04:00,long,pm,7851.2,7837.900714285714,7877.798571428572,7837.900714285714,loss,-1.1503840163274013
2019-10-15 10:20:00-04:00,2019-10-15 12:20:00-04:00,long,am,7901.1,7859.359285714286,7984.58142857143,7934.6,expired,0.7546588633913387
2019-10-17 03:25:00-04:00,2019-10-17 04:10:00-04:00,long,london,7929.7,7920.539285714285,7948.021428571429,7948.021428571429,win,1.78167641325537
2019-10-17 14:20:00-04:00,2019-10-17 14:50:00-04:00,short,pm,7937.9,7945.651428571429,7922.39714285714,7945.651428571429,loss,-1.2580169553998908
2019-10-18 03:25:00-04:00,2019-10-18 03:30:00-04:00,short,london,7922.7,7927.7,7912.7,7927.7,loss,-1.4
2019-10-21 14:15:00-04:00,2019-10-21 16:15:00-04:00,long,pm,7929.8,7922.62,7944.160000000001,7935.2,expired,0.47353760445675463
2019-10-22 14:20:00-04:00,2019-10-22 14:30:00-04:00,long,pm,7916.8,7906.274285714286,7937.851428571429,7906.274285714286,loss,-1.1900108577632977
2019-10-23 14:10:00-04:00,2019-10-23 15:30:00-04:00,short,pm,7870.2,7880.643571428571,7849.312857142858,7880.643571428571,loss,-1.1915053689898174
2019-10-24 03:15:00-04:00,2019-10-24 03:25:00-04:00,short,london,7924.6,7929.6,7914.6,7929.6,loss,-1.4
2019-10-25 03:20:00-04:00,2019-10-25 05:20:00-04:00,short,london,7932.7,7938.496428571429,7921.107142857142,7929.9,expired,0.13801601971660005
2019-10-25 14:10:00-04:00,2019-10-25 15:55:00-04:00,short,pm,8012.7,8025.847857142858,7986.404285714284,8025.847857142858,loss,-1.1521160428097919
2019-10-28 03:20:00-04:00,2019-10-28 03:45:00-04:00,short,london,8045.2,8050.2,8035.2,8050.2,loss,-1.4
2019-10-28 10:25:00-04:00,2019-10-28 12:25:00-04:00,long,am,8095.3,8065.197142857143,8155.505714285714,8109.2,expired,0.39531131359148663
2019-10-29 10:10:00-04:00,2019-10-29 12:10:00-04:00,short,am,8077.1,8107.688571428571,8015.922857142859,8064.9,expired,0.3334578740893296
2019-10-29 14:15:00-04:00,2019-10-29 15:45:00-04:00,short,pm,8065.1,8074.824285714285,8045.651428571431,8045.651428571431,win,1.794329366828242
2019-10-30 14:20:00-04:00,2019-10-30 16:20:00-04:00,long,pm,8051.7,8021.011428571429,8113.077142857142,8101.0,expired,1.5412903826459703
2019-11-01 10:20:00-04:00,2019-11-01 12:10:00-04:00,long,am,8144.9,8109.052857142858,8216.594285714284,8109.052857142858,loss,-1.0557924520782702
2019-11-04 03:15:00-05:00,2019-11-04 05:00:00-05:00,long,london,8185.8,8177.837142857143,8201.725714285716,8201.725714285716,win,1.748833871546477
2019-11-05 10:15:00-05:00,2019-11-05 12:15:00-05:00,short,am,8201.9,8229.043571428572,8147.612857142854,8215.9,expired,-0.5894581721533386
2019-11-08 03:20:00-05:00,2019-11-08 05:20:00-05:00,long,london,8211.5,8198.560714285713,8237.378571428573,8209.4,expired,-0.31686447695280806
2019-11-08 10:10:00-05:00,2019-11-08 10:40:00-05:00,short,am,8206.7,8225.836428571429,8168.427142857145,8225.836428571429,loss,-1.1045127094919964
2019-11-12 03:05:00-05:00,2019-11-12 04:40:00-05:00,short,london,8256.3,8261.534285714286,8245.831428571426,8245.831428571426,win,1.6179039301310743
2019-11-12 14:20:00-05:00,2019-11-12 16:30:00-05:00,short,pm,8261.5,8288.000714285714,8208.498571428572,8266.0,expired,-0.24527640764400227
2019-11-13 03:15:00-05:00,2019-11-13 03:40:00-05:00,long,london,8251.4,8246.4,8261.4,8246.4,loss,-1.4
2019-11-13 10:10:00-05:00,2019-11-13 12:10:00-05:00,long,am,8253.2,8232.485,8294.630000000001,8272.4,expired,0.8303161959931831
2019-11-14 10:10:00-05:00,2019-11-14 10:55:00-05:00,long,am,8253.8,8232.202142857142,8296.995714285713,8232.202142857142,loss,-1.0926017792770462
2019-11-14 14:05:00-05:00,2019-11-14 14:30:00-05:00,short,pm,8248.8,8254.664285714285,8237.071428571428,8254.664285714285,loss,-1.341047503045058
2019-11-15 03:15:00-05:00,2019-11-15 04:15:00-05:00,short,london,8284.5,8293.594285714285,8266.31142857143,8293.594285714285,loss,-1.2199183160540439
2019-11-15 10:25:00-05:00,2019-11-15 12:25:00-05:00,long,am,8301.4,8283.432142857144,8337.335714285711,8301.5,expired,-0.10574438481413996
2019-11-15 14:25:00-05:00,2019-11-15 14:35:00-05:00,long,pm,8306.0,8301.0,8316.0,8301.0,loss,-1.4
2019-11-18 03:25:00-05:00,2019-11-18 05:25:00-05:00,short,london,8336.2,8349.402857142857,8309.794285714288,8338.2,expired,-0.30296472624974713
2019-11-19 10:25:00-05:00,2019-11-19 10:45:00-05:00,long,am,8337.5,8326.330714285714,8359.838571428572,8326.330714285714,loss,-1.179062480015341
2019-11-21 10:15:00-05:00,2019-11-21 12:15:00-05:00,long,am,8251.0,8240.457142857143,8272.085714285713,8247.3,expired,-0.5406504065041661
2019-11-22 03:25:00-05:00,2019-11-22 05:25:00-05:00,long,london,8300.0,8280.145714285714,8339.708571428571,8296.1,expired,-0.29716505972080576
2019-11-22 10:15:00-05:00,2019-11-22 11:05:00-05:00,short,am,8273.1,8293.962142857143,8231.375714285716,8231.375714285716,win,1.9041325709590142
2019-11-25 10:15:00-05:00,2019-11-25 12:15:00-05:00,long,am,8350.8,8305.72,8440.96,8356.1,expired,0.07320319432123107
2019-11-25 14:20:00-05:00,2019-11-25 15:55:00-05:00,long,pm,8361.0,8356.0,8371.0,8371.0,win,1.6
2019-11-26 03:25:00-05:00,2019-11-26 03:50:00-05:00,long,london,8376.5,8370.160714285714,8389.178571428572,8370.160714285714,loss,-1.3154929577464531
2019-11-27 14:15:00-05:00,2019-11-27 16:00:00-05:00,long,pm,8436.4,8431.4,8446.4,8446.4,win,1.6
2019-11-28 03:25:00-05:00,2019-11-28 05:25:00-05:00,short,london,8425.5,8430.5,8415.5,8427.8,expired,-0.8599999999998544
2019-11-29 03:20:00-05:00,2019-11-29 03:45:00-05:00,short,london,8418.2,8423.2,8408.2,8423.2,loss,-1.4
2019-12-02 03:10:00-05:00,2019-12-02 05:10:00-05:00,long,london,8440.6,8433.544285714284,8454.711428571432,8445.9,expired,0.4677060133628108
2019-12-02 10:10:00-05:00,2019-12-02 12:10:00-05:00,short,am,8326.7,8418.67,8142.760000000002,8313.9,expired,0.11742959660760213
2019-12-03 03:20:00-05:00,2019-12-03 04:45:00-05:00,long,london,8325.6,8318.71642857143,8339.367142857142,8318.71642857143,loss,-1.290546850679708
2019-12-03 10:25:00-05:00,2019-12-03 12:25:00-05:00,long,am,8201.9,8164.897142857143,8275.905714285713,8212.7,expired,0.23781947339977072
2019-12-03 14:25:00-05:00,2019-12-03 15:20:00-05:00,short,pm,8218.9,8238.27142857143,8180.157142857139,8238.27142857143,loss,-1.1032448377581021
2019-12-04 14:15:00-05:00,2019-12-04 16:00:00-05:00,long,pm,8305.9,8294.505714285713,8328.688571428573,8294.505714285713,loss,-1.1755265797392052
2019-12-05 10:15:00-05:00,2019-12-05 12:15:00-05:00,short,am,8282.2,8324.362857142856,8197.87428571429,8288.6,expired,-0.1992274852612311
2019-12-09 14:15:00-05:00,2019-12-09 16:15:00-05:00,short,pm,8374.9,8393.11142857143,8338.477142857138,8351.8,expired,1.1586131157827597
2019-12-10 03:10:00-05:00,2019-12-10 03:50:00-05:00,short,london,8359.7,8370.485714285714,8338.128571428573,8338.128571428573,win,1.8145695364238321
2019-12-10 14:20:00-05:00,2019-12-10 14:35:00-05:00,long,pm,8372.6,8367.547142857142,8382.705714285717,8367.547142857142,loss,-1.3958156629911247
2019-12-11 03:10:00-05:00,2019-12-11 03:55:00-05:00,long,london,8375.0,8356.587142857143,8411.825714285715,8356.587142857143,loss,-1.108619753277988
2019-12-11 10:05:00-05:00,2019-12-11 12:05:00-05:00,long,am,8387.6,8362.18357142857,8438.432857142861,8377.6,expired,-0.47213557035659487
2019-12-11 14:10:00-05:00,2019-12-11 16:10:00-05:00,long,pm,8389.4,8374.007142857143,8420.185714285713,8404.4,expired,0.8445475638051186
2019-12-12 03:10:00-05:00,2019-12-12 04:50:00-05:00,long,london,8417.1,8411.506428571427,8428.287142857147,8428.287142857147,win,1.6424466862470894
2019-12-13 10:10:00-05:00,2019-12-13 12:10:00-05:00,long,am,8491.3,8433.759285714286,8606.381428571425,8490.1,expired,-0.055612795908469466
2019-12-17 10:15:00-05:00,2019-12-17 12:15:00-05:00,long,am,8580.8,8572.937857142857,8596.524285714284,8583.8,expired,0.1271917870446167
2019-12-18 03:25:00-05:00,2019-12-18 05:25:00-05:00,long,london,8585.0,8574.035,8606.93,8590.1,expired,0.2827177382581234
2019-12-19 03:25:00-05:00,2019-12-19 03:40:00-05:00,long,london,8598.2,8593.2,8608.2,8593.2,loss,-1.4
2019-12-20 14:10:00-05:00,2019-12-20 15:45:00-05:00,short,pm,8687.9,8695.253571428571,8673.192857142856,8673.192857142856,win,1.7280233122875297
2019-12-23 14:25:00-05:00,2019-12-23 15:20:00-05:00,long,pm,8708.9,8703.9,8718.9,8703.9,loss,-1.4
2019-12-24 03:25:00-05:00,2019-12-24 04:15:00-05:00,short,london,8704.8,8709.8,8694.8,8709.8,loss,-1.4
2019-12-27 10:05:00-05:00,2019-12-27 12:05:00-05:00,short,am,8773.3,8818.14,8683.619999999999,8783.8,expired,-0.27876895628902676
2019-12-30 03:10:00-05:00,2019-12-30 04:50:00-05:00,long,london,8778.7,8773.7,8788.7,8773.7,loss,-1.4
2019-12-31 03:20:00-05:00,2019-12-31 03:30:00-05:00,short,london,8718.8,8723.859285714287,8708.681428571424,8723.859285714287,loss,-1.3953127205984848
2019-12-31 10:10:00-05:00,2019-12-31 12:10:00-05:00,short,am,8707.2,8729.217857142858,8663.164285714287,8698.9,expired,0.2861313868613668
2019-12-31 14:20:00-05:00,2019-12-31 14:35:00-05:00,short,pm,8708.7,8713.7,8698.7,8713.7,loss,-1.4
2020-01-02 03:20:00-05:00,2020-01-02 03:50:00-05:00,long,london,8778.3,8773.3,8788.3,8788.3,win,1.6
2020-01-02 10:25:00-05:00,2020-01-02 12:25:00-05:00,short,am,8799.5,8835.019285714285,8728.46142857143,8815.5,expired,-0.5067669475335475
2020-01-02 14:10:00-05:00,2020-01-02 15:45:00-05:00,long,pm,8828.4,8816.026428571427,8853.147142857144,8853.147142857144,win,1.8383651792414806
2020-01-06 14:20:00-05:00,2020-01-06 16:30:00-05:00,long,pm,8827.7,8809.954285714286,8863.19142857143,8837.4,expired,0.43390758331984436
2020-01-07 10:25:00-05:00,2020-01-07 12:25:00-05:00,long,am,8841.6,8818.03357142857,8888.73285714286,8861.6,expired,0.7637983814748072
2020-01-07 14:25:00-05:00,2020-01-07 16:30:00-05:00,short,pm,8855.2,8870.192857142858,8825.214285714286,8825.214285714286,win,1.8666031443544555
2020-01-13 03:15:00-05:00,2020-01-13 04:55:00-05:00,long,london,8999.2,8992.927142857143,9011.745714285717,9011.745714285717,win,1.6811660214074629
2020-01-13 10:05:00-05:00,2020-01-13 12:05:00-05:00,long,am,9017.5,8990.410714285716,9071.678571428569,9047.3,expired,1.0262359920896729
2020-01-13 14:15:00-05:00,2020-01-13 15:55:00-05:00,long,pm,9056.7,9048.363571428572,9073.372857142858,9073.372857142858,win,1.760089109759238
2020-01-14 03:10:00-05:00,2020-01-14 04:50:00-05:00,short,london,9056.0,9077.362142857142,9013.275714285715,9077.362142857142,loss,-1.093623566389142
2020-01-14 10:20:00-05:00,2020-01-14 12:20:00-05:00,long,am,9049.6,9022.047142857142,9104.705714285717,9068.4,expired,0.6097371286358111
2020-01-15 03:10:00-05:00,2020-01-15 03:35:00-05:00,long,london,9032.3,9027.3,9042.3,9042.3,win,1.6
2020-01-16 03:10:00-05:00,2020-01-16 03:30:00-05:00,long,london,9076.4,9066.944285714286,9095.311428571427,9095.311428571427,win,1.7884876869617667
2020-01-16 14:25:00-05:00,2020-01-16 16:35:00-05:00,long,pm,9096.9,9079.036428571428,9132.627142857144,9126.0,expired,1.5170538606101558
2020-01-17 03:05:00-05:00,2020-01-17 03:35:00-05:00,long,london,9135.1,9129.873571428572,9145.552857142857,9145.552857142857,win,1.6173295066283715
2020-01-21 10:25:00-05:00,2020-01-21 11:10:00-05:00,short,am,9164.3,9174.520714285714,9143.85857142857,9174.520714285714,loss,-1.1956810399049398
2020-01-22 03:05:00-05:00,2020-01-22 04:00:00-05:00,short,london,9222.4,9227.4,9212.4,9212.4,win,1.6
2020-01-22 14:05:00-05:00,2020-01-22 15:05:00-05:00,short,pm,9227.1,9238.872857142856,9203.554285714288,9203.554285714288,win,1.830117704162101
2020-01-23 10:20:00-05:00,2020-01-23 12:20:00-05:00,long,am,9187.4,9142.345714285715,9277.508571428569,9196.0,expired,0.14648994863340647
2020-01-27 14:20:00-05:00,2020-01-27 14:45:00-05:00,long,pm,8989.3,8974.875714285716,9018.148571428566,8974.875714285716,loss,-1.138655046053304
2020-01-29 10:10:00-05:00,2020-01-29 12:10:00-05:00,short,am,9081.6,9154.892857142859,8935.014285714284,9127.8,expired,-0.6576357080206352
2020-01-29 14:10:00-05:00,2020-01-29 15:15:00-05:00,long,pm,9140.7,9116.037142857142,9190.025714285719,9116.037142857142,loss,-1.0810936051899842
2020-01-30 03:15:00-05:00,2020-01-30 04:05:00-05:00,long,london,9013.3,8996.993571428573,9045.912857142852,9045.912857142852,win,1.8773489859389203
2020-01-30 10:25:00-05:00,2020-01-30 12:25:00-05:00,short,am,9078.3,9111.059285714286,9012.781428571427,9050.7,expired,0.7814578200291589
2020-01-31 14:10:00-05:00,2020-01-31 15:15:00-05:00,long,pm,9023.7,8989.695714285715,9091.708571428571,8989.695714285715,loss,-1.0588161156156795
2020-02-03 10:05:00-05:00,2020-02-03 12:05:00-05:00,long,am,9122.2,9030.437142857143,9305.725714285716,9112.0,expired,-0.13295139645671233
2020-02-05 03:15:00-05:00,2020-02-05 03:30:00-05:00,long,london,9336.9,9324.545,9361.609999999999,9361.609999999999,win,1.8381222177256114
2020-02-05 14:15:00-05:00,2020-02-05 14:35:00-05:00,short,pm,9347.8,9357.894285714287,9327.611428571425,9357.894285714287,loss,-1.1981318992357468
2020-02-06 14:25:00-05:00,2020-02-06 15:20:00-05:00,short,pm,9434.7,9442.039285714285,9420.021428571432,9420.021428571432,win,1.7274939172748909
2020-02-07 10:05:00-05:00,2020-02-07 10:30:00-05:00,short,am,9394.2,9417.503571428571,9347.59285714286,9417.503571428571,loss,-1.0858237547892748
2020-02-11 14:10:00-05:00,2020-02-11 16:10:00-05:00,short,pm,9536.6,9585.921428571428,9437.957142857145,9520.4,expired,0.28790731354093324
2020-02-18 03:20:00-05:00,2020-02-18 05:20:00-05:00,long,london,9546.2,9528.918571428572,9580.762857142858,9552.1,expired,0.2256757873852823
2020-02-19 10:25:00-05:00,2020-02-19 12:25:00-05:00,long,am,9709.2,9673.295714285716,9781.00857142857,9725.8,expired,0.40663669279430253
2020-02-24 03:15:00-05:00,2020-02-24 04:25:00-05:00,short,london,9227.9,9276.472142857143,9130.755714285713,9130.755714285713,win,1.9588241349391924
2020-02-24 14:15:00-05:00,2020-02-24 14:25:00-05:00,short,pm,9079.4,9110.124285714286,9017.951428571427,9110.124285714286,loss,-1.0650950853210568
2020-03-03 03:05:00-05:00,2020-03-03 03:10:00-05:00,long,london,8793.9,8772.42857142857,8836.842857142858,8836.842857142858,win,1.906852960745178
2020-03-03 10:10:00-05:00,2020-03-03 11:20:00-05:00,long,am,8862.7,8736.97,9114.160000000003,8736.97,loss,-1.0159071025212756
2020-03-03 14:10:00-05:00,2020-03-03 16:10:00-05:00,short,pm,8579.1,8745.44,8246.42,8579.9,expired,-0.016832992665620234
2020-03-06 10:05:00-05:00,2020-03-06 12:05:00-05:00,long,am,8409.1,8307.743571428571,8611.812857142859,8401.0,expired,-0.09964834142594677
2020-03-09 10:20:00-04:00,2020-03-09 12:20:00-04:00,long,am,8077.0,7811.411428571429,8608.177142857143,8171.2,expired,0.347153491974697
2020-03-09 14:25:00-04:00,2020-03-09 14:40:00-04:00,long,pm,7990.7,7953.464285714285,8065.171428571429,7953.464285714285,loss,-1.0537118741607516
2020-03-12 03:20:00-04:00,2020-03-12 03:25:00-04:00,long,london,7693.3,7657.012142857143,7765.875714285715,7657.012142857143,loss,-1.0551148554219236
2020-03-12 10:05:00-04:00,2020-03-12 12:05:00-04:00,long,am,7452.6,7320.437857142857,7716.924285714287,7339.5,expired,-0.8708999227139814
2020-03-13 10:10:00-04:00,2020-03-13 10:55:00-04:00,long,am,7523.0,7458.11,7652.780000000001,7458.11,loss,-1.0308213900446908
2020-03-16 10:05:00-04:00,2020-03-16 12:05:00-04:00,short,am,7270.7,7915.9628571428575,5980.174285714284,7479.1,expired,-0.3260686674754923
2020-03-17 10:15:00-04:00,2020-03-17 10:45:00-04:00,long,am,7035.9,6936.779285714285,7234.141428571429,7234.141428571429,win,1.9798225828535192
2020-03-23 14:05:00-04:00,2020-03-23 16:05:00-04:00,short,pm,6960.3,7148.908571428572,6583.0828571428565,6966.8,expired,-0.045066880765909645
2020-03-25 14:10:00-04:00,2020-03-25 15:50:00-04:00,short,pm,7672.1,7764.119285714286,7488.061428571429,7488.061428571429,win,1.9782654257259735
2020-03-26 03:05:00-04:00,2020-03-26 03:30:00-04:00,short,london,7392.5,7418.79,7339.92,7339.92,win,1.9239254469379992
2020-03-30 03:20:00-04:00,2020-03-30 05:20:00-04:00,short,london,7561.6,7643.842142857143,7397.1157142857155,7606.3,expired,-0.5678353989525712
2020-03-30 10:10:00-04:00,2020-03-30 12:10:00-04:00,long,am,7712.3,7626.039285714286,7884.821428571428,7791.1,expired,0.890324183331267
2020-03-31 10:25:00-04:00,2020-03-31 12:25:00-04:00,long,am,7950.6,7791.545714285715,8268.708571428571,7870.0,expired,-0.5193195494799651
2020-04-02 03:25:00-04:00,2020-04-02 05:25:00-04:00,long,london,7566.2,7523.432142857143,7651.735714285714,7557.3,expired,-0.25486430062629783
2020-04-02 10:15:00-04:00,2020-04-02 12:15:00-04:00,long,am,7500.1,7370.8321428571435,7758.635714285714,7598.6,expired,0.7465119491642507
2020-04-02 14:10:00-04:00,2020-04-02 15:20:00-04:00,short,pm,7483.1,7568.862857142857,7311.574285714287,7568.862857142857,loss,-1.0233201185994605
2020-04-03 03:25:00-04:00,2020-04-03 05:25:00-04:00,short,london,7536.2,7574.812142857143,7458.975714285713,7528.1,expired,0.1579813900142286
2020-04-16 03:20:00-04:00,2020-04-16 05:20:00-04:00,short,london,8673.1,8705.990714285714,8607.318571428574,8658.5,expired,0.3830868460486247
2020-04-16 14:20:00-04:00,2020-04-16 15:35:00-04:00,long,pm,8679.4,8648.932857142856,8740.334285714287,8740.334285714287,win,1.9343555117925653
2020-04-17 14:10:00-04:00,2020-04-17 15:30:00-04:00,short,pm,8735.6,8773.55357142857,8659.69285714286,8773.55357142857,loss,-1.0526959631128274
2020-04-20 03:20:00-04:00,2020-04-20 05:20:00-04:00,short,london,8765.7,8802.04642857143,8693.007142857143,8775.2,expired,-0.31639972486980084
2020-04-21 14:15:00-04:00,2020-04-21 15:05:00-04:00,long,pm,8484.6,8420.06,8613.680000000002,8420.06,loss,-1.03098853424233
2020-05-01 10:10:00-04:00,2020-05-01 11:30:00-04:00,long,am,8858.5,8787.522142857144,9000.455714285712,8787.522142857144,loss,-1.02817780193018
2020-05-04 03:25:00-04:00,2020-05-04 05:25:00-04:00,short,london,8671.0,8708.479285714286,8596.041428571429,8631.0,expired,1.0138933887290138
2020-05-04 10:10:00-04:00,2020-05-04 12:10:00-04:00,long,am,8746.6,8660.13,8919.540000000003,8766.3,expired,0.2046952700358352
2020-05-04 14:20:00-04:00,2020-05-04 15:55:00-04:00,long,pm,8756.7,8716.267857142857,8837.564285714288,8837.564285714288,win,1.950534405087891
2020-05-06 10:15:00-04:00,2020-05-06 10:45:00-04:00,short,am,8975.5,9040.82142857143,8844.857142857141,9040.82142857143,loss,-1.030617823947512
2020-05-06 14:20:00-04:00,2020-05-06 15:35:00-04:00,short,pm,9042.7,9067.496428571429,8993.107142857145,8993.107142857145,win,1.919343223390463
2020-05-07 03:25:00-04:00,2020-05-07 05:25:00-04:00,long,london,9081.9,9034.204285714284,9177.29142857143,9091.2,expired,0.15305358373021358
2020-05-08 10:25:00-04:00,2020-05-08 12:25:00-04:00,long,am,9178.3,9120.95642857143,9292.987142857139,9209.6,expired,0.51095526961551
2020-05-11 10:10:00-04:00,2020-05-11 12:10:00-04:00,long,am,9236.1,9146.092142857144,9416.115714285714,9266.4,expired,0.3144169953416701
2020-05-11 14:10:00-04:00,2020-05-11 14:50:00-04:00,short,pm,9308.9,9330.292857142857,9266.114285714286,9330.292857142857,loss,-1.0934891485809695
2020-05-12 03:25:00-04:00,2020-05-12 05:25:00-04:00,long,london,9285.6,9237.337142857143,9382.125714285716,9277.2,expired,-0.21548662088561638
2020-05-12 14:20:00-04:00,2020-05-12 15:15:00-04:00,short,pm,9282.0,9302.531428571428,9240.937142857143,9240.937142857143,win,1.9025883662677423
2020-05-13 03:20:00-04:00,2020-05-13 05:20:00-04:00,short,london,9111.1,9136.874285714284,9059.551428571433,9125.2,expired,-0.6246535860769895
2020-05-13 10:10:00-04:00,2020-05-13 11:40:00-04:00,long,am,9154.7,9047.557857142858,9368.984285714287,9047.557857142858,loss,-1.0186667911119407
2020-05-13 14:20:00-04:00,2020-05-13 14:55:00-04:00,long,pm,8955.1,8911.025714285714,9043.248571428574,8911.025714285714,loss,-1.0453779333592625
2020-05-14 03:25:00-04:00,2020-05-14 05:25:00-04:00,long,london,9017.3,8954.709285714285,9142.481428571427,9027.2,expired,0.1262168053225841
2020-05-14 14:10:00-04:00,2020-05-14 15:05:00-04:00,short,pm,8980.6,9018.783571428572,8904.232857142857,9018.783571428572,loss,-1.0523785472435787
2020-05-15 03:10:00-04:00,2020-05-15 05:10:00-04:00,long,london,9128.4,9085.060000000001,9215.079999999996,9129.1,expired,-0.029995385325318934
2020-05-19 10:25:00-04:00,2020-05-19 12:25:00-04:00,long,am,9374.3,9317.58,9487.739999999998,9386.9,expired,0.1868829337094585
2020-05-20 03:10:00-04:00,2020-05-20 05:10:00-04:00,long,london,9351.5,9323.197857142857,9408.104285714286,9388.0,expired,1.218988971052168
2020-05-20 10:05:00-04:00,2020-05-20 12:05:00-04:00,long,am,9458.7,9398.757857142857,9578.584285714289,9477.5,expired,0.2802702606084261
2020-05-21 03:10:00-04:00,2020-05-21 03:30:00-04:00,short,london,9430.4,9450.463571428572,9390.272857142854,9450.463571428572,loss,-1.0996831499875332
2020-05-21 10:10:00-04:00,2020-05-21 12:10:00-04:00,short,am,9452.1,9514.430714285714,9327.438571428573,9434.9,expired,0.2438605136197606
2020-05-22 03:20:00-04:00,2020-05-22 05:15:00-04:00,short,london,9264.6,9308.732142857143,9176.335714285715,9308.732142857143,loss,-1.0453184429877802
2020-05-22 10:20:00-04:00,2020-05-22 12:20:00-04:00,short,am,9370.9,9403.377857142856,9305.944285714288,9374.1,expired,-0.16010908531089912
2020-05-22 14:15:00-04:00,2020-05-22 15:20:00-04:00,long,pm,9407.6,9385.274285714286,9452.25142857143,9385.274285714286,loss,-1.0895828001023788
2020-05-25 03:10:00-04:00,2020-05-25 04:40:00-04:00,short,london,9464.5,9477.062857142857,9439.374285714286,9477.062857142857,loss,-1.1591994541733024
2020-05-27 03:15:00-04:00,2020-05-27 03:35:00-04:00,long,london,9463.7,9455.093571428572,9480.91285714286,9480.91285714286,win,1.7676155697568434
2020-05-27 10:20:00-04:00,2020-05-27 10:35:00-04:00,long,am,9288.3,9260.285714285714,9344.32857142857,9260.285714285714,loss,-1.0713921468638454
2020-05-27 14:20:00-04:00,2020-05-27 16:30:00-04:00,long,pm,9368.8,9310.824999999999,9484.75,9448.6,expired,1.3419577404053575
2020-05-28 10:15:00-04:00,2020-05-28 12:15:00-04:00,long,am,9457.0,9360.886428571428,9649.227142857144,9523.1,expired,0.6669193439309152
2020-05-28 14:15:00-04:00,2020-05-28 15:15:00-04:00,short,pm,9542.2,9568.887142857142,9488.825714285718,9488.825714285718,win,1.9250575450992942
2020-05-29 10:05:00-04:00,2020-05-29 10:10:00-04:00,short,am,9460.7,9486.019285714287,9410.06142857143,9410.06142857143,win,1.9210088300843515
2020-06-02 10:10:00-04:00,2020-06-02 10:45:00-04:00,long,am,9587.0,9560.410714285714,9640.178571428572,9560.410714285714,loss,-1.075218267293484
2020-06-02 14:25:00-04:00,2020-06-02 14:30:00-04:00,long,pm,9607.9,9592.206428571428,9639.287142857143,9592.206428571428,loss,-1.1274407173091765
2020-06-03 14:10:00-04:00,2020-06-03 16:10:00-04:00,long,pm,9696.1,9666.641428571429,9755.017142857143,9686.7,expired,-0.3869841423791174
2020-06-08 03:10:00-04:00,2020-06-08 05:10:00-04:00,short,london,9816.2,9844.960714285715,9758.678571428572,9831.5,expired,-0.601514963367667
2020-06-08 10:10:00-04:00,2020-06-08 12:10:00-04:00,short,am,9767.9,9831.67,9640.359999999999,9795.5,expired,-0.46416810412419884
2020-06-11 03:25:00-04:00,2020-06-11 05:25:00-04:00,short,london,9971.0,10011.016428571429,9890.967142857142,9963.3,expired,0.14244149724222055
2020-06-12 03:25:00-04:00,2020-06-12 05:25:00-04:00,long,london,9718.8,9660.932142857144,9834.53571428571,9767.0,expired,0.7983706720977959
2020-06-12 10:20:00-04:00,2020-06-12 10:50:00-04:00,short,am,9792.2,9851.048571428571,9674.50285714286,9674.50285714286,win,1.9660144681264258
2020-06-16 14:20:00-04:00,2020-06-16 15:05:00-04:00,long,pm,9942.1,9916.307857142858,9993.684285714286,9916.307857142858,loss,-1.0775429948212365
2020-06-19 10:05:00-04:00,2020-06-19 10:45:00-04:00,short,am,10109.8,10124.221428571429,10080.95714285714,10080.95714285714,win,1.8613174839029332
2020-06-23 03:25:00-04:00,2020-06-23 05:25:00-04:00,long,london,10174.1,10130.379285714285,10261.54142857143,10187.6,expired,0.2630332140698216
2020-06-23 14:10:00-04:00,2020-06-23 15:30:00-04:00,short,pm,10278.6,10307.93,10219.94,10219.94,win,1.9318104330037502
2020-06-24 10:10:00-04:00,2020-06-24 12:10:00-04:00,short,am,10123.0,10233.892142857143,9901.215714285714,9964.9,expired,1.4076741235048231
2020-06-25 03:25:00-04:00,2020-06-25 04:20:00-04:00,short,london,9940.8,10014.950714285715,9792.498571428569,10014.950714285715,loss,-1.026972093516101
2020-06-26 03:25:00-04:00,2020-06-26 05:25:00-04:00,short,london,10066.3,10098.855,10001.189999999999,10090.5,expired,-0.8047918906466133
2020-06-26 10:25:00-04:00,2020-06-26 12:25:00-04:00,short,am,9941.6,10095.547857142858,9633.704285714286,9924.9,expired,0.09548687635424338
2020-06-29 10:05:00-04:00,2020-06-29 12:00:00-04:00,long,am,9802.3,9738.689285714287,9929.521428571425,9929.521428571425,win,1.9685587558250512
2020-06-30 03:15:00-04:00,2020-06-30 05:15:00-04:00,short,london,9985.3,10014.50857142857,9926.882857142857,9971.5,expired,0.4039910006847073
2020-06-30 10:25:00-04:00,2020-06-30 12:25:00-04:00,long,am,10032.6,9951.79,10194.22,10099.0,expired,0.7969310728870195
2020-07-06 10:05:00-04:00,2020-07-06 12:05:00-04:00,long,am,10524.5,10469.755000000001,10633.989999999998,10586.4,expired,1.0941638505799753
2020-07-09 10:25:00-04:00,2020-07-09 10:40:00-04:00,short,am,10728.5,10754.867142857143,10675.765714285713,10675.765714285713,win,1.9241480197215162
2020-07-13 03:15:00-04:00,2020-07-13 05:15:00-04:00,short,london,10898.7,10914.542142857143,10867.015714285717,10899.1,expired,-0.1514946571080616
2020-07-13 14:15:00-04:00,2020-07-13 15:30:00-04:00,short,pm,10904.3,11025.073571428571,10662.752857142856,10662.752857142856,win,1.9834400856384142
2020-07-14 14:25:00-04:00,2020-07-14 15:15:00-04:00,long,pm,10622.2,10547.559285714286,10771.481428571431,10547.559285714286,loss,-1.0267950276084479
2020-07-15 03:15:00-04:00,2020-07-15 05:15:00-04:00,short,london,10694.8,10720.502857142857,10643.394285714283,10695.6,expired,-0.10893730546913538
2020-07-15 14:15:00-04:00,2020-07-15 15:15:00-04:00,long,pm,10696.2,10638.822857142857,10810.954285714288,10638.822857142857,loss,-1.0348570859476143
2020-07-16 10:10:00-04:00,2020-07-16 12:10:00-04:00,short,am,10547.0,10611.209285714285,10418.58142857143,10550.2,expired,-0.08098517125917563
2020-07-17 14:20:00-04:00,2020-07-17 16:35:00-04:00,long,pm,10641.3,10603.277142857143,10717.345714285711,10634.3,expired,-0.23669972948603005
2020-07-21 10:25:00-04:00,2020-07-21 10:40:00-04:00,long,am,10907.0,10877.535714285714,10965.928571428572,10877.535714285714,loss,-1.0678787878787868
2020-07-21 14:15:00-04:00,2020-07-21 15:10:00-04:00,long,pm,10916.7,10836.541428571429,11077.017142857145,10836.541428571429,loss,-1.0249505444565234
2020-07-22 03:05:00-04:00,2020-07-22 03:35:00-04:00,long,london,10866.8,10849.93,10900.539999999997,10849.93,loss,-1.118553645524607
2020-07-23 10:25:00-04:00,2020-07-23 12:25:00-04:00,short,am,10822.1,10881.047857142858,10704.204285714286,10723.4,expired,1.6404328280441667
2020-07-24 14:15:00-04:00,2020-07-24 16:15:00-04:00,long,pm,10491.1,10388.795,10695.710000000001,10465.8,expired,-0.26684912760863116
2020-07-27 14:15:00-04:00,2020-07-27 16:15:00-04:00,long,pm,10630.8,10602.112142857144,10688.17571428571,10680.7,expired,1.6696959888456222
2020-07-28 03:05:00-04:00,2020-07-28 03:35:00-04:00,short,london,10711.1,10724.305714285714,10684.688571428573,10684.688571428573,win,1.8485504110774504
2020-07-28 14:10:00-04:00,2020-07-28 15:05:00-04:00,short,pm,10633.3,10658.004285714285,10583.891428571427,10583.891428571427,win,1.9190423870930444
2020-07-29 03:15:00-04:00,2020-07-29 05:15:00-04:00,long,london,10586.6,10550.375,10659.050000000001,10585.3,expired,-0.09109730848864205
2020-07-29 10:10:00-04:00,2020-07-29 12:10:00-04:00,long,am,10626.3,10577.374285714286,10724.151428571426,10605.9,expired,-0.4578369539827172
2020-07-31 10:25:00-04:00,2020-07-31 12:25:00-04:00,short,am,10765.2,10915.875714285714,10463.848571428574,10770.4,expired,-0.04778474111857321
2020-07-31 14:15:00-04:00,2020-07-31 14:40:00-04:00,short,pm,10732.8,10780.087142857143,10638.225714285712,10780.087142857143,loss,-1.0422947947191923
2020-08-04 03:20:00-04:00,2020-08-04 03:45:00-04:00,short,london,11079.7,11098.376428571428,11042.347142857147,11042.347142857147,win,1.8929131449114536
2020-08-06 10:05:00-04:00,2020-08-06 12:05:00-04:00,long,am,11114.5,11079.121428571429,11185.257142857143,11147.6,expired,0.8790631940238355
2020-08-07 10:25:00-04:00,2020-08-07 10:50:00-04:00,short,am,11231.4,11255.853571428572,11182.492857142855,11255.853571428572,loss,-1.0817876442237453
2020-08-10 03:10:00-04:00,2020-08-10 05:10:00-04:00,short,london,11118.4,11134.067142857142,11087.065714285714,11124.6,expired,-0.5233883468588129
2020-08-11 10:15:00-04:00,2020-08-11 11:05:00-04:00,short,am,10991.7,11048.84857142857,10877.40285714286,11048.84857142857,loss,-1.034996500349966
2020-08-12 03:25:00-04:00,2020-08-12 05:25:00-04:00,long,london,10958.5,10939.172857142858,10997.154285714285,10982.6,expired,1.1434695838569422
2020-08-12 14:05:00-04:00,2020-08-12 16:05:00-04:00,long,pm,11170.6,11115.877142857142,11280.045714285718,11127.5,expired,-0.8241528742233435
2020-08-13 03:25:00-04:00,2020-08-13 04:15:00-04:00,long,london,11128.2,11099.992857142857,11184.614285714288,11099.992857142857,loss,-1.0709040263357796
2020-08-14 03:15:00-04:00,2020-08-14 05:15:00-04:00,short,london,11199.7,11238.835,11121.430000000004,11163.2,expired,0.8815638175546547
2020-08-17 03:10:00-04:00,2020-08-17 05:10:00-04:00,long,london,11190.7,11178.965,11214.170000000002,11203.7,expired,0.9373668512994847
2020-08-17 10:05:00-04:00,2020-08-17 12:05:00-04:00,long,am,11266.4,11226.214285714286,11346.771428571426,11258.2,expired,-0.2538215428368074
2020-08-17 14:20:00-04:00,2020-08-17 16:35:00-04:00,long,pm,11288.1,11273.453571428572,11317.392857142857,11293.0,expired,0.19800048768590964
2020-08-18 10:15:00-04:00,2020-08-18 12:15:00-04:00,short,am,11333.5,11387.757857142857,11224.984285714287,11370.7,expired,-0.7224760074248826
2020-08-19 14:25:00-04:00,2020-08-19 16:40:00-04:00,short,pm,11360.9,11435.520714285714,11211.65857142857,11322.7,expired,0.4851199877475441
2020-08-21 03:25:00-04:00,2020-08-21 05:25:00-04:00,short,london,11477.7,11508.212142857143,11416.675714285717,11484.8,expired,-0.29824191773763
2020-08-27 10:15:00-04:00,2020-08-27 11:45:00-04:00,short,am,11969.4,12044.726428571428,11818.747142857143,12044.726428571428,loss,-1.0265511061380468
2020-08-28 03:20:00-04:00,2020-08-28 05:20:00-04:00,short,london,11958.1,12001.665714285715,11870.968571428572,11950.0,expired,0.14001836306401633
2020-08-28 10:05:00-04:00,2020-08-28 12:05:00-04:00,long,am,11992.8,11947.692142857142,12083.015714285713,12000.4,expired,0.12414688603506721
2020-09-01 10:10:00-04:00,2020-09-01 12:10:00-04:00,long,am,12210.7,12124.099999999999,12383.900000000005,12252.9,expired,0.46420323325632673
2020-09-03 03:15:00-04:00,2020-09-03 03:30:00-04:00,long,london,12369.8,12350.769999999999,12407.86,12407.86,win,1.894902785076199
2020-09-07 03:15:00-04:00,2020-09-07 05:15:00-04:00,long,london,11405.8,11369.337857142858,11478.724285714281,11447.1,expired,1.0778302348816686
2020-09-09 03:10:00-04:00,2020-09-09 05:10:00-04:00,long,london,11130.4,11058.615,11273.97,11245.1,expired,1.5699658703071806
2020-09-09 10:05:00-04:00,2020-09-09 11:00:00-04:00,long,am,11259.5,11187.455,11403.59,11403.59,win,1.9722395724894164
2020-09-09 14:05:00-04:00,2020-09-09 16:05:00-04:00,short,pm,11395.2,11482.569285714286,11220.46142857143,11393.2,expired,0.0
2020-09-10 10:10:00-04:00,2020-09-10 10:45:00-04:00,long,am,11538.1,11454.377857142857,11705.544285714286,11454.377857142857,loss,-1.0238885428842002
2020-09-11 10:05:00-04:00,2020-09-11 12:05:00-04:00,short,am,11166.4,11284.69142857143,10929.817142857139,11134.0,expired,0.2569924158253152
2020-09-11 14:20:00-04:00,2020-09-11 16:35:00-04:00,long,pm,11011.5,10937.471428571429,11159.557142857142,11072.6,expired,0.7983404091084618
2020-09-14 14:15:00-04:00,2020-09-14 16:15:00-04:00,long,pm,11267.2,11185.359999999999,11430.880000000005,11279.8,expired,0.1295210166177699
2020-09-16 10:25:00-04:00,2020-09-16 12:25:00-04:00,short,am,11429.0,11493.48142857143,11300.037142857142,11389.7,expired,0.5784611294503231
2020-09-16 14:25:00-04:00,2020-09-16 15:10:00-04:00,long,pm,11401.5,11319.585,11565.330000000002,11319.585,loss,-1.0244155527070742
2020-09-17 03:20:00-04:00,2020-09-17 05:20:00-04:00,long,london,11075.0,11013.191428571428,11198.617142857143,11153.9,expired,1.244164008690416
2020-09-18 10:10:00-04:00,2020-09-18 10:30:00-04:00,long,am,11088.8,11032.232857142857,11201.934285714284,11032.232857142857,loss,-1.0353562138545853
2020-09-22 03:20:00-04:00,2020-09-22 03:55:00-04:00,short,london,10941.7,10965.188571428573,10894.722857142857,10965.188571428573,loss,-1.085147792239385
2020-09-24 03:15:00-04:00,2020-09-24 05:15:00-04:00,long,london,10781.6,10736.512142857144,10871.775714285714,10790.6,expired,0.15525244364178065
2020-09-24 10:10:00-04:00,2020-09-24 12:10:00-04:00,long,am,10909.5,10683.185714285713,11362.128571428573,10970.8,expired,0.2620249968438286
2020-09-24 14:25:00-04:00,2020-09-24 16:40:00-04:00,short,pm,10936.0,11029.906428571428,10748.187142857143,10911.3,expired,0.24172998957930045
2020-09-25 03:10:00-04:00,2020-09-25 03:50:00-04:00,short,london,10922.2,10939.6,10887.400000000001,10887.400000000001,win,1.8850574712643655
2020-09-29 03:20:00-04:00,2020-09-29 05:20:00-04:00,short,london,11377.0,11422.927142857143,11285.145714285714,11372.1,expired,0.06314348813337106
2020-09-30 03:15:00-04:00,2020-09-30 05:15:00-04:00,long,london,11249.6,11186.66857142857,11375.46285714286,11228.3,expired,-0.3702442567874424
2020-09-30 10:05:00-04:00,2020-09-30 12:05:00-04:00,long,am,11421.1,11317.69,11627.92,11506.5,expired,0.8064984044096292
2020-09-30 14:15:00-04:00,2020-09-30 14:40:00-04:00,long,pm,11510.9,11434.924285714285,11662.851428571428,11434.924285714285,loss,-1.0263242013425342
2020-10-02 14:10:00-04:00,2020-10-02 14:40:00-04:00,long,pm,11331.3,11274.082142857143,11445.73571428571,11274.082142857143,loss,-1.0349541227139387
2020-10-05 03:20:00-04:00,2020-10-05 05:20:00-04:00,short,london,11322.5,11356.30357142857,11254.892857142859,11341.9,expired,-0.6330692023243567
2020-10-05 10:20:00-04:00,2020-10-05 12:20:00-04:00,long,am,11415.9,11333.806428571428,11580.087142857143,11459.9,expired,0.5116113146148553
2020-10-08 14:05:00-04:00,2020-10-08 16:05:00-04:00,short,pm,11537.5,11557.767142857143,11496.965714285714,11550.0,expired,-0.7154437160780956
2020-10-09 03:25:00-04:00,2020-10-09 05:25:00-04:00,long,london,11577.1,11564.277857142857,11602.744285714287,11586.4,expired,0.5693276140604233
2020-10-12 03:25:00-04:00,2020-10-12 03:55:00-04:00,long,london,11791.8,11784.341428571428,11806.717142857142,11806.717142857142,win,1.7318521356062013
2020-10-13 14:05:00-04:00,2020-10-13 15:35:00-04:00,short,pm,12059.0,12151.860714285714,11873.278571428571,12151.860714285714,loss,-1.021537633167955
2020-10-14 14:15:00-04:00,2020-10-14 16:15:00-04:00,long,pm,11992.1,11915.200714285715,12145.898571428572,11981.9,expired,-0.15864906789029265
2020-10-15 03:10:00-04:00,2020-10-15 04:20:00-04:00,short,london,11876.3,11907.627857142856,11813.644285714287,11813.644285714287,win,1.9361590551540147
2020-10-15 10:15:00-04:00,2020-10-15 12:15:00-04:00,short,am,11847.8,11895.702142857142,11751.995714285713,11822.7,expired,0.4822331240773263
2020-10-15 14:10:00-04:00,2020-10-15 16:10:00-04:00,long,pm,11855.1,11793.463571428572,11978.372857142856,11887.2,expired,0.4883475681125595
2020-10-19 10:15:00-04:00,2020-10-19 12:15:00-04:00,short,am,11855.9,11965.792142857143,11636.115714285714,11777.4,expired,0.6961371214632522
2020-10-20 10:15:00-04:00,2020-10-20 11:00:00-04:00,long,am,11722.7,11642.297142857144,11883.505714285715,11642.297142857144,loss,-1.0248747379268683
2020-10-20 14:10:00-04:00,2020-10-20 14:50:00-04:00,short,pm,11782.0,11806.012142857144,11733.975714285712,11733.975714285712,win,1.9167088080435526
2020-10-23 10:10:00-04:00,2020-10-23 12:10:00-04:00,short,am,11620.1,11695.947857142857,11468.404285714287,11606.9,expired,0.14766402666994158
2020-10-27 10:25:00-04:00,2020-10-27 11:10:00-04:00,short,am,11524.2,11592.445714285715,11387.708571428571,11592.445714285715,loss,-1.0293058695470148
2020-10-28 03:15:00-04:00,2020-10-28 04:15:00-04:00,short,london,11537.3,11574.470000000001,11462.959999999995,11462.959999999995,win,1.9461931665321524
2020-10-28 14:20:00-04:00,2020-10-28 14:50:00-04:00,short,pm,11241.4,11260.835714285713,11202.528571428573,11202.528571428573,win,1.8970966556413036
2020-10-29 03:10:00-04:00,2020-10-29 05:10:00-04:00,short,london,11269.0,11307.435714285713,11192.128571428573,11274.2,expired,-0.1873257758781128
2020-11-03 14:25:00-05:00,2020-11-03 15:35:00-05:00,long,pm,11259.7,11227.005714285715,11325.088571428572,11325.088571428572,win,1.9388272306213408
2020-11-06 03:15:00-05:00,2020-11-06 04:00:00-05:00,long,london,12012.4,11955.347142857143,12126.505714285713,11955.347142857143,loss,-1.0350552119588354
2020-11-09 10:25:00-05:00,2020-11-09 12:25:00-05:00,long,am,12238.2,12045.869285714287,12622.861428571428,12124.9,expired,-0.599488232694436
2020-11-10 14:20:00-05:00,2020-11-10 16:20:00-05:00,short,pm,11636.3,11702.753571428571,11503.392857142855,11630.5,expired,0.05718278067392839
2020-11-12 14:20:00-05:00,2020-11-12 16:20:00-05:00,short,pm,11836.1,11887.369999999999,11733.560000000003,11858.2,expired,-0.4700604642091089
2020-11-13 03:20:00-05:00,2020-11-13 05:20:00-05:00,long,london,11912.7,11875.425000000001,11987.25,11927.9,expired,0.35412474849091985
2020-11-16 03:10:00-05:00,2020-11-16 05:10:00-05:00,short,london,12019.5,12037.105714285713,11984.288571428573,12001.7,expired,0.8974358974358974
2020-11-17 03:10:00-05:00,2020-11-17 05:10:00-05:00,long,london,12039.7,12016.171428571428,12086.757142857146,12041.9,expired,0.008500303582223909
2020-11-20 03:25:00-05:00,2020-11-20 05:25:00-05:00,long,london,11985.1,11969.101428571428,12017.097142857145,11994.7,expired,0.4750424145012953
2020-11-24 03:15:00-05:00,2020-11-24 03:35:00-05:00,long,london,11971.9,11964.070714285715,11987.558571428568,11964.070714285715,loss,-1.2554511449685744
2020-11-24 10:05:00-05:00,2020-11-24 11:05:00-05:00,long,am,11923.3,11878.684285714286,12012.531428571427,12012.531428571427,win,1.955172745028977
2020-11-25 10:10:00-05:00,2020-11-25 12:10:00-05:00,short,am,12113.1,12153.281428571428,12032.737142857144,12117.1,expired,-0.1493227148291694
2020-11-26 03:20:00-05:00,2020-11-26 03:50:00-05:00,long,london,12209.4,12198.327857142856,12231.544285714286,12198.327857142856,loss,-1.1806335075156376
2020-11-27 03:15:00-05:00,2020-11-27 03:45:00-05:00,long,london,12196.3,12189.797857142856,12209.304285714286,12209.304285714286,win,1.6924090959024827
2020-11-30 03:05:00-05:00,2020-11-30 03:30:00-05:00,long,london,12224.0,12208.812142857143,12254.375714285714,12254.375714285714,win,1.8683158538305962
2020-12-01 03:20:00-05:00,2020-12-01 05:20:00-05:00,short,london,12374.1,12404.41,12313.480000000001,12375.4,expired,-0.10887495875946314
2020-12-01 10:25:00-05:00,2020-12-01 12:25:00-05:00,long,am,12406.6,12336.583571428571,12546.632857142858,12481.4,expired,1.039755975638353
2020-12-02 10:05:00-05:00,2020-12-02 12:05:00-05:00,long,am,12371.1,12315.865,12481.570000000002,12470.9,expired,1.7706164569566079
2020-12-02 14:25:00-05:00,2020-12-02 16:25:00-05:00,long,pm,12440.8,12413.855,12494.689999999999,12469.5,expired,0.9909074039710899
2020-12-03 10:25:00-05:00,2020-12-03 11:10:00-05:00,long,am,12518.5,12463.076428571429,12629.347142857143,12463.076428571429,loss,-1.0360857293828052
