date,direction,entry_time,exit_time,entry_price,exit_price,stop,or_high,or_low,atr14,rel_vol,outcome,pnl_pts,risk_pts,r,year
2016-12-07,long,2016-12-07 14:34:00+00:00,2016-12-07 14:40:00+00:00,4783.9,4779.167142857143,4779.167142857143,4783.9,4774.7,47.32857142857146,1.0166017034791397,stop,-4.7328571428570285,4.7328571428570285,-1.0,2016
2016-12-09,long,2016-12-09 14:34:00+00:00,2016-12-09 14:40:00+00:00,4889.0,4884.102857142857,4884.102857142857,4889.0,4880.3,48.971428571428596,1.052881406215234,stop,-4.897142857143081,4.897142857143081,-1.0,2016
2016-12-12,short,2016-12-12 14:34:00+00:00,2016-12-12 14:38:00+00:00,4871.0,4876.009285714285,4876.009285714285,4882.0,4871.0,50.092857142857156,1.039650188986882,stop,-5.009285714285397,5.009285714285397,-1.0,2016
2016-12-14,long,2016-12-14 14:34:00+00:00,2016-12-14 14:36:00+00:00,4954.8,4949.125,4949.125,4954.8,4943.5,56.750000000000064,1.091337744315157,stop,-5.675000000000182,5.675000000000182,-1.0,2016
2016-12-15,long,2016-12-15 14:34:00+00:00,2016-12-15 14:36:00+00:00,4944.2,4938.458571428571,4938.458571428571,4944.2,4928.9,57.41428571428579,1.5195182430038967,stop,-5.741428571428514,5.741428571428514,-1.0,2016
2016-12-16,long,2016-12-16 14:34:00+00:00,2016-12-16 14:36:00+00:00,4955.4,4949.706428571428,4949.706428571428,4955.4,4945.9,56.935714285714376,1.0748235294117647,stop,-5.693571428571886,5.693571428571886,-1.0,2016
2016-12-30,short,2016-12-30 14:34:00+00:00,2016-12-30 14:36:00+00:00,4918.4,4922.303571428571,4922.303571428571,4931.9,4918.4,39.035714285714285,1.0665569724393253,stop,-3.903571428571013,3.903571428571013,-1.0,2016
2017-01-03,long,2017-01-03 14:34:00+00:00,2017-01-03 14:38:00+00:00,4908.4,4904.673571428571,4904.673571428571,4908.4,4897.4,37.26428571428557,1.8064141874533852,stop,-3.726428571428187,3.726428571428187,-1.0,2017
2017-01-04,long,2017-01-04 14:34:00+00:00,2017-01-04 14:37:00+00:00,4936.4,4932.652142857142,4932.652142857142,4936.4,4917.1,37.478571428571286,1.8445571224845507,stop,-3.747857142857356,3.747857142857356,-1.0,2017
2017-01-05,long,2017-01-05 14:34:00+00:00,2017-01-05 20:59:00+00:00,4946.9,4965.6,4943.254999999999,4946.9,4934.7,36.44999999999988,1.5539354262758518,eod,18.700000000000728,3.6450000000004366,5.130315500685456,2017
2017-01-06,short,2017-01-06 14:34:00+00:00,2017-01-06 14:37:00+00:00,4958.2,4962.08,4962.08,4974.0,4958.2,38.79999999999992,1.7141419224962255,stop,-3.880000000000109,3.880000000000109,-1.0,2017
2017-01-11,long,2017-01-11 14:34:00+00:00,2017-01-11 16:22:00+00:00,5042.8,5038.871428571429,5038.871428571429,5042.8,5034.2,39.28571428571422,1.5302232968283316,stop,-3.9285714285715585,3.9285714285715585,-1.0,2017
2017-01-12,short,2017-01-12 14:34:00+00:00,2017-01-12 14:37:00+00:00,5025.4,5029.472857142857,5029.472857142857,5034.3,5025.4,40.72857142857141,1.729439728353141,stop,-4.072857142857174,4.072857142857174,-1.0,2017
2017-01-13,long,2017-01-13 14:34:00+00:00,2017-01-13 20:59:00+00:00,5054.3,5060.2,5049.877142857143,5054.3,5045.6,44.22857142857141,1.1639539998743167,eod,5.899999999999636,4.422857142857538,1.3339793281651733,2017
2017-01-17,short,2017-01-17 14:34:00+00:00,2017-01-17 15:08:00+00:00,5042.2,5045.934285714286,5045.934285714286,5048.7,5042.2,37.342857142857156,1.126762344313081,stop,-3.734285714285761,3.734285714285761,-1.0,2017
2017-01-18,short,2017-01-18 14:34:00+00:00,2017-01-18 14:37:00+00:00,5043.6,5046.891428571429,5046.891428571429,5054.0,5043.6,32.91428571428579,1.1166060606060606,stop,-3.291428571428696,3.291428571428696,-1.0,2017
2017-01-20,long,2017-01-20 14:34:00+00:00,2017-01-20 15:06:00+00:00,5074.8,5071.577142857143,5071.577142857143,5074.8,5064.8,32.22857142857155,2.5302189781021895,stop,-3.2228571428568102,3.2228571428568102,-1.0,2017
2017-01-23,long,2017-01-23 14:34:00+00:00,2017-01-23 14:52:00+00:00,5061.1,5057.999285714286,5057.999285714286,5061.1,5048.1,31.00714285714295,2.378563283922463,stop,-3.1007142857142753,3.1007142857142753,-1.0,2017
2017-01-24,long,2017-01-24 14:34:00+00:00,2017-01-24 14:39:00+00:00,5075.8,5072.880714285714,5072.880714285714,5075.8,5068.3,29.19285714285726,1.602188912681418,stop,-2.9192857142861612,2.9192857142861612,-1.0,2017
2017-01-31,short,2017-01-31 14:34:00+00:00,2017-01-31 15:17:00+00:00,5109.3,5112.562142857143,5112.562142857143,5118.0,5109.3,32.62142857142869,1.1477141588992454,stop,-3.2621428571428623,3.2621428571428623,-1.0,2017
2017-02-16,long,2017-02-16 14:34:00+00:00,2017-02-16 14:49:00+00:00,5311.7,5308.476428571428,5308.476428571428,5311.7,5303.2,32.23571428571443,1.0719232818327118,stop,-3.2235714285716313,3.2235714285716313,-1.0,2017
2017-02-22,long,2017-02-22 14:34:00+00:00,2017-02-22 14:38:00+00:00,5346.8,5343.980714285714,5343.980714285714,5346.8,5343.3,28.192857142857324,1.064788732394366,stop,-2.8192857142857974,2.8192857142857974,-1.0,2017
2017-03-03,long,2017-03-03 14:34:00+00:00,2017-03-03 14:59:00+00:00,5359.8,5356.488571428572,5356.488571428572,5359.8,5354.3,33.11428571428574,1.442652329749104,stop,-3.311428571428223,3.311428571428223,-1.0,2017
2017-03-09,short,2017-03-09 14:34:00+00:00,2017-03-09 19:04:00+00:00,5347.2,5350.621428571429,5350.621428571429,5359.7,5347.2,34.214285714285715,2.079792409990269,stop,-3.4214285714288053,3.4214285714288053,-1.0,2017
2017-03-10,short,2017-03-10 14:34:00+00:00,2017-03-10 14:54:00+00:00,5385.3,5388.896428571429,5388.896428571429,5391.0,5385.3,35.964285714285715,1.7692778457772336,stop,-3.596428571428987,3.596428571428987,-1.0,2017
2017-03-13,long,2017-03-13 13:34:00+00:00,2017-03-13 13:59:00+00:00,5388.5,5385.0878571428575,5385.0878571428575,5388.5,5383.7,34.12142857142856,1.156034244683789,stop,-3.4121428571424985,3.4121428571424985,-1.0,2017
2017-03-14,short,2017-03-14 13:34:00+00:00,2017-03-14 13:39:00+00:00,5379.6,5382.835,5382.835,5384.3,5379.6,32.35000000000004,1.1260788326363556,stop,-3.2349999999996726,3.2349999999996726,-1.0,2017
2017-03-21,long,2017-03-21 13:34:00+00:00,2017-03-21 14:00:00+00:00,5435.3,5432.215,5432.215,5435.3,5431.5,30.85000000000004,1.194663207634578,stop,-3.0850000000000364,3.0850000000000364,-1.0,2017
2017-03-22,long,2017-03-22 13:34:00+00:00,2017-03-22 13:56:00+00:00,5343.4,5339.595714285714,5339.595714285714,5343.4,5332.4,38.042857142857166,1.3024425287356323,stop,-3.80428571428547,3.80428571428547,-1.0,2017
2017-03-27,long,2017-03-27 13:34:00+00:00,2017-03-27 19:59:00+00:00,5332.8,5374.9,5328.771428571429,5332.8,5318.4,40.28571428571435,1.6161284752201692,eod,42.099999999999454,4.028571428571013,10.450354609930022,2017
2017-04-03,long,2017-04-03 13:34:00+00:00,2017-04-03 14:06:00+00:00,5445.9,5441.502857142857,5441.502857142857,5445.9,5438.1,43.971428571428596,1.56236026052299,stop,-4.397142857143081,4.397142857143081,-1.0,2017
2017-04-04,long,2017-04-04 13:34:00+00:00,2017-04-04 14:03:00+00:00,5423.4,5418.902142857142,5418.902142857142,5423.4,5415.5,44.97857142857148,1.3825847497863453,stop,-4.497857142857356,4.497857142857356,-1.0,2017
2017-04-05,short,2017-04-05 13:34:00+00:00,2017-04-05 19:59:00+00:00,5443.1,5418.1,5447.767857142858,5448.9,5443.1,46.678571428571495,1.5737646322938075,eod,25.0,4.667857142857429,5.355776587604875,2017
2017-04-07,short,2017-04-07 13:34:00+00:00,2017-04-07 14:29:00+00:00,5414.3,5419.641428571429,5419.641428571429,5423.2,5414.3,53.41428571428579,1.3041825095057036,stop,-5.341428571428878,5.341428571428878,-1.0,2017
2017-04-11,long,2017-04-11 13:34:00+00:00,2017-04-11 13:36:00+00:00,5422.2,5417.752142857143,5417.752142857143,5422.2,5409.9,44.47857142857148,1.090086514802762,stop,-4.447857142857174,4.447857142857174,-1.0,2017
2017-04-12,short,2017-04-12 13:34:00+00:00,2017-04-12 13:36:00+00:00,5388.2,5392.782857142857,5392.782857142857,5396.4,5388.2,45.82857142857146,1.25,stop,-4.582857142857392,4.582857142857392,-1.0,2017
2017-04-18,long,2017-04-18 13:34:00+00:00,2017-04-18 15:04:00+00:00,5388.1,5383.858571428572,5383.858571428572,5388.1,5377.1,42.414285714285725,1.0274711995488601,stop,-4.241428571428514,4.241428571428514,-1.0,2017
2017-04-28,short,2017-04-28 13:34:00+00:00,2017-04-28 19:59:00+00:00,5590.7,5582.7,5594.887142857143,5597.9,5590.7,41.87142857142856,1.2839342083402558,eod,8.0,4.187142857143044,1.9106107130671273,2017
2017-05-08,long,2017-05-08 13:34:00+00:00,2017-05-08 13:36:00+00:00,5652.0,5648.673571428571,5648.673571428571,5652.0,5644.5,33.26428571428577,1.4101357466063347,stop,-3.3264285714285506,3.3264285714285506,-1.0,2017
2017-05-09,long,2017-05-09 13:34:00+00:00,2017-05-09 19:43:00+00:00,5668.5,5665.2128571428575,5665.2128571428575,5668.5,5659.5,32.87142857142862,1.1857686520931057,stop,-3.2871428571424985,3.2871428571424985,-1.0,2017
2017-05-10,short,2017-05-10 13:34:00+00:00,2017-05-10 17:03:00+00:00,5673.6,5676.662857142857,5676.662857142857,5679.8,5673.6,30.628571428571508,1.070952092177077,stop,-3.0628571428569558,3.0628571428569558,-1.0,2017
2017-05-15,long,2017-05-15 13:34:00+00:00,2017-05-15 19:59:00+00:00,5689.8,5701.9,5687.05,5689.8,5681.6,27.49999999999987,1.1091811414392059,eod,12.099999999999454,2.75,4.399999999999801,2017
2017-05-17,long,2017-05-17 13:34:00+00:00,2017-05-17 13:39:00+00:00,5684.0,5681.062142857143,5681.062142857143,5684.0,5674.7,29.378571428571245,1.5990415335463257,stop,-2.9378571428569558,2.9378571428569558,-1.0,2017
2017-05-18,long,2017-05-18 13:34:00+00:00,2017-05-18 19:59:00+00:00,5589.2,5627.2,5585.649285714286,5589.2,5570.5,35.50714285714269,1.9819027484143763,eod,38.0,3.5507142857140934,10.702072017703255,2017
2017-05-23,short,2017-05-23 13:34:00+00:00,2017-05-23 13:37:00+00:00,5707.0,5711.292857142857,5711.292857142857,5716.0,5707.0,42.92857142857137,1.0107543887395223,stop,-4.292857142857429,4.292857142857429,-1.0,2017
2017-06-01,long,2017-06-01 13:34:00+00:00,2017-06-01 13:54:00+00:00,5807.9,5803.2078571428565,5803.2078571428565,5807.9,5801.7,46.92142857142854,1.0712892356800852,stop,-4.692142857143153,4.692142857143153,-1.0,2017
2017-06-02,long,2017-06-02 13:34:00+00:00,2017-06-02 13:36:00+00:00,5838.5,5833.6792857142855,5833.6792857142855,5838.5,5829.7,48.207142857142834,1.3765845070422535,stop,-4.82071428571453,4.82071428571453,-1.0,2017
2017-06-12,short,2017-06-12 13:34:00+00:00,2017-06-12 13:39:00+00:00,5665.9,5670.663571428571,5670.663571428571,5694.4,5665.9,47.63571428571426,2.8378964769087713,stop,-4.763571428571595,4.763571428571595,-1.0,2017
2017-06-13,long,2017-06-13 13:34:00+00:00,2017-06-13 13:36:00+00:00,5754.2,5748.936428571428,5748.936428571428,5754.2,5741.0,52.63571428571426,1.4981357196122296,stop,-5.263571428571595,5.263571428571595,-1.0,2017
2017-06-14,short,2017-06-14 13:34:00+00:00,2017-06-14 13:57:00+00:00,5769.3,5774.861428571428,5774.861428571428,5779.6,5769.3,55.61428571428568,1.6669917545881727,stop,-5.561428571428223,5.561428571428223,-1.0,2017
2017-06-15,short,2017-06-15 13:34:00+00:00,2017-06-15 15:13:00+00:00,5666.2,5672.346428571428,5672.346428571428,5679.4,5666.2,61.464285714285715,1.8176053400083438,stop,-6.14642857142826,6.14642857142826,-1.0,2017
2017-06-16,short,2017-06-16 13:34:00+00:00,2017-06-16 13:53:00+00:00,5685.2,5691.786428571429,5691.786428571429,5703.2,5685.2,65.86428571428574,1.4489188342212473,stop,-6.586428571428769,6.586428571428769,-1.0,2017
2017-06-20,short,2017-06-20 13:34:00+00:00,2017-06-20 14:08:00+00:00,5754.5,5761.045714285714,5761.045714285714,5768.3,5754.5,65.4571428571429,1.1294282707821817,stop,-6.545714285713984,6.545714285713984,-1.0,2017
2017-06-21,long,2017-06-21 13:34:00+00:00,2017-06-21 13:53:00+00:00,5748.1,5741.13,5741.13,5748.1,5738.6,69.70000000000002,1.0139878950907868,stop,-6.970000000000255,6.970000000000255,-1.0,2017
2017-06-23,short,2017-06-23 13:34:00+00:00,2017-06-23 14:25:00+00:00,5774.1,5781.687857142858,5781.687857142858,5782.5,5774.1,75.87857142857145,1.1807116727635518,stop,-7.5878571428575015,7.5878571428575015,-1.0,2017
2017-06-27,short,2017-06-27 13:34:00+00:00,2017-06-27 19:59:00+00:00,5733.5,5673.3,5739.911428571429,5756.7,5733.5,64.1142857142858,1.2163934426229508,eod,60.19999999999982,6.411428571428587,9.389483065953604,2017
2017-06-28,long,2017-06-28 13:34:00+00:00,2017-06-28 19:59:00+00:00,5697.9,5754.9,5690.658571428571,5697.9,5685.4,72.41428571428573,1.3078502415458937,eod,57.0,7.241428571428514,7.871375024659758,2017
2017-06-29,short,2017-06-29 13:34:00+00:00,2017-06-29 13:41:00+00:00,5711.3,5718.899285714286,5718.899285714286,5731.5,5711.3,75.99285714285712,1.0630475863253737,stop,-7.599285714285543,7.599285714285543,-1.0,2017
2017-06-30,short,2017-06-30 13:34:00+00:00,2017-06-30 18:46:00+00:00,5665.4,5673.844999999999,5673.844999999999,5677.9,5665.4,84.44999999999995,1.1809839690436705,stop,-8.444999999999709,8.444999999999709,-1.0,2017
2017-07-06,long,2017-07-06 13:34:00+00:00,2017-07-06 13:38:00+00:00,5616.4,5607.976428571428,5607.976428571428,5616.4,5599.2,84.23571428571417,1.2423714036617262,stop,-8.42357142857145,8.42357142857145,-1.0,2017
2017-07-07,long,2017-07-07 13:34:00+00:00,2017-07-07 19:59:00+00:00,5628.1,5657.5,5619.679285714286,5628.1,5617.2,84.20714285714277,1.0039599059522337,eod,29.399999999999636,8.420714285713984,3.4913902790737947,2017
2017-07-12,long,2017-07-12 13:34:00+00:00,2017-07-12 14:34:00+00:00,5769.5,5761.025,5761.025,5769.5,5756.0,84.74999999999987,1.0507134474025572,stop,-8.475000000000364,8.475000000000364,-1.0,2017
2017-07-14,short,2017-07-14 13:34:00+00:00,2017-07-14 15:11:00+00:00,5809.5,5817.2871428571425,5817.2871428571425,5823.0,5809.5,77.87142857142842,1.0466398265716939,stop,-7.7871428571424985,7.7871428571424985,-1.0,2017
2017-07-21,long,2017-07-21 13:34:00+00:00,2017-07-21 13:46:00+00:00,5909.4,5903.827857142856,5903.827857142856,5909.4,5900.6,55.72142857142853,1.3474808324205916,stop,-5.5721428571432625,5.5721428571432625,-1.0,2017
2017-07-27,short,2017-07-27 13:34:00+00:00,2017-07-27 14:34:00+00:00,5988.2,5992.696428571428,5992.696428571428,5996.2,5988.2,44.96428571428578,1.042665750601168,stop,-4.496428571428623,4.496428571428623,-1.0,2017
2017-07-31,long,2017-07-31 13:34:00+00:00,2017-07-31 13:45:00+00:00,5932.2,5927.295,5927.295,5932.2,5924.7,49.050000000000054,1.9132963256674596,stop,-4.904999999999745,4.904999999999745,-1.0,2017
2017-08-01,short,2017-08-01 13:34:00+00:00,2017-08-01 14:42:00+00:00,5889.7,5894.625,5894.625,5907.7,5889.7,49.25,2.679103094693928,stop,-4.925000000000182,4.925000000000182,-1.0,2017
2017-08-02,short,2017-08-02 13:34:00+00:00,2017-08-02 19:59:00+00:00,5930.6,5915.5,5935.865714285715,5938.8,5930.6,52.657142857142844,2.0420540061974326,eod,15.100000000000364,5.265714285714239,2.86760716223558,2017
2017-08-03,short,2017-08-03 13:34:00+00:00,2017-08-03 19:59:00+00:00,5914.0,5892.6,5919.689285714286,5922.5,5914.0,56.892857142857146,1.3036523865315062,eod,21.399999999999636,5.689285714285688,3.7614563716258163,2017
2017-08-29,long,2017-08-29 13:34:00+00:00,2017-08-29 19:59:00+00:00,5807.9,5864.9,5801.852142857142,5807.9,5785.9,60.47857142857148,1.219005093141701,eod,57.0,6.047857142857538,9.424825794259453,2017
2017-09-05,long,2017-09-05 13:34:00+00:00,2017-09-05 14:22:00+00:00,5983.1,5977.314285714286,5977.314285714286,5983.1,5970.1,57.857142857142726,1.2273819055244195,stop,-5.7857142857146755,5.7857142857146755,-1.0,2017
2017-09-06,short,2017-09-06 13:34:00+00:00,2017-09-06 14:06:00+00:00,5948.9,5955.135714285714,5955.135714285714,5962.9,5948.9,62.357142857142726,1.1354654392508532,stop,-6.235714285714494,6.235714285714494,-1.0,2017
2017-09-07,short,2017-09-07 13:34:00+00:00,2017-09-07 13:42:00+00:00,5956.0,5962.16,5962.16,5965.7,5956.0,61.599999999999845,1.1481303161611298,stop,-6.1599999999998545,6.1599999999998545,-1.0,2017
2017-09-11,long,2017-09-11 13:34:00+00:00,2017-09-11 19:59:00+00:00,5970.4,5982.9,5964.69,5970.4,5962.8,57.09999999999991,1.1523167649536648,eod,12.5,5.710000000000036,2.1891418563922804,2017
2017-09-12,long,2017-09-12 13:34:00+00:00,2017-09-12 13:37:00+00:00,6003.2,5997.575,5997.575,6003.2,5995.4,56.249999999999936,1.1480956746395534,stop,-5.625,5.625,-1.0,2017
2017-09-14,short,2017-09-14 13:34:00+00:00,2017-09-14 13:47:00+00:00,5974.1,5979.5314285714285,5979.5314285714285,5986.3,5974.1,54.31428571428569,1.0385278895917194,stop,-5.431428571428114,5.431428571428114,-1.0,2017
2017-09-18,short,2017-09-18 13:34:00+00:00,2017-09-18 19:59:00+00:00,5990.1,5982.0,5994.645714285714,5999.3,5990.1,45.4571428571429,1.0356626506024096,eod,8.100000000000364,4.545714285713984,1.7818981772472127,2017
2017-09-21,short,2017-09-21 13:34:00+00:00,2017-09-21 13:35:00+00:00,5961.0,5965.793571428571,5965.793571428571,5970.8,5961.0,47.935714285714376,1.157562676407106,stop,-4.79357142857134,4.79357142857134,-1.0,2017
2017-09-22,long,2017-09-22 13:34:00+00:00,2017-09-22 13:59:00+00:00,5929.4,5924.800714285714,5924.800714285714,5929.4,5915.6,45.99285714285725,1.6370182472792734,stop,-4.599285714285543,4.599285714285543,-1.0,2017
2017-09-25,short,2017-09-25 13:34:00+00:00,2017-09-25 14:09:00+00:00,5900.6,5904.881428571429,5904.881428571429,5909.7,5900.6,42.814285714285816,1.08898116565327,stop,-4.281428571428478,4.281428571428478,-1.0,2017
2017-09-26,long,2017-09-26 13:34:00+00:00,2017-09-26 13:38:00+00:00,5906.7,5902.157142857142,5902.157142857142,5906.7,5893.7,45.428571428571495,1.1239583333333334,stop,-4.542857142857429,4.542857142857429,-1.0,2017
2017-09-27,long,2017-09-27 13:34:00+00:00,2017-09-27 14:09:00+00:00,5925.7,5921.081428571429,5921.081428571429,5925.7,5915.7,46.185714285714376,1.048677483885308,stop,-4.618571428571158,4.618571428571158,-1.0,2017
2017-10-02,long,2017-10-02 13:34:00+00:00,2017-10-02 13:48:00+00:00,5994.5,5989.811428571428,5989.811428571428,5994.5,5988.0,46.88571428571426,1.0707315228080794,stop,-4.688571428571777,4.688571428571777,-1.0,2017
2017-10-03,short,2017-10-03 13:34:00+00:00,2017-10-03 14:33:00+00:00,5985.7,5990.3607142857145,5990.3607142857145,5992.0,5985.7,46.607142857142854,1.0093613166238864,stop,-4.6607142857146755,4.6607142857146755,-1.0,2017
2017-10-04,long,2017-10-04 13:34:00+00:00,2017-10-04 13:43:00+00:00,5987.5,5982.767142857143,5982.767142857143,5987.5,5982.7,47.32857142857139,1.2413277511961722,stop,-4.7328571428570285,4.7328571428570285,-1.0,2017
2017-10-05,long,2017-10-05 13:34:00+00:00,2017-10-05 13:38:00+00:00,6035.6,6030.972142857143,6030.972142857143,6035.6,6018.8,46.278571428571404,1.1664104253605683,stop,-4.627857142857465,4.627857142857465,-1.0,2017
2017-10-13,short,2017-10-13 13:34:00+00:00,2017-10-13 13:37:00+00:00,6092.3,6096.216428571429,6096.216428571429,6098.3,6092.3,39.1642857142856,1.1388438681793625,stop,-3.916428571428696,3.916428571428696,-1.0,2017
2017-10-19,short,2017-10-19 13:34:00+00:00,2017-10-19 13:36:00+00:00,6076.7,6079.873571428571,6079.873571428571,6092.5,6076.7,31.73571428571417,1.9925348912690684,stop,-3.1735714285714494,3.1735714285714494,-1.0,2017
2017-10-20,short,2017-10-20 13:34:00+00:00,2017-10-20 13:37:00+00:00,6114.5,6118.055714285714,6118.055714285714,6121.6,6114.5,35.55714285714274,1.3750556792873052,stop,-3.5557142857142026,3.5557142857142026,-1.0,2017
2017-10-26,long,2017-10-26 13:34:00+00:00,2017-10-26 13:36:00+00:00,6062.6,6058.842142857143,6058.842142857143,6062.6,6046.9,37.57857142857139,1.5999364221568781,stop,-3.757857142857574,3.757857142857574,-1.0,2017
2017-10-27,short,2017-10-27 13:34:00+00:00,2017-10-27 13:37:00+00:00,6132.1,6135.998571428572,6135.998571428572,6138.4,6132.1,38.9857142857143,1.0704647676161918,stop,-3.898571428571813,3.898571428571813,-1.0,2017
2017-11-02,short,2017-11-02 13:34:00+00:00,2017-11-02 13:47:00+00:00,6233.2,6238.419285714285,6238.419285714285,6244.0,6233.2,52.19285714285713,1.1628358208955225,stop,-5.219285714285434,5.219285714285434,-1.0,2017
2017-11-03,short,2017-11-03 13:34:00+00:00,2017-11-03 14:59:00+00:00,6253.3,6258.846428571429,6258.846428571429,6267.5,6253.3,55.46428571428565,1.1754216509398916,stop,-5.546428571428805,5.546428571428805,-1.0,2017
2017-11-09,long,2017-11-09 14:34:00+00:00,2017-11-09 15:37:00+00:00,6304.4,6298.753571428571,6298.753571428571,6304.4,6294.2,56.46428571428565,1.1710698605869214,stop,-5.64642857142826,5.64642857142826,-1.0,2017
2017-11-13,long,2017-11-13 14:34:00+00:00,2017-11-13 20:59:00+00:00,6294.5,6317.2,6289.0771428571425,6294.5,6285.7,54.22857142857122,1.6895619253650622,eod,22.699999999999818,5.422857142857538,4.185985247628745,2017
2017-11-14,long,2017-11-14 14:34:00+00:00,2017-11-14 15:59:00+00:00,6298.3,6293.513571428572,6293.513571428572,6298.3,6292.0,47.86428571428548,1.3279872850744112,stop,-4.786428571428587,4.786428571428587,-1.0,2017
2017-11-15,short,2017-11-15 14:34:00+00:00,2017-11-15 15:26:00+00:00,6255.3,6260.347857142858,6260.347857142858,6266.0,6255.3,50.47857142857122,1.5736853191041213,stop,-5.047857142857538,5.047857142857538,-1.0,2017
2017-11-16,long,2017-11-16 14:34:00+00:00,2017-11-16 14:49:00+00:00,6305.5,6300.420714285714,6300.420714285714,6305.5,6291.5,50.79285714285691,1.239067055393586,stop,-5.079285714286016,5.079285714286016,-1.0,2017
2017-11-20,short,2017-11-20 14:34:00+00:00,2017-11-20 14:58:00+00:00,6313.8,6318.517857142857,6318.517857142857,6321.3,6313.8,47.17857142857123,1.306200806296794,stop,-4.717857142856701,4.717857142856701,-1.0,2017
2017-11-27,short,2017-11-27 14:34:00+00:00,2017-11-27 14:36:00+00:00,6404.2,6408.090714285714,6408.090714285714,6410.5,6404.2,38.90714285714278,1.0684462696783024,stop,-3.890714285714239,3.890714285714239,-1.0,2017
2017-11-29,short,2017-11-29 14:34:00+00:00,2017-11-29 20:59:00+00:00,6399.2,6312.8,6403.198571428571,6416.5,6399.2,39.9857142857143,1.136888769478775,eod,86.39999999999964,3.9985714285712675,21.607717041801422,2017
2017-11-30,long,2017-11-30 14:34:00+00:00,2017-11-30 14:36:00+00:00,6346.9,6342.17,6342.17,6346.9,6330.6,47.29999999999999,2.062087802278329,stop,-4.729999999999563,4.729999999999563,-1.0,2017
2017-12-01,long,2017-12-01 14:34:00+00:00,2017-12-01 14:37:00+00:00,6352.1,6347.181428571429,6347.181428571429,6352.1,6322.6,49.18571428571431,1.8491525423728814,stop,-4.91857142857134,4.91857142857134,-1.0,2017
2017-12-04,short,2017-12-04 14:34:00+00:00,2017-12-04 14:35:00+00:00,6363.3,6368.529285714286,6368.529285714286,6384.0,6363.3,52.292857142857166,1.524970828471412,stop,-5.229285714285652,5.229285714285652,-1.0,2017
2017-12-05,long,2017-12-05 14:34:00+00:00,2017-12-05 19:56:00+00:00,6274.2,6268.336428571429,6268.336428571429,6274.2,6238.4,58.63571428571432,3.219509438227648,stop,-5.863571428571049,5.863571428571049,-1.0,2017
2017-12-06,long,2017-12-06 14:34:00+00:00,2017-12-06 20:59:00+00:00,6263.9,6296.1,6257.462857142857,6263.9,6238.1,64.37142857142862,2.437952584069041,eod,32.20000000000073,6.437142857143044,5.002219263204584,2017
2017-12-07,long,2017-12-07 14:34:00+00:00,2017-12-07 14:35:00+00:00,6308.3,6301.454285714286,6301.454285714286,6308.3,6289.1,68.4571428571429,1.6251451022412715,stop,-6.845714285714166,6.845714285714166,-1.0,2017
2017-12-11,long,2017-12-11 14:34:00+00:00,2017-12-11 14:46:00+00:00,6368.8,6362.0028571428575,6362.0028571428575,6368.8,6351.3,67.97142857142866,1.4441776710684273,stop,-6.797142857142717,6.797142857142717,-1.0,2017
2018-01-04,long,2018-01-04 14:34:00+00:00,2018-01-04 14:36:00+00:00,6610.3,6604.893571428572,6604.893571428572,6610.3,6597.0,54.06428571428575,1.1795964762716682,stop,-5.406428571428478,5.406428571428478,-1.0,2018
2018-01-05,short,2018-01-05 14:34:00+00:00,2018-01-05 14:39:00+00:00,6613.1,6618.422142857144,6618.422142857144,6627.1,6613.1,53.22142857142866,1.0368208975962205,stop,-5.3221428571432625,5.3221428571432625,-1.0,2018
2018-01-10,long,2018-01-10 14:34:00+00:00,2018-01-10 14:37:00+00:00,6663.3,6658.353571428572,6658.353571428572,6663.3,6644.6,49.46428571428584,2.1587162654996352,stop,-4.9464285714284415,4.9464285714284415,-1.0,2018
2018-01-11,short,2018-01-11 14:34:00+00:00,2018-01-11 14:42:00+00:00,6676.8,6681.683571428572,6681.683571428572,6683.8,6676.8,48.83571428571447,1.2701498582422033,stop,-4.883571428571486,4.883571428571486,-1.0,2018
2018-01-12,long,2018-01-12 14:34:00+00:00,2018-01-12 20:59:00+00:00,6715.6,6763.6,6710.625,6715.6,6700.6,49.75000000000019,1.7033560612768972,eod,48.0,4.975000000000364,9.648241206029445,2018
2018-01-16,long,2018-01-16 14:34:00+00:00,2018-01-16 15:35:00+00:00,6824.2,6819.013571428572,6819.013571428572,6824.2,6807.9,51.864285714285806,1.4786916871273237,stop,-5.186428571428223,5.186428571428223,-1.0,2018
2018-01-17,short,2018-01-17 14:34:00+00:00,2018-01-17 14:36:00+00:00,6765.2,6770.96,6770.96,6781.5,6765.2,57.6000000000001,1.3365705358273867,stop,-5.760000000000218,5.760000000000218,-1.0,2018
2018-01-18,short,2018-01-18 14:34:00+00:00,2018-01-18 15:01:00+00:00,6808.4,6814.3271428571425,6814.3271428571425,6819.5,6808.4,59.27142857142865,1.5126663626186825,stop,-5.927142857142826,5.927142857142826,-1.0,2018
2018-01-19,short,2018-01-19 14:34:00+00:00,2018-01-19 19:34:00+00:00,6838.9,6844.217857142857,6844.217857142857,6849.7,6838.9,53.178571428571495,1.5701190849263555,stop,-5.317857142857065,5.317857142857065,-1.0,2018
2018-01-23,long,2018-01-23 14:34:00+00:00,2018-01-23 14:57:00+00:00,6946.2,6940.771428571428,6940.771428571428,6946.2,6936.2,54.28571428571435,1.2665211062590975,stop,-5.4285714285715585,5.4285714285715585,-1.0,2018
2018-01-24,short,2018-01-24 14:34:00+00:00,2018-01-24 15:01:00+00:00,6982.9,6988.625,6988.625,6994.5,6982.9,57.25000000000013,1.608187543736879,stop,-5.725000000000364,5.725000000000364,-1.0,2018
2018-01-25,short,2018-01-25 14:34:00+00:00,2018-01-25 14:44:00+00:00,6962.3,6968.5650000000005,6968.5650000000005,6978.5,6962.3,62.65000000000009,1.42773567344768,stop,-6.265000000000327,6.265000000000327,-1.0,2018
2018-01-29,short,2018-01-29 14:34:00+00:00,2018-01-29 14:35:00+00:00,6999.4,7005.92,7005.92,7019.8,6999.4,65.20000000000007,1.3717913331493239,stop,-6.520000000000437,6.520000000000437,-1.0,2018
2018-01-30,long,2018-01-30 14:34:00+00:00,2018-01-30 14:40:00+00:00,6949.2,6942.427142857143,6942.427142857143,6949.2,6918.0,67.72857142857148,2.2452678211840515,stop,-6.772857142856992,6.772857142856992,-1.0,2018
2018-01-31,long,2018-01-31 14:34:00+00:00,2018-01-31 14:53:00+00:00,6992.8,6985.722142857143,6985.722142857143,6992.8,6980.9,70.77857142857154,1.0923962761663886,stop,-7.077857142857283,7.077857142857283,-1.0,2018
2018-02-01,long,2018-02-01 14:34:00+00:00,2018-02-01 14:43:00+00:00,6942.4,6935.011428571428,6935.011428571428,6942.4,6916.7,73.88571428571439,1.4434165571616295,stop,-7.388571428571595,7.388571428571595,-1.0,2018
2018-02-02,long,2018-02-02 14:34:00+00:00,2018-02-02 14:39:00+00:00,6893.9,6886.613571428571,6886.613571428571,6893.9,6876.9,72.8642857142858,1.9362651370299555,stop,-7.286428571428587,7.286428571428587,-1.0,2018
2018-02-05,long,2018-02-05 14:34:00+00:00,2018-02-05 14:39:00+00:00,6727.6,6719.562857142858,6719.562857142858,6727.6,6688.6,80.37142857142875,1.8560093506259974,stop,-8.037142857142499,8.037142857142499,-1.0,2018
2018-02-06,long,2018-02-06 14:34:00+00:00,2018-02-06 15:24:00+00:00,6481.1,6469.4400000000005,6469.4400000000005,6481.1,6379.1,116.60000000000016,1.4447038225853517,stop,-11.659999999999854,11.659999999999854,-1.0,2018
2018-02-08,short,2018-02-08 14:34:00+00:00,2018-02-08 14:38:00+00:00,6585.2,6600.2185714285715,6600.2185714285715,6608.7,6585.2,150.18571428571445,1.298955082100692,stop,-15.018571428571704,15.018571428571704,-1.0,2018
2018-02-09,long,2018-02-09 14:34:00+00:00,2018-02-09 14:58:00+00:00,6422.1,6405.147142857143,6405.147142857143,6422.1,6388.7,169.52857142857152,1.3490823459051322,stop,-16.952857142857283,16.952857142857283,-1.0,2018
2018-02-12,long,2018-02-12 14:34:00+00:00,2018-02-12 14:37:00+00:00,6506.4,6488.477142857142,6488.477142857142,6506.4,6475.9,179.22857142857143,1.0399801955687584,stop,-17.922857142857538,17.922857142857538,-1.0,2018
2018-02-20,long,2018-02-20 14:34:00+00:00,2018-02-20 20:59:00+00:00,6770.2,6785.9,6750.524285714286,6770.2,6747.0,196.75714285714275,1.0516408038667007,eod,15.699999999999818,19.675714285714093,0.7979379946271676,2018
2018-03-01,long,2018-03-01 14:34:00+00:00,2018-03-01 15:43:00+00:00,6892.3,6880.409285714286,6880.409285714286,6892.3,6865.3,118.90714285714292,1.7475947683440478,stop,-11.890714285714239,11.890714285714239,-1.0,2018
2018-03-02,long,2018-03-02 14:34:00+00:00,2018-03-02 20:59:00+00:00,6707.3,6814.6,6694.621428571429,6707.3,6668.3,126.78571428571435,1.7809805857189867,eod,107.30000000000018,12.678571428571558,8.463098591549224,2018
2018-03-05,long,2018-03-05 14:34:00+00:00,2018-03-05 20:59:00+00:00,6804.7,6888.5,6793.546428571429,6804.7,6784.0,111.53571428571435,1.6705169234681982,eod,83.80000000000018,11.153571428571013,7.513288504643268,2018
2018-03-06,long,2018-03-06 14:34:00+00:00,2018-03-06 14:35:00+00:00,6928.9,6917.285714285714,6917.285714285714,6928.9,6915.4,116.14285714285721,1.370661148641795,stop,-11.61428571428587,11.61428571428587,-1.0,2018
2018-03-07,long,2018-03-07 14:34:00+00:00,2018-03-07 15:13:00+00:00,6887.7,6875.392857142857,6875.392857142857,6887.7,6860.7,123.07142857142864,1.4284685981644774,stop,-12.307142857142935,12.307142857142935,-1.0,2018
2018-03-09,short,2018-03-09 14:34:00+00:00,2018-03-09 15:00:00+00:00,7018.1,7030.470714285715,7030.470714285715,7028.5,7018.1,123.7071428571429,1.0620448475299273,stop,-12.370714285714712,12.370714285714712,-1.0,2018
2018-03-19,short,2018-03-19 13:34:00+00:00,2018-03-19 13:50:00+00:00,6933.6,6943.388571428572,6943.388571428572,6955.3,6933.6,97.8857142857142,1.268422781825561,stop,-9.788571428571231,9.788571428571231,-1.0,2018
2018-03-20,long,2018-03-20 13:34:00+00:00,2018-03-20 13:37:00+00:00,6883.6,6873.742142857143,6873.742142857143,6883.6,6867.6,98.57857142857132,1.34680488124918,stop,-9.857857142857029,9.857857142857029,-1.0,2018
2018-03-22,long,2018-03-22 13:34:00+00:00,2018-03-22 14:45:00+00:00,6768.8,6759.205714285715,6759.205714285715,6768.8,6750.3,95.942857142857,1.0100908173562058,stop,-9.594285714285434,9.594285714285434,-1.0,2018
2018-03-27,short,2018-03-27 13:34:00+00:00,2018-03-27 13:36:00+00:00,6775.7,6788.089285714285,6788.089285714285,6805.0,6775.7,123.89285714285701,1.5207519884309473,stop,-12.389285714285506,12.389285714285506,-1.0,2018
2018-03-28,long,2018-03-28 13:34:00+00:00,2018-03-28 14:02:00+00:00,6527.1,6512.428571428572,6512.428571428572,6527.1,6488.4,146.71428571428558,2.151894563426689,stop,-14.671428571428805,14.671428571428805,-1.0,2018
2018-03-29,short,2018-03-29 13:34:00+00:00,2018-03-29 14:40:00+00:00,6483.8,6499.2528571428575,6499.2528571428575,6512.2,6483.8,154.52857142857133,1.4095892220314357,stop,-15.452857142857283,15.452857142857283,-1.0,2018
2018-04-03,short,2018-04-03 13:34:00+00:00,2018-04-03 13:39:00+00:00,6424.8,6441.392142857143,6441.392142857143,6450.3,6424.8,165.92142857142855,1.0184264935253364,stop,-16.59214285714279,16.59214285714279,-1.0,2018
2018-04-04,long,2018-04-04 13:34:00+00:00,2018-04-04 13:40:00+00:00,6375.5,6358.233571428572,6358.233571428572,6375.5,6327.0,172.66428571428565,1.391083115470321,stop,-17.26642857142815,17.26642857142815,-1.0,2018
2018-04-05,long,2018-04-05 13:34:00+00:00,2018-04-05 13:37:00+00:00,6635.6,6616.365000000001,6616.365000000001,6635.6,6610.3,192.34999999999997,1.2457034372501998,stop,-19.234999999999673,19.234999999999673,-1.0,2018
2018-04-06,long,2018-04-06 13:34:00+00:00,2018-04-06 14:43:00+00:00,6552.4,6533.297857142857,6533.297857142857,6552.4,6514.6,191.02142857142852,1.4414502849905002,stop,-19.102142857143008,19.102142857143008,-1.0,2018
2018-04-19,short,2018-04-19 13:34:00+00:00,2018-04-19 14:14:00+00:00,6798.0,6810.752142857143,6810.752142857143,6810.5,6798.0,127.52142857142852,1.7296730112249876,stop,-12.752142857142644,12.752142857142644,-1.0,2018
2018-04-20,short,2018-04-20 13:34:00+00:00,2018-04-20 19:59:00+00:00,6739.7,6668.2,6752.186428571428,6762.5,6739.7,124.86428571428574,1.2061316235536885,eod,71.5,12.486428571428405,5.726217035638769,2018
2018-04-24,short,2018-04-24 13:34:00+00:00,2018-04-24 13:37:00+00:00,6673.0,6682.755714285714,6682.755714285714,6690.0,6673.0,97.55714285714286,1.6757931812553315,stop,-9.75571428571402,9.75571428571402,-1.0,2018
2018-04-25,short,2018-04-25 13:34:00+00:00,2018-04-25 15:01:00+00:00,6510.2,6521.285714285714,6521.285714285714,6523.9,6510.2,110.85714285714286,2.3137490007993606,stop,-11.085714285713948,11.085714285713948,-1.0,2018
2018-04-26,short,2018-04-26 13:34:00+00:00,2018-04-26 13:44:00+00:00,6593.3,6604.597142857143,6604.597142857143,6613.9,6593.3,112.9714285714286,2.378981789479619,stop,-11.297142857142717,11.297142857142717,-1.0,2018
2018-04-27,short,2018-04-27 13:34:00+00:00,2018-04-27 19:59:00+00:00,6728.5,6660.2,6740.410714285715,6754.7,6728.5,119.10714285714286,2.28606531615189,eod,68.30000000000018,11.910714285714675,5.734332833583036,2018
2018-04-30,short,2018-04-30 13:34:00+00:00,2018-04-30 19:59:00+00:00,6671.3,6609.8,6683.124285714286,6687.8,6671.3,118.24285714285712,1.462579724965688,eod,61.5,11.824285714285907,5.201159840521844,2018
2018-05-01,long,2018-05-01 13:34:00+00:00,2018-05-01 13:37:00+00:00,6606.0,6594.028571428571,6594.028571428571,6606.0,6588.8,119.71428571428565,1.2528726309243787,stop,-11.971428571428987,11.971428571428987,-1.0,2018
2018-05-02,short,2018-05-02 13:34:00+00:00,2018-05-02 13:52:00+00:00,6678.5,6691.214285714285,6691.214285714285,6700.5,6678.5,127.14285714285708,1.1320632548873117,stop,-12.714285714285325,12.714285714285325,-1.0,2018
2018-05-03,short,2018-05-03 13:34:00+00:00,2018-05-03 13:37:00+00:00,6600.8,6613.666428571429,6613.666428571429,6618.8,6600.8,128.66428571428565,1.0856615952051638,stop,-12.866428571428514,12.866428571428514,-1.0,2018
2018-05-04,long,2018-05-04 13:34:00+00:00,2018-05-04 19:59:00+00:00,6626.9,6771.1,6613.95,6626.9,6608.9,129.5,1.8013009800145503,eod,144.20000000000073,12.949999999999818,11.135135135135348,2018
2018-05-18,short,2018-05-18 13:34:00+00:00,2018-05-18 13:36:00+00:00,6869.1,6877.605714285714,6877.605714285714,6883.6,6869.1,85.05714285714294,1.3543697925899663,stop,-8.50571428571402,8.50571428571402,-1.0,2018
2018-05-24,long,2018-05-24 13:34:00+00:00,2018-05-24 13:44:00+00:00,6958.9,6950.99,6950.99,6958.9,6944.9,79.10000000000011,1.2056580775009214,stop,-7.9099999999998545,7.9099999999998545,-1.0,2018
2018-05-29,short,2018-05-29 13:34:00+00:00,2018-05-29 16:36:00+00:00,6913.4,6920.8492857142855,6920.8492857142855,6940.1,6913.4,74.49285714285725,2.4625507666152444,stop,-7.449285714285907,7.449285714285907,-1.0,2018
2018-05-31,long,2018-05-31 13:34:00+00:00,2018-05-31 14:47:00+00:00,6986.0,6978.134285714285,6978.134285714285,6986.0,6971.0,78.65714285714292,1.842751981879955,stop,-7.865714285714603,7.865714285714603,-1.0,2018
2018-06-01,long,2018-06-01 13:34:00+00:00,2018-06-01 19:59:00+00:00,7016.9,7085.4,7009.379285714285,7016.9,7008.1,75.2071428571429,1.2995288544134107,eod,68.5,7.520714285714348,9.108177414759162,2018
2018-06-08,long,2018-06-08 13:34:00+00:00,2018-06-08 13:41:00+00:00,7128.0,7120.477142857143,7120.477142857143,7128.0,7111.0,75.22857142857136,1.5169950995725159,stop,-7.522857142856992,7.522857142856992,-1.0,2018
2018-06-14,long,2018-06-14 13:34:00+00:00,2018-06-14 13:53:00+00:00,7258.3,7251.191428571428,7251.191428571428,7258.3,7237.8,71.0857142857142,1.1676906487448906,stop,-7.1085714285718495,7.1085714285718495,-1.0,2018
2018-06-15,short,2018-06-15 13:34:00+00:00,2018-06-15 13:38:00+00:00,7238.9,7246.216428571428,7246.216428571428,7260.7,7238.9,73.1642857142856,1.4335819391251765,stop,-7.316428571428332,7.316428571428332,-1.0,2018
2018-06-19,long,2018-06-19 13:34:00+00:00,2018-06-19 13:53:00+00:00,7184.9,7177.687857142857,7177.687857142857,7184.9,7155.4,72.1214285714285,1.4985973719179093,stop,-7.21214285714268,7.21214285714268,-1.0,2018
2018-06-20,long,2018-06-20 13:34:00+00:00,2018-06-20 13:48:00+00:00,7272.8,7265.122857142857,7265.122857142857,7272.8,7260.8,76.77142857142852,1.368418612199476,stop,-7.677142857142826,7.677142857142826,-1.0,2018
2018-06-21,short,2018-06-21 13:34:00+00:00,2018-06-21 19:59:00+00:00,7295.7,7217.7,7303.725714285714,7307.5,7295.7,80.25714285714282,1.1131147540983606,eod,78.0,8.025714285714457,9.718761124955293,2018
2018-06-22,short,2018-06-22 13:34:00+00:00,2018-06-22 19:59:00+00:00,7225.9,7195.9,7234.432142857143,7246.6,7225.9,85.32142857142851,1.1195654729713842,eod,30.0,8.532142857143299,3.5161155295100732,2018
2018-06-26,short,2018-06-26 13:34:00+00:00,2018-06-26 13:41:00+00:00,7052.6,7061.363571428572,7061.363571428572,7078.3,7052.6,87.63571428571433,1.0433865345808109,stop,-8.763571428571595,8.763571428571595,-1.0,2018
2018-07-11,long,2018-07-11 13:34:00+00:00,2018-07-11 15:30:00+00:00,7247.3,7236.482857142857,7236.482857142857,7247.3,7221.4,108.17142857142855,1.014863501240898,stop,-10.817142857143153,10.817142857143153,-1.0,2018
2018-07-17,long,2018-07-17 13:34:00+00:00,2018-07-17 19:59:00+00:00,7302.7,7405.8,7293.672142857143,7302.7,7281.7,90.2785714285714,1.0910224438902743,eod,103.10000000000036,9.027857142857101,11.420207294881017,2018
2018-07-18,short,2018-07-18 13:34:00+00:00,2018-07-18 19:59:00+00:00,7400.0,7389.1,7409.747857142857,7410.8,7400.0,97.47857142857141,1.0678191489361701,eod,10.899999999999636,9.747857142857356,1.1181944749761235,2018
2018-07-20,short,2018-07-20 13:34:00+00:00,2018-07-20 13:40:00+00:00,7364.9,7373.2585714285715,7373.2585714285715,7379.7,7364.9,83.58571428571427,1.262094880225458,stop,-8.35857142857185,8.35857142857185,-1.0,2018
2018-07-23,long,2018-07-23 13:34:00+00:00,2018-07-23 15:17:00+00:00,7338.9,7330.795714285714,7330.795714285714,7338.9,7324.6,81.04285714285723,1.0122074593646724,stop,-8.104285714285652,8.104285714285652,-1.0,2018
2018-07-26,long,2018-07-26 13:34:00+00:00,2018-07-26 13:43:00+00:00,7425.3,7416.372142857143,7416.372142857143,7425.3,7400.8,89.27857142857154,1.7495388669301715,stop,-8.927857142856737,8.927857142856737,-1.0,2018
2018-07-27,short,2018-07-27 13:34:00+00:00,2018-07-27 19:59:00+00:00,7428.5,7293.0,7437.187857142857,7445.0,7428.5,86.87857142857158,1.105124008560997,eod,135.5,8.687857142856956,15.59648113130018,2018
2018-07-30,short,2018-07-30 13:34:00+00:00,2018-07-30 19:59:00+00:00,7269.5,7193.4,7278.335,7298.0,7269.5,88.35000000000016,1.1842679367030264,eod,76.10000000000036,8.835000000000036,8.61346915676288,2018
2018-07-31,long,2018-07-31 13:34:00+00:00,2018-07-31 13:43:00+00:00,7246.7,7237.177857142857,7237.177857142857,7246.7,7214.4,95.22142857142873,1.5372664287213942,stop,-9.52214285714308,9.52214285714308,-1.0,2018
2018-08-01,long,2018-08-01 13:34:00+00:00,2018-08-01 13:36:00+00:00,7273.1,7262.951428571429,7262.951428571429,7273.1,7242.8,101.4857142857145,1.5840903796878638,stop,-10.148571428571813,10.148571428571813,-1.0,2018
2018-08-02,long,2018-08-02 13:34:00+00:00,2018-08-02 19:59:00+00:00,7233.9,7371.1,7224.003571428571,7233.9,7215.3,98.96428571428598,1.3582497212931997,eod,137.20000000000073,9.89642857142826,13.863587152652983,2018
2018-08-03,short,2018-08-03 13:34:00+00:00,2018-08-03 14:03:00+00:00,7370.3,7380.450714285715,7380.450714285715,7389.8,7370.3,101.50714285714314,1.5361661239523834,stop,-10.150714285714457,10.150714285714457,-1.0,2018
2018-08-17,short,2018-08-17 13:34:00+00:00,2018-08-17 15:32:00+00:00,7337.8,7345.092857142858,7345.092857142858,7356.8,7337.8,72.92857142857149,1.1706289655898692,stop,-7.292857142857429,7.292857142857429,-1.0,2018
2018-09-04,short,2018-09-04 13:34:00+00:00,2018-09-04 14:49:00+00:00,7627.1,7632.731428571429,7632.731428571429,7640.4,7627.1,56.31428571428575,1.3063298597046802,stop,-5.631428571428842,5.631428571428842,-1.0,2018
2018-09-05,short,2018-09-05 13:34:00+00:00,2018-09-05 13:35:00+00:00,7592.2,7598.465,7598.465,7610.7,7592.2,62.64999999999996,1.2355025307302965,stop,-6.265000000000327,6.265000000000327,-1.0,2018
2018-09-06,short,2018-09-06 13:34:00+00:00,2018-09-06 13:35:00+00:00,7514.3,7521.0142857142855,7521.0142857142855,7533.6,7514.3,67.14285714285708,1.667855614210301,stop,-6.7142857142853245,6.7142857142853245,-1.0,2018
2018-09-07,long,2018-09-07 13:34:00+00:00,2018-09-07 13:38:00+00:00,7418.2,7411.228571428571,7411.228571428571,7418.2,7397.2,69.71428571428565,1.996241134751773,stop,-6.971428571428987,6.971428571428987,-1.0,2018
2018-09-10,short,2018-09-10 13:34:00+00:00,2018-09-10 13:41:00+00:00,7445.0,7451.948571428571,7451.948571428571,7473.3,7445.0,69.48571428571424,1.5345937248592116,stop,-6.948571428571086,6.948571428571086,-1.0,2018
2018-09-13,long,2018-09-13 13:34:00+00:00,2018-09-13 14:28:00+00:00,7548.8,7540.888571428572,7540.888571428572,7548.8,7528.7,79.11428571428574,1.166494067520786,stop,-7.911428571428587,7.911428571428587,-1.0,2018
2018-09-18,long,2018-09-18 13:34:00+00:00,2018-09-18 13:41:00+00:00,7485.3,7476.551428571429,7476.551428571429,7485.3,7439.2,87.48571428571437,1.5916912963014114,stop,-8.748571428571267,8.748571428571267,-1.0,2018
2018-09-21,short,2018-09-21 13:34:00+00:00,2018-09-21 19:59:00+00:00,7587.4,7531.1,7597.185714285714,7600.4,7587.4,97.85714285714292,1.2431838707315288,eod,56.29999999999927,9.785714285714675,5.753284671532543,2018
2018-09-25,short,2018-09-25 13:34:00+00:00,2018-09-25 13:36:00+00:00,7537.9,7546.827857142856,7546.827857142856,7559.9,7537.9,89.27857142857147,1.3623025804781221,stop,-8.927857142856737,8.927857142856737,-1.0,2018
2018-10-01,long,2018-10-01 13:34:00+00:00,2018-10-01 15:55:00+00:00,7691.5,7683.157142857143,7683.157142857143,7691.5,7669.0,83.42857142857143,1.0978730762579976,stop,-8.342857142856701,8.342857142856701,-1.0,2018
2018-10-02,long,2018-10-02 13:34:00+00:00,2018-10-02 13:54:00+00:00,7650.4,7642.1057142857135,7642.1057142857135,7650.4,7635.8,82.94285714285714,1.0187110187110187,stop,-8.294285714286161,8.294285714286161,-1.0,2018
2018-10-03,long,2018-10-03 13:34:00+00:00,2018-10-03 13:38:00+00:00,7671.7,7662.941428571428,7662.941428571428,7671.7,7655.9,87.58571428571427,1.0502704559113936,stop,-8.758571428571486,8.758571428571486,-1.0,2018
2018-10-05,short,2018-10-05 13:34:00+00:00,2018-10-05 14:24:00+00:00,7465.0,7473.732857142857,7473.732857142857,7492.2,7465.0,87.32857142857152,1.3233045004387614,stop,-8.732857142857029,8.732857142857029,-1.0,2018
2018-10-08,short,2018-10-08 13:34:00+00:00,2018-10-08 18:39:00+00:00,7339.9,7348.973571428571,7348.973571428571,7373.6,7339.9,90.7357142857143,1.4721048097918628,stop,-9.073571428571086,9.073571428571086,-1.0,2018
2018-10-09,long,2018-10-09 13:34:00+00:00,2018-10-09 13:41:00+00:00,7378.5,7368.967857142857,7368.967857142857,7378.5,7342.3,95.32142857142857,1.1616391130611925,stop,-9.532142857143299,9.532142857143299,-1.0,2018
2018-10-10,short,2018-10-10 13:34:00+00:00,2018-10-10 19:59:00+00:00,7311.6,7056.6,7321.68,7337.4,7311.6,100.79999999999998,1.2308076634831568,eod,255.0,10.079999999999927,25.29761904761923,2018
2018-10-11,long,2018-10-11 13:34:00+00:00,2018-10-11 14:15:00+00:00,7062.2,7049.515714285714,7049.515714285714,7062.2,7011.4,126.84285714285716,1.429668385591147,stop,-12.68428571428558,12.68428571428558,-1.0,2018
2018-10-12,short,2018-10-12 13:34:00+00:00,2018-10-12 13:36:00+00:00,7117.9,7131.694285714286,7131.694285714286,7157.6,7117.9,137.94285714285712,1.2679072138669385,stop,-13.794285714286161,13.794285714286161,-1.0,2018
2018-10-17,short,2018-10-17 13:34:00+00:00,2018-10-17 17:04:00+00:00,7281.8,7297.695000000001,7297.695000000001,7321.5,7281.8,158.95000000000002,1.0398086575223324,stop,-15.895000000000437,15.895000000000437,-1.0,2018
2018-10-18,short,2018-10-18 13:34:00+00:00,2018-10-18 13:42:00+00:00,7219.7,7236.092142857143,7236.092142857143,7257.0,7219.7,163.9214285714286,1.0189842034426577,stop,-16.39214285714297,16.39214285714297,-1.0,2018
2018-10-23,long,2018-10-23 13:34:00+00:00,2018-10-23 13:40:00+00:00,7027.6,7010.952857142857,7010.952857142857,7027.6,6990.3,166.4714285714286,1.282887393025065,stop,-16.64714285714308,16.64714285714308,-1.0,2018
2018-10-25,short,2018-10-25 13:34:00+00:00,2018-10-25 13:44:00+00:00,6882.6,6902.153571428572,6902.153571428572,6911.3,6882.6,195.53571428571442,1.1249658013743824,stop,-19.55357142857156,19.55357142857156,-1.0,2018
2018-10-26,long,2018-10-26 13:34:00+00:00,2018-10-26 14:05:00+00:00,6826.6,6806.014285714286,6806.014285714286,6826.6,6780.3,205.85714285714297,1.4240168673929015,stop,-20.585714285713948,20.585714285713948,-1.0,2018
2018-10-29,short,2018-10-29 13:34:00+00:00,2018-10-29 13:36:00+00:00,6927.4,6945.168571428571,6945.168571428571,6960.7,6927.4,177.68571428571437,1.2212789329148686,stop,-17.768571428571704,17.768571428571704,-1.0,2018
2018-10-30,long,2018-10-30 13:34:00+00:00,2018-10-30 13:35:00+00:00,6715.4,6695.857142857142,6695.857142857142,6715.4,6652.7,195.42857142857156,1.5319763866683063,stop,-19.54285714285743,19.54285714285743,-1.0,2018
2018-10-31,long,2018-10-31 13:34:00+00:00,2018-10-31 19:59:00+00:00,6941.0,6967.6,6920.4628571428575,6941.0,6918.8,205.37142857142868,1.0888727789202703,eod,26.600000000000364,20.5371428571425,1.2952142459655385,2018
2018-11-01,long,2018-11-01 13:34:00+00:00,2018-11-01 13:43:00+00:00,6995.3,6974.095,6974.095,6995.3,6970.8,212.05000000000004,1.0210020468096466,stop,-21.204999999999927,21.204999999999927,-1.0,2018
2018-11-02,long,2018-11-02 13:34:00+00:00,2018-11-02 13:57:00+00:00,7053.6,7033.247142857143,7033.247142857143,7053.6,7017.3,203.52857142857152,1.022697246344541,stop,-20.35285714285692,20.35285714285692,-1.0,2018
2018-11-05,short,2018-11-05 14:34:00+00:00,2018-11-05 19:44:00+00:00,6922.4,6942.069285714286,6942.069285714286,6965.2,6922.4,196.6928571428572,1.2251481622047702,stop,-19.66928571428616,19.66928571428616,-1.0,2018
2018-11-06,long,2018-11-06 14:34:00+00:00,2018-11-06 16:01:00+00:00,6985.2,6965.658571428571,6965.658571428571,6985.2,6932.8,195.41428571428574,1.2280111886531235,stop,-19.541428571428696,19.541428571428696,-1.0,2018
2018-11-08,short,2018-11-08 14:34:00+00:00,2018-11-08 14:47:00+00:00,7149.1,7169.8550000000005,7169.8550000000005,7180.5,7149.1,207.54999999999998,1.3043834382209603,stop,-20.75500000000011,20.75500000000011,-1.0,2018
2018-11-12,short,2018-11-12 14:34:00+00:00,2018-11-12 20:59:00+00:00,6948.7,6828.7,6965.760714285714,7000.8,6948.7,170.60714285714286,1.3177092144130544,eod,120.0,17.06071428571431,7.033703160979684,2018
2018-11-13,long,2018-11-13 14:34:00+00:00,2018-11-13 14:42:00+00:00,6906.8,6889.4571428571435,6889.4571428571435,6906.8,6856.4,173.42857142857142,1.0190943530548424,stop,-17.3428571428567,17.3428571428567,-1.0,2018
2018-11-14,short,2018-11-14 14:34:00+00:00,2018-11-14 14:41:00+00:00,6883.8,6901.683571428572,6901.683571428572,6910.8,6883.8,178.83571428571426,1.1075524562605068,stop,-17.883571428571486,17.883571428571486,-1.0,2018
2018-11-19,short,2018-11-19 14:34:00+00:00,2018-11-19 20:59:00+00:00,6814.9,6643.7,6829.8157142857135,6844.3,6814.9,149.1571428571429,1.1229461324387175,eod,171.19999999999982,14.915714285713875,11.477827794272883,2018
2018-12-11,short,2018-12-11 14:34:00+00:00,2018-12-11 14:44:00+00:00,6770.9,6787.214285714285,6787.214285714285,6795.7,6770.9,163.14285714285728,1.0170182841068918,stop,-16.31428571428569,16.31428571428569,-1.0,2018
2018-12-12,short,2018-12-12 14:34:00+00:00,2018-12-12 14:59:00+00:00,6792.7,6809.382857142857,6809.382857142857,6809.2,6792.7,166.8285714285715,1.0255043170333824,stop,-16.682857142856847,16.682857142856847,-1.0,2018
2018-12-13,short,2018-12-13 14:34:00+00:00,2018-12-13 15:03:00+00:00,6787.9,6804.375,6804.375,6813.6,6787.9,164.75000000000014,1.000491029272899,stop,-16.475000000000364,16.475000000000364,-1.0,2018
2018-12-19,long,2018-12-19 14:34:00+00:00,2018-12-19 19:01:00+00:00,6505.0,6488.403571428571,6488.403571428571,6505.0,6470.4,165.96428571428584,1.1529755690123198,stop,-16.596428571428987,16.596428571428987,-1.0,2018
2018-12-20,long,2018-12-20 14:34:00+00:00,2018-12-20 14:35:00+00:00,6354.4,6336.497857142856,6336.497857142856,6354.4,6301.4,179.02142857142866,1.3710770253980131,stop,-17.90214285714319,17.90214285714319,-1.0,2018
2018-12-21,long,2018-12-21 14:34:00+00:00,2018-12-21 15:25:00+00:00,6290.5,6272.918571428571,6272.918571428571,6290.5,6256.9,175.8142857142857,1.2579677236233882,stop,-17.58142857142866,17.58142857142866,-1.0,2018
2018-12-24,long,2018-12-24 14:34:00+00:00,2018-12-24 14:35:00+00:00,6041.8,6024.365,6024.365,6041.8,5988.8,174.3499999999999,1.0461538461538462,stop,-17.4350000000004,17.4350000000004,-1.0,2018
2018-12-27,short,2018-12-27 14:34:00+00:00,2018-12-27 15:02:00+00:00,6152.6,6172.162857142857,6172.162857142857,6191.1,6152.6,195.62857142857132,1.1132891551922541,stop,-19.562857142856956,19.562857142856956,-1.0,2018
2018-12-28,short,2018-12-28 14:34:00+00:00,2018-12-28 14:43:00+00:00,6285.7,6306.082857142857,6306.082857142857,6330.0,6285.7,203.82857142857125,1.1476594176188721,stop,-20.382857142857574,20.382857142857574,-1.0,2018
2019-01-07,long,2019-01-07 14:34:00+00:00,2019-01-07 14:51:00+00:00,6442.8,6421.881428571429,6421.881428571429,6442.8,6415.5,209.18571428571417,1.0157231562511346,stop,-20.91857142857134,20.91857142857134,-1.0,2019
2019-01-08,long,2019-01-08 14:34:00+00:00,2019-01-08 14:47:00+00:00,6569.6,6549.997142857143,6549.997142857143,6569.6,6548.5,196.0285714285714,1.0882980647495026,stop,-19.60285714285692,19.60285714285692,-1.0,2019
2019-01-09,long,2019-01-09 14:34:00+00:00,2019-01-09 15:43:00+00:00,6578.4,6559.388571428571,6559.388571428571,6578.4,6555.1,190.11428571428573,1.0985627008510788,stop,-19.01142857142895,19.01142857142895,-1.0,2019
2019-01-10,short,2019-01-10 14:34:00+00:00,2019-01-10 15:22:00+00:00,6535.6,6553.070000000001,6553.070000000001,6556.6,6535.6,174.70000000000002,1.051807187164293,stop,-17.470000000000255,17.470000000000255,-1.0,2019
2019-01-23,long,2019-01-23 14:34:00+00:00,2019-01-23 15:19:00+00:00,6695.2,6685.277857142857,6685.277857142857,6695.2,6681.4,99.22142857142866,1.0210320822129728,stop,-9.922142857142717,9.922142857142717,-1.0,2019
2019-01-28,short,2019-01-28 14:34:00+00:00,2019-01-28 14:38:00+00:00,6668.8,6677.782142857143,6677.782142857143,6696.7,6668.8,89.82142857142864,1.0900538140217513,stop,-8.982142857143117,8.982142857143117,-1.0,2019
2019-01-30,long,2019-01-30 14:34:00+00:00,2019-01-30 14:44:00+00:00,6723.0,6713.307142857143,6713.307142857143,6723.0,6704.9,96.92857142857149,1.0568680261639092,stop,-9.692857142857065,9.692857142857065,-1.0,2019
2019-01-31,short,2019-01-31 14:34:00+00:00,2019-01-31 14:36:00+00:00,6834.8,6845.482142857143,6845.482142857143,6852.0,6834.8,106.82142857142857,1.0647688488985416,stop,-10.682142857142935,10.682142857142935,-1.0,2019
2019-02-05,long,2019-02-05 14:34:00+00:00,2019-02-05 17:57:00+00:00,6993.4,6983.775714285714,6983.775714285714,6993.4,6964.9,96.24285714285699,1.0372418150941907,stop,-9.624285714286088,9.624285714286088,-1.0,2019
2019-02-07,short,2019-02-07 14:34:00+00:00,2019-02-07 15:08:00+00:00,6919.0,6929.1335714285715,6929.1335714285715,6936.7,6919.0,101.33571428571415,1.1200677801984993,stop,-10.133571428571486,10.133571428571486,-1.0,2019
2019-02-08,long,2019-02-08 14:34:00+00:00,2019-02-08 14:45:00+00:00,6860.9,6850.838571428571,6850.838571428571,6860.9,6837.8,100.61428571428554,1.077268175445624,stop,-10.061428571428223,10.061428571428223,-1.0,2019
2019-02-15,short,2019-02-15 14:34:00+00:00,2019-02-15 15:41:00+00:00,7053.8,7062.982142857143,7062.982142857143,7075.8,7053.8,91.82142857142844,1.094743493542909,stop,-9.182142857142935,9.182142857142935,-1.0,2019
2019-02-19,long,2019-02-19 14:34:00+00:00,2019-02-19 20:59:00+00:00,7049.5,7065.1,7041.805,7049.5,7029.2,76.95000000000002,1.001386030492671,eod,15.600000000000364,7.694999999999709,2.0272904483432037,2019
2019-02-25,long,2019-02-25 14:34:00+00:00,2019-02-25 14:55:00+00:00,7150.2,7143.210714285714,7143.210714285714,7150.2,7140.7,69.89285714285721,1.0581719906074165,stop,-6.98928571428587,6.98928571428587,-1.0,2019
2019-02-27,long,2019-02-27 14:34:00+00:00,2019-02-27 14:50:00+00:00,7107.7,7100.419285714285,7100.419285714285,7107.7,7087.4,72.80714285714294,1.029074655927778,stop,-7.280714285714566,7.280714285714566,-1.0,2019
2019-02-28,long,2019-02-28 14:34:00+00:00,2019-02-28 15:01:00+00:00,7102.7,7095.348571428572,7095.348571428572,7102.7,7086.2,73.51428571428576,1.070347923681257,stop,-7.351428571428187,7.351428571428187,-1.0,2019
2019-03-01,short,2019-03-01 14:34:00+00:00,2019-03-01 14:40:00+00:00,7139.8,7146.942142857143,7146.942142857143,7154.3,7139.8,71.4214285714286,1.0923516344017772,stop,-7.1421428571429715,7.1421428571429715,-1.0,2019
2019-03-05,short,2019-03-05 14:34:00+00:00,2019-03-05 15:01:00+00:00,7139.4,7146.358571428571,7146.358571428571,7155.7,7139.4,69.58571428571427,1.145823886823252,stop,-6.958571428571304,6.958571428571304,-1.0,2019
2019-03-07,short,2019-03-07 14:34:00+00:00,2019-03-07 20:59:00+00:00,7084.0,7024.4,7091.515714285714,7095.8,7084.0,75.15714285714284,1.1973856209150326,eod,59.600000000000364,7.515714285714239,7.9300513210417245,2019
2019-03-08,short,2019-03-08 14:34:00+00:00,2019-03-08 15:08:00+00:00,6938.8,6946.749285714286,6946.749285714286,6959.8,6938.8,79.49285714285705,1.3755171116961264,stop,-7.949285714285907,7.949285714285907,-1.0,2019
2019-03-14,short,2019-03-14 13:34:00+00:00,2019-03-14 13:37:00+00:00,7246.9,7255.432142857143,7255.432142857143,7262.7,7246.9,85.32142857142857,1.0688446002929557,stop,-8.532142857143299,8.532142857143299,-1.0,2019
2019-03-15,short,2019-03-15 13:34:00+00:00,2019-03-15 13:40:00+00:00,7263.7,7272.12,7272.12,7271.7,7263.7,84.20000000000002,1.0619461261735545,stop,-8.420000000000073,8.420000000000073,-1.0,2019
2019-03-18,long,2019-03-18 13:34:00+00:00,2019-03-18 15:23:00+00:00,7323.3,7315.305714285714,7315.305714285714,7323.3,7305.1,79.94285714285714,1.0308103606959724,stop,-7.994285714285979,7.994285714285979,-1.0,2019
2019-03-21,long,2019-03-21 13:34:00+00:00,2019-03-21 19:59:00+00:00,7373.1,7496.5,7365.177857142858,7373.1,7356.3,79.22142857142846,1.2451892673231548,eod,123.39999999999964,7.922142857142717,15.576593634478636,2019
2019-03-22,long,2019-03-22 13:34:00+00:00,2019-03-22 13:45:00+00:00,7476.7,7467.928571428572,7467.928571428572,7476.7,7457.9,87.71428571428558,1.1951219512195121,stop,-8.77142857142826,8.77142857142826,-1.0,2019
2019-03-26,long,2019-03-26 13:34:00+00:00,2019-03-26 13:41:00+00:00,7388.7,7379.442142857142,7379.442142857142,7388.7,7371.9,92.57857142857127,1.0974209503621268,stop,-9.257857142857574,9.257857142857574,-1.0,2019
2019-03-29,long,2019-03-29 13:34:00+00:00,2019-03-29 19:15:00+00:00,7376.9,7367.337857142857,7367.337857142857,7376.9,7364.1,95.6214285714283,1.0948347742133673,stop,-9.562142857143044,9.562142857143044,-1.0,2019
2019-04-01,long,2019-04-01 13:34:00+00:00,2019-04-01 15:44:00+00:00,7456.6,7447.213571428571,7447.213571428571,7456.6,7445.1,93.86428571428542,1.1560896339377353,stop,-9.38642857142895,9.38642857142895,-1.0,2019
2019-04-09,short,2019-04-09 13:34:00+00:00,2019-04-09 13:38:00+00:00,7562.7,7570.229285714286,7570.229285714286,7572.6,7562.7,75.2928571428569,1.0381231671554252,stop,-7.529285714285834,7.529285714285834,-1.0,2019
2019-04-18,short,2019-04-18 13:34:00+00:00,2019-04-18 13:40:00+00:00,7676.1,7681.714285714286,7681.714285714286,7695.6,7676.1,56.142857142857075,1.0356579362574945,stop,-5.61428571428587,5.61428571428587,-1.0,2019
2019-04-25,short,2019-04-25 13:34:00+00:00,2019-04-25 13:49:00+00:00,7827.2,7833.267142857143,7833.267142857143,7845.8,7827.2,60.67142857142848,1.1985488126649078,stop,-6.067142857143153,6.067142857143153,-1.0,2019
2019-04-26,short,2019-04-26 13:34:00+00:00,2019-04-26 15:10:00+00:00,7781.6,7787.892142857143,7787.892142857143,7805.7,7781.6,62.92142857142848,1.23419587291189,stop,-6.292142857142608,6.292142857142608,-1.0,2019
2019-05-01,short,2019-05-01 13:34:00+00:00,2019-05-01 13:40:00+00:00,7823.8,7830.799285714286,7830.799285714286,7831.9,7823.8,69.99285714285699,1.0430956998911964,stop,-6.9992857142860885,6.9992857142860885,-1.0,2019
2019-05-02,short,2019-05-02 13:34:00+00:00,2019-05-02 19:59:00+00:00,7738.8,7719.6,7746.667857142857,7759.1,7738.8,78.6785714285713,1.2322592837569688,eod,19.199999999999818,7.867857142857247,2.4403086699954053,2019
2019-05-06,long,2019-05-06 13:34:00+00:00,2019-05-06 19:59:00+00:00,7711.7,7792.7,7702.0,7711.7,7662.9,96.99999999999987,1.1605030623217543,eod,81.0,9.699999999999818,8.350515463917683,2019
2019-05-07,long,2019-05-07 13:34:00+00:00,2019-05-07 13:44:00+00:00,7729.7,7719.41,7719.41,7729.7,7706.3,102.89999999999996,1.1918303796309018,stop,-10.289999999999964,10.289999999999964,-1.0,2019
2019-05-08,short,2019-05-08 13:34:00+00:00,2019-05-08 13:41:00+00:00,7602.4,7613.992142857142,7613.992142857142,7637.6,7602.4,115.92142857142855,1.3175519630484989,stop,-11.59214285714279,11.59214285714279,-1.0,2019
2019-05-09,long,2019-05-09 13:34:00+00:00,2019-05-09 16:30:00+00:00,7553.0,7541.137857142857,7541.137857142857,7553.0,7524.1,118.62142857142855,1.259643211956287,stop,-11.862142857143226,11.862142857143226,-1.0,2019
2019-05-10,short,2019-05-10 13:34:00+00:00,2019-05-10 17:48:00+00:00,7539.0,7551.205714285714,7551.205714285714,7560.3,7539.0,122.05714285714286,1.2603738396982156,stop,-12.205714285713839,12.205714285713839,-1.0,2019
2019-05-13,long,2019-05-13 13:34:00+00:00,2019-05-13 13:38:00+00:00,7420.3,7407.150000000001,7407.150000000001,7420.3,7382.6,131.5,1.2850101478689475,stop,-13.149999999999636,13.149999999999636,-1.0,2019
2019-05-16,long,2019-05-16 13:34:00+00:00,2019-05-16 19:59:00+00:00,7517.1,7575.6,7501.503571428571,7517.1,7497.8,155.96428571428584,1.1330025798769596,eod,58.5,15.596428571428987,3.7508587130752375,2019
2019-05-17,long,2019-05-17 13:34:00+00:00,2019-05-17 14:14:00+00:00,7529.7,7513.818571428571,7513.818571428571,7529.7,7502.9,158.81428571428583,1.1713609467455621,stop,-15.881428571428842,15.881428571428842,-1.0,2019
2019-05-20,short,2019-05-20 13:34:00+00:00,2019-05-20 14:25:00+00:00,7385.2,7400.417142857143,7400.417142857143,7403.7,7385.2,152.1714285714286,1.1027305196052077,stop,-15.21714285714279,15.21714285714279,-1.0,2019
2019-05-21,long,2019-05-21 13:34:00+00:00,2019-05-21 13:37:00+00:00,7450.6,7434.881428571429,7434.881428571429,7450.6,7431.3,157.18571428571425,1.0471059228495527,stop,-15.718571428571522,15.718571428571522,-1.0,2019
2019-05-23,short,2019-05-23 13:34:00+00:00,2019-05-23 14:53:00+00:00,7316.2,7330.704285714285,7330.704285714285,7334.0,7316.2,145.04285714285712,1.043243042946604,stop,-14.504285714285288,14.504285714285288,-1.0,2019
2019-05-29,short,2019-05-29 13:34:00+00:00,2019-05-29 13:44:00+00:00,7217.5,7229.185,7229.185,7236.8,7217.5,116.85000000000004,1.1473896516949809,stop,-11.6850000000004,11.6850000000004,-1.0,2019
2019-06-05,short,2019-06-05 13:34:00+00:00,2019-06-05 13:36:00+00:00,7218.6,7229.416428571429,7229.416428571429,7236.1,7218.6,108.16428571428567,1.1514515282432267,stop,-10.816428571428332,10.816428571428332,-1.0,2019
2019-06-07,long,2019-06-07 13:34:00+00:00,2019-06-07 19:59:00+00:00,7317.1,7415.8,7306.832857142857,7317.1,7305.6,102.67142857142855,1.1438302761705446,eod,98.69999999999982,10.267142857142971,9.613190482816071,2019
2019-06-12,short,2019-06-12 13:34:00+00:00,2019-06-12 14:46:00+00:00,7476.5,7487.884285714285,7487.884285714285,7508.7,7476.5,113.84285714285696,1.0697499057433706,stop,-11.384285714285397,11.384285714285397,-1.0,2019
2019-06-14,short,2019-06-14 13:34:00+00:00,2019-06-14 13:50:00+00:00,7463.0,7474.3664285714285,7474.3664285714285,7477.6,7463.0,113.66428571428553,1.024170737978915,stop,-11.366428571428514,11.366428571428514,-1.0,2019
2019-06-19,short,2019-06-19 13:34:00+00:00,2019-06-19 18:01:00+00:00,7643.0,7654.636428571429,7654.636428571429,7657.1,7643.0,116.36428571428561,1.0278450877864218,stop,-11.63642857142895,11.63642857142895,-1.0,2019
2019-06-20,short,2019-06-20 13:34:00+00:00,2019-06-20 13:43:00+00:00,7751.7,7762.941428571428,7762.941428571428,7774.9,7751.7,112.4142857142856,1.0977259278045481,stop,-11.241428571428514,11.241428571428514,-1.0,2019
2019-06-26,long,2019-06-26 13:34:00+00:00,2019-06-26 14:20:00+00:00,7666.4,7656.48,7656.48,7666.4,7644.4,99.20000000000002,1.0831624922007308,stop,-9.920000000000073,9.920000000000073,-1.0,2019
2019-07-02,short,2019-07-02 13:34:00+00:00,2019-07-02 13:38:00+00:00,7754.7,7764.04,7764.04,7769.5,7754.7,93.40000000000016,1.0889259347463682,stop,-9.340000000000146,9.340000000000146,-1.0,2019
2019-07-05,long,2019-07-05 13:34:00+00:00,2019-07-05 19:59:00+00:00,7816.1,7843.3,7807.512857142858,7816.1,7801.5,85.87142857142875,1.349577060169176,eod,27.199999999999818,8.58714285714268,3.1675262019631116,2019
2019-07-08,short,2019-07-08 13:34:00+00:00,2019-07-08 15:12:00+00:00,7774.9,7782.7814285714285,7782.7814285714285,7793.5,7774.9,78.81428571428589,1.1527970768359839,stop,-7.881428571428842,7.881428571428842,-1.0,2019
2019-07-09,long,2019-07-09 13:34:00+00:00,2019-07-09 19:59:00+00:00,7765.1,7826.3,7757.0935714285715,7765.1,7742.1,80.06428571428589,1.216827145873024,eod,61.19999999999982,8.006428571428842,7.643857614416706,2019
2019-07-10,long,2019-07-10 13:34:00+00:00,2019-07-10 14:29:00+00:00,7894.3,7885.867142857143,7885.867142857143,7894.3,7864.3,84.32857142857165,1.286451346610257,stop,-8.432857142856847,8.432857142856847,-1.0,2019
2019-07-11,long,2019-07-11 13:34:00+00:00,2019-07-11 13:40:00+00:00,7922.4,7913.388571428571,7913.388571428571,7922.4,7907.9,90.11428571428594,1.3348870934327741,stop,-9.01142857142895,9.01142857142895,-1.0,2019
2019-07-17,long,2019-07-17 13:34:00+00:00,2019-07-17 13:36:00+00:00,7937.5,7930.0085714285715,7930.0085714285715,7937.5,7927.1,74.91428571428592,1.1536260057238512,stop,-7.491428571428514,7.491428571428514,-1.0,2019
2019-07-19,short,2019-07-19 13:34:00+00:00,2019-07-19 19:59:00+00:00,7938.6,7836.7,7946.765714285714,7958.1,7938.6,81.65714285714304,1.0441988950276242,eod,101.90000000000055,8.165714285713875,12.479006298111262,2019
2019-07-22,long,2019-07-22 13:34:00+00:00,2019-07-22 19:59:00+00:00,7875.1,7906.8,7866.317857142857,7875.1,7861.0,87.82142857142877,1.2869122173866894,eod,31.699999999999818,8.782142857143299,3.6095973973157798,2019
2019-07-25,short,2019-07-25 13:34:00+00:00,2019-07-25 19:59:00+00:00,7971.2,7933.6,7980.433571428572,7985.1,7971.2,92.3357142857144,1.0489733008501965,eod,37.599999999999454,9.23357142857185,4.072097160980648,2019
2019-07-30,long,2019-07-30 13:34:00+00:00,2019-07-30 13:35:00+00:00,7941.5,7933.115714285715,7933.115714285715,7941.5,7922.7,83.84285714285723,1.3897941680960548,stop,-8.384285714285397,8.384285714285397,-1.0,2019
2019-07-31,short,2019-07-31 13:34:00+00:00,2019-07-31 14:52:00+00:00,7956.8,7965.621428571429,7965.621428571429,7977.3,7956.8,88.21428571428585,1.2596785390078498,stop,-8.821428571428442,8.821428571428442,-1.0,2019
2019-08-01,long,2019-08-01 13:34:00+00:00,2019-08-01 17:34:00+00:00,7902.9,7892.812142857142,7892.812142857142,7902.9,7857.1,100.87857142857158,1.2242744063324538,stop,-10.087857142857501,10.087857142857501,-1.0,2019
2019-08-02,short,2019-08-02 13:34:00+00:00,2019-08-02 13:35:00+00:00,7722.3,7733.647142857143,7733.647142857143,7750.3,7722.3,113.47142857142873,1.5459266642186436,stop,-11.347142857142899,11.347142857142899,-1.0,2019
2019-08-05,short,2019-08-05 13:34:00+00:00,2019-08-05 13:38:00+00:00,7507.7,7519.209285714285,7519.209285714285,7532.3,7507.7,115.09285714285723,1.4391287049930377,stop,-11.509285714285397,11.509285714285397,-1.0,2019
2019-08-06,long,2019-08-06 13:34:00+00:00,2019-08-06 14:09:00+00:00,7520.9,7507.718571428571,7507.718571428571,7520.9,7482.9,131.81428571428583,1.1272813238770685,stop,-13.181428571429024,13.181428571429024,-1.0,2019
2019-08-07,short,2019-08-07 13:34:00+00:00,2019-08-07 13:56:00+00:00,7411.6,7425.665714285715,7425.665714285715,7451.3,7411.6,140.6571428571429,1.496694331129554,stop,-14.06571428571442,14.06571428571442,-1.0,2019
2019-08-08,short,2019-08-08 13:34:00+00:00,2019-08-08 13:49:00+00:00,7584.9,7599.760714285714,7599.760714285714,7610.1,7584.9,148.60714285714292,1.2740330998795557,stop,-14.860714285714494,14.860714285714494,-1.0,2019
2019-08-09,long,2019-08-09 13:34:00+00:00,2019-08-09 13:44:00+00:00,7700.0,7684.41,7684.41,7700.0,7680.5,155.90000000000003,1.1301782848219322,stop,-15.590000000000146,15.590000000000146,-1.0,2019
2019-08-12,short,2019-08-12 13:34:00+00:00,2019-08-12 14:01:00+00:00,7585.1,7600.240000000001,7600.240000000001,7620.6,7585.1,151.39999999999995,1.2627900957639548,stop,-15.140000000000327,15.140000000000327,-1.0,2019
2019-08-13,long,2019-08-13 13:34:00+00:00,2019-08-13 19:59:00+00:00,7563.8,7731.0,7547.763571428572,7563.8,7548.0,160.36428571428567,1.0817417243236525,eod,167.19999999999982,16.036428571428587,10.426261636452697,2019
2019-08-14,long,2019-08-14 13:34:00+00:00,2019-08-14 13:41:00+00:00,7620.7,7602.8721428571425,7602.8721428571425,7620.7,7585.9,178.2785714285714,1.2620083816892327,stop,-17.827857142857283,17.827857142857283,-1.0,2019
2019-08-16,long,2019-08-16 13:34:00+00:00,2019-08-16 19:59:00+00:00,7570.4,7603.4,7550.381428571428,7570.4,7545.9,200.18571428571417,1.0402217062392332,eod,33.0,20.018571428571704,1.6484692785270594,2019
2019-08-26,short,2019-08-26 13:34:00+00:00,2019-08-26 15:12:00+00:00,7536.3,7551.337142857143,7551.337142857143,7558.0,7536.3,150.37142857142842,1.198310360160071,stop,-15.037142857142499,15.037142857142499,-1.0,2019
2019-08-28,short,2019-08-28 13:34:00+00:00,2019-08-28 13:44:00+00:00,7508.4,7524.352857142857,7524.352857142857,7545.9,7508.4,159.52857142857133,1.0600738007380073,stop,-15.952857142857283,15.952857142857283,-1.0,2019
2019-09-03,long,2019-09-03 13:34:00+00:00,2019-09-03 14:00:00+00:00,7644.7,7631.79,7631.79,7644.7,7623.2,129.0999999999999,1.0245406141158573,stop,-12.909999999999854,12.909999999999854,-1.0,2019
2019-09-06,short,2019-09-06 13:34:00+00:00,2019-09-06 13:49:00+00:00,7849.2,7863.169285714285,7863.169285714285,7871.7,7849.2,139.69285714285706,1.115589804386485,stop,-13.969285714285434,13.969285714285434,-1.0,2019
2019-09-10,short,2019-09-10 13:34:00+00:00,2019-09-10 14:37:00+00:00,7772.6,7784.092857142858,7784.092857142858,7797.1,7772.6,114.92857142857143,1.0872698158526821,stop,-11.492857142857247,11.492857142857247,-1.0,2019
2019-09-17,short,2019-09-17 13:34:00+00:00,2019-09-17 13:40:00+00:00,7849.6,7859.226428571429,7859.226428571429,7862.5,7849.6,96.26428571428576,1.0752322386497448,stop,-9.626428571428733,9.626428571428733,-1.0,2019
2019-09-19,long,2019-09-19 13:34:00+00:00,2019-09-19 16:27:00+00:00,7927.3,7917.75,7917.75,7927.3,7902.3,95.50000000000007,1.1313639220615965,stop,-9.550000000000182,9.550000000000182,-1.0,2019
2019-09-23,short,2019-09-23 13:34:00+00:00,2019-09-23 13:37:00+00:00,7802.4,7811.482142857142,7811.482142857142,7823.3,7802.4,90.82142857142864,1.2125376426178054,stop,-9.082142857142571,9.082142857142571,-1.0,2019
2019-09-27,short,2019-09-27 13:34:00+00:00,2019-09-27 19:59:00+00:00,7770.1,7680.4,7781.402857142857,7791.6,7770.1,113.0285714285714,1.1143279429664406,eod,89.70000000000073,11.302857142856737,7.936046511628256,2019
2019-09-30,long,2019-09-30 13:34:00+00:00,2019-09-30 13:35:00+00:00,7714.6,7703.352142857143,7703.352142857143,7714.6,7698.5,112.47857142857148,1.0844601892253856,stop,-11.247857142857356,11.247857142857356,-1.0,2019
2019-10-01,long,2019-10-01 13:34:00+00:00,2019-10-01 14:00:00+00:00,7804.1,7792.586428571429,7792.586428571429,7804.1,7777.4,115.13571428571433,1.1201454734381089,stop,-11.513571428571595,11.513571428571595,-1.0,2019
2019-10-02,short,2019-10-02 13:34:00+00:00,2019-10-02 19:59:00+00:00,7608.2,7550.0,7620.003571428571,7634.6,7608.2,118.03571428571429,1.2092072056391958,eod,58.19999999999982,11.803571428571558,4.93071104387285,2019
2019-10-03,long,2019-10-03 13:34:00+00:00,2019-10-03 13:38:00+00:00,7565.3,7552.5992857142855,7552.5992857142855,7565.3,7531.8,127.00714285714288,1.2490213791026799,stop,-12.70071428571464,12.70071428571464,-1.0,2019
2019-10-04,long,2019-10-04 13:34:00+00:00,2019-10-04 13:38:00+00:00,7693.7,7680.1792857142855,7680.1792857142855,7693.7,7665.4,135.20714285714288,1.1755500399646628,stop,-13.520714285714348,13.520714285714348,-1.0,2019
2019-10-07,long,2019-10-07 13:34:00+00:00,2019-10-07 18:50:00+00:00,7740.4,7726.91,7726.91,7740.4,7720.1,134.90000000000003,1.1115941434606078,stop,-13.489999999999782,13.489999999999782,-1.0,2019
2019-10-08,long,2019-10-08 13:34:00+00:00,2019-10-08 16:45:00+00:00,7678.4,7665.363571428571,7665.363571428571,7678.4,7655.9,130.36428571428573,1.1333170453620003,stop,-13.036428571428587,13.036428571428587,-1.0,2019
2019-10-10,long,2019-10-10 13:34:00+00:00,2019-10-10 19:59:00+00:00,7695.0,7740.8,7680.792857142857,7695.0,7676.9,142.07142857142858,1.0423040152963672,eod,45.80000000000018,14.207142857142571,3.2237305178482427,2019
2019-10-30,short,2019-10-30 13:34:00+00:00,2019-10-30 14:46:00+00:00,8046.3,8054.897142857143,8054.897142857143,8060.8,8046.3,85.97142857142853,1.0283185840707965,stop,-8.597142857142899,8.597142857142899,-1.0,2019
2019-10-31,short,2019-10-31 13:34:00+00:00,2019-10-31 13:48:00+00:00,8084.9,8093.823571428571,8093.823571428571,8105.8,8084.9,89.23571428571424,1.3526671675432005,stop,-8.92357142857145,8.92357142857145,-1.0,2019
2019-11-01,short,2019-11-01 13:34:00+00:00,2019-11-01 16:23:00+00:00,8110.1,8118.940714285714,8118.940714285714,8127.9,8110.1,88.40714285714277,1.09654797767791,stop,-8.840714285714057,8.840714285714057,-1.0,2019
2019-11-04,long,2019-11-04 14:34:00+00:00,2019-11-04 14:45:00+00:00,8220.8,8212.102142857142,8212.102142857142,8220.8,8207.3,86.97857142857141,1.1268207805120558,stop,-8.697857142857174,8.697857142857174,-1.0,2019
2019-11-07,short,2019-11-07 14:34:00+00:00,2019-11-07 19:43:00+00:00,8224.7,8232.84142857143,8232.84142857143,8236.2,8224.7,81.4142857142856,1.1791230434331916,stop,-8.14142857142906,8.14142857142906,-1.0,2019
2019-11-13,long,2019-11-13 14:34:00+00:00,2019-11-13 14:49:00+00:00,8247.5,8240.747142857143,8240.747142857143,8247.5,8233.2,67.52857142857134,1.1426795794707132,stop,-6.752857142857465,6.752857142857465,-1.0,2019
2019-11-14,long,2019-11-14 14:34:00+00:00,2019-11-14 14:44:00+00:00,8248.2,8241.55642857143,8241.55642857143,8248.2,8232.9,66.43571428571418,1.0758761831670502,stop,-6.6435714285707945,6.6435714285707945,-1.0,2019
2019-11-15,short,2019-11-15 14:34:00+00:00,2019-11-15 15:16:00+00:00,8294.2,8301.015714285715,8301.015714285715,8312.2,8294.2,68.15714285714277,1.087557603686636,stop,-6.815714285714421,6.815714285714421,-1.0,2019
2019-11-18,short,2019-11-18 14:34:00+00:00,2019-11-18 14:35:00+00:00,8292.2,8297.85,8297.85,8310.4,8292.2,56.49999999999987,1.0735447891251306,stop,-5.649999999999636,5.649999999999636,-1.0,2019
2019-11-20,long,2019-11-20 14:34:00+00:00,2019-11-20 14:43:00+00:00,8323.0,8316.882857142857,8316.882857142857,8323.0,8310.0,61.171428571428415,1.0938375350140057,stop,-6.117142857143335,6.117142857143335,-1.0,2019
2019-11-21,short,2019-11-21 14:34:00+00:00,2019-11-21 14:36:00+00:00,8260.9,8267.404999999999,8267.404999999999,8279.4,8260.9,65.04999999999986,1.1984713375796179,stop,-6.5049999999992,6.5049999999992,-1.0,2019
2019-11-22,short,2019-11-22 14:34:00+00:00,2019-11-22 14:54:00+00:00,8274.2,8280.743571428573,8280.743571428573,8288.8,8274.2,65.43571428571424,1.149449769258076,stop,-6.54357142857225,6.54357142857225,-1.0,2019
2019-11-26,short,2019-11-26 14:34:00+00:00,2019-11-26 14:47:00+00:00,8366.9,8373.494285714285,8373.494285714285,8382.7,8366.9,65.94285714285706,1.132886852308777,stop,-6.594285714285434,6.594285714285434,-1.0,2019
2019-11-27,short,2019-11-27 14:34:00+00:00,2019-11-27 14:45:00+00:00,8401.4,8408.119999999999,8408.119999999999,8410.6,8401.4,67.19999999999995,1.049671977507029,stop,-6.719999999999345,6.719999999999345,-1.0,2019
2019-12-02,short,2019-12-02 14:34:00+00:00,2019-12-02 20:59:00+00:00,8391.6,8314.3,8397.52642857143,8411.4,8391.6,59.26428571428577,1.1450002586519064,eod,77.30000000000109,5.926428571428914,13.043268651319183,2019
2019-12-03,long,2019-12-03 14:34:00+00:00,2019-12-03 14:37:00+00:00,8215.6,8208.65142857143,8208.65142857143,8215.6,8183.8,69.48571428571437,1.6086150763836713,stop,-6.948571428571086,6.948571428571086,-1.0,2019
2019-12-05,short,2019-12-05 14:34:00+00:00,2019-12-05 19:39:00+00:00,8300.4,8308.539285714285,8308.539285714285,8323.4,8300.4,81.39285714285734,1.1814882032667875,stop,-8.139285714285506,8.139285714285506,-1.0,2019
2019-12-06,long,2019-12-06 14:34:00+00:00,2019-12-06 14:36:00+00:00,8377.8,8369.780714285713,8369.780714285713,8377.8,8364.8,80.19285714285739,1.0329223938406311,stop,-8.019285714286525,8.019285714286525,-1.0,2019
2019-12-09,long,2019-12-09 14:34:00+00:00,2019-12-09 16:54:00+00:00,8398.2,8390.58,8390.58,8398.2,8386.3,76.20000000000002,1.0107110838484406,stop,-7.6200000000008,7.6200000000008,-1.0,2019
2019-12-10,short,2019-12-10 14:34:00+00:00,2019-12-10 14:47:00+00:00,8354.4,8362.023571428572,8362.023571428572,8368.4,8354.4,76.2357142857143,1.0907297830374754,stop,-7.623571428572177,7.623571428572177,-1.0,2019
2019-12-20,long,2019-12-20 14:34:00+00:00,2019-12-20 14:36:00+00:00,8690.0,8682.737142857142,8682.737142857142,8690.0,8678.1,72.62857142857138,1.2225061425061425,stop,-7.262857142857683,7.262857142857683,-1.0,2019
2019-12-27,short,2019-12-27 14:34:00+00:00,2019-12-27 20:59:00+00:00,8802.0,8773.5,8808.37,8813.1,8802.0,63.70000000000008,1.0756598240469208,eod,28.5,6.3700000000008,4.474097331239626,2019
2019-12-30,short,2019-12-30 14:34:00+00:00,2019-12-30 20:59:00+00:00,8747.6,8712.9,8753.56,8773.6,8747.6,59.59999999999997,1.2299093819523577,eod,34.70000000000073,5.959999999999127,5.822147651007686,2019
2019-12-31,long,2019-12-31 14:34:00+00:00,2019-12-31 14:35:00+00:00,8707.8,8701.984285714285,8701.984285714285,8707.8,8674.4,58.15714285714278,1.2723141837065888,stop,-5.815714285714421,5.815714285714421,-1.0,2019
2020-01-02,long,2020-01-02 14:34:00+00:00,2020-01-02 14:54:00+00:00,8820.0,8814.300714285715,8814.300714285715,8820.0,8797.2,56.992857142856984,1.3582313801244903,stop,-5.699285714284997,5.699285714284997,-1.0,2020
2020-01-03,long,2020-01-03 14:34:00+00:00,2020-01-03 14:35:00+00:00,8806.7,8800.663571428573,8800.663571428573,8806.7,8752.5,60.36428571428561,1.5956348150119777,stop,-6.0364285714276775,6.0364285714276775,-1.0,2020
2020-01-06,long,2020-01-06 14:34:00+00:00,2020-01-06 14:38:00+00:00,8750.6,8743.816428571428,8743.816428571428,8750.6,8713.9,67.83571428571433,1.4597989949748744,stop,-6.783571428572031,6.783571428572031,-1.0,2020
2020-01-07,long,2020-01-07 14:34:00+00:00,2020-01-07 14:35:00+00:00,8859.3,8851.855,8851.855,8859.3,8842.1,74.45000000000007,1.3306376966921616,stop,-7.444999999999709,7.444999999999709,-1.0,2020
2020-01-08,long,2020-01-08 14:34:00+00:00,2020-01-08 14:36:00+00:00,8864.5,8855.931428571428,8855.931428571428,8864.5,8833.4,85.68571428571431,1.3491364713850322,stop,-8.568571428571886,8.568571428571886,-1.0,2020
2020-01-09,long,2020-01-09 14:34:00+00:00,2020-01-09 14:41:00+00:00,9002.5,8992.815714285714,8992.815714285714,9002.5,8986.8,96.84285714285708,1.1055532397758325,stop,-9.68428571428558,9.68428571428558,-1.0,2020
2020-01-10,short,2020-01-10 14:34:00+00:00,2020-01-10 14:51:00+00:00,9002.0,9012.112142857142,9012.112142857142,9027.6,9002.0,101.1214285714285,1.1217179464044031,stop,-10.112142857142317,10.112142857142317,-1.0,2020
2020-01-14,short,2020-01-14 14:34:00+00:00,2020-01-14 15:31:00+00:00,9054.6,9064.937857142857,9064.937857142857,9073.9,9054.6,103.37857142857138,1.154590789087709,stop,-10.337857142856592,10.337857142856592,-1.0,2020
2020-01-15,long,2020-01-15 14:34:00+00:00,2020-01-15 14:45:00+00:00,9064.9,9054.301428571429,9054.301428571429,9064.9,9040.1,105.98571428571424,1.146586846262576,stop,-10.598571428570722,10.598571428570722,-1.0,2020
2020-01-16,long,2020-01-16 14:34:00+00:00,2020-01-16 15:38:00+00:00,9098.0,9087.727142857142,9087.727142857142,9098.0,9077.3,102.72857142857136,1.058109703954066,stop,-10.272857142857902,10.272857142857902,-1.0,2020
2020-01-22,short,2020-01-22 14:34:00+00:00,2020-01-22 20:08:00+00:00,9203.3,9213.071428571428,9213.071428571428,9217.6,9203.3,97.71428571428545,1.0208986841569234,stop,-9.77142857142826,9.77142857142826,-1.0,2020
2020-01-23,short,2020-01-23 14:34:00+00:00,2020-01-23 14:39:00+00:00,9154.4,9163.525,9163.525,9192.8,9154.4,91.24999999999974,1.1449304904398874,stop,-9.125,9.125,-1.0,2020
2020-01-27,long,2020-01-27 14:34:00+00:00,2020-01-27 14:36:00+00:00,8960.6,8951.74142857143,8951.74142857143,8960.6,8920.1,88.5857142857142,1.3540295024585383,stop,-8.85857142857094,8.85857142857094,-1.0,2020
2020-01-28,short,2020-01-28 14:34:00+00:00,2020-01-28 15:00:00+00:00,9010.2,9019.338571428572,9019.338571428572,9034.5,9010.2,91.38571428571413,1.107107682206172,stop,-9.138571428571595,9.138571428571595,-1.0,2020
2020-01-29,long,2020-01-29 14:34:00+00:00,2020-01-29 14:39:00+00:00,9147.8,9137.682142857142,9137.682142857142,9147.8,9134.4,101.17857142857117,1.095091141011398,stop,-10.117857142857247,10.117857142857247,-1.0,2020
2020-01-30,long,2020-01-30 14:34:00+00:00,2020-01-30 15:00:00+00:00,9085.7,9075.595714285715,9075.595714285715,9085.7,9039.3,101.04285714285705,1.2794807951344953,stop,-10.104285714285652,10.104285714285652,-1.0,2020
2020-01-31,short,2020-01-31 14:34:00+00:00,2020-01-31 20:59:00+00:00,9137.1,8988.9,9148.455714285714,9178.2,9137.1,113.55714285714268,1.1828379136287157,eod,148.20000000000073,11.355714285713475,13.050698201032572,2020
2020-02-03,long,2020-02-03 14:34:00+00:00,2020-02-03 20:59:00+00:00,9065.4,9126.9,9052.339285714286,9065.4,9031.8,130.60714285714272,1.2011166594581844,eod,61.5,13.060714285713402,4.708777686628703,2020
2020-02-04,short,2020-02-04 14:34:00+00:00,2020-02-04 14:42:00+00:00,9230.5,9244.289285714285,9244.289285714285,9265.3,9230.5,137.89285714285703,1.0175069208874332,stop,-13.789285714285143,13.789285714285143,-1.0,2020
2020-02-05,short,2020-02-05 14:34:00+00:00,2020-02-05 20:59:00+00:00,9422.5,9371.5,9437.582857142857,9452.8,9422.5,150.82857142857145,1.2026154026858775,eod,51.0,15.082857142857392,3.3813222201173905,2020
2020-02-06,short,2020-02-06 14:34:00+00:00,2020-02-06 14:51:00+00:00,9369.2,9384.890000000001,9384.890000000001,9401.1,9369.2,156.90000000000003,1.1219908033540709,stop,-15.69000000000051,15.69000000000051,-1.0,2020
2020-02-07,short,2020-02-07 14:34:00+00:00,2020-02-07 14:35:00+00:00,9378.5,9394.072142857143,9394.072142857143,9416.2,9378.5,155.7214285714286,1.0195779690713795,stop,-15.572142857143263,15.572142857143263,-1.0,2020
2020-02-10,long,2020-02-10 14:34:00+00:00,2020-02-10 20:59:00+00:00,9409.3,9518.9,9393.792142857143,9409.3,9372.4,155.0785714285716,1.0177697841726618,eod,109.60000000000036,15.507857142856665,7.06738519644444,2020
2020-02-11,short,2020-02-11 14:34:00+00:00,2020-02-11 14:49:00+00:00,9547.3,9562.996428571429,9562.996428571429,9575.3,9547.3,156.96428571428584,1.0597115418689536,stop,-15.696428571429351,15.696428571429351,-1.0,2020
2020-02-13,long,2020-02-13 14:34:00+00:00,2020-02-13 15:01:00+00:00,9570.7,9555.644285714287,9555.644285714287,9570.7,9533.4,150.55714285714294,1.0533596837944663,stop,-15.055714285714203,15.055714285714203,-1.0,2020
2020-02-18,long,2020-02-18 14:34:00+00:00,2020-02-18 14:36:00+00:00,9606.9,9594.917857142857,9594.917857142857,9606.9,9570.6,119.82142857142857,1.0370174710388287,stop,-11.982142857143117,11.982142857143117,-1.0,2020
2020-02-19,long,2020-02-19 14:34:00+00:00,2020-02-19 20:59:00+00:00,9698.3,9720.9,9686.156428571428,9698.3,9674.2,121.43571428571418,1.1104920377969356,eod,22.600000000000364,12.143571428570795,1.8610669960591826,2020
2020-02-20,long,2020-02-20 14:34:00+00:00,2020-02-20 15:21:00+00:00,9711.7,9699.917142857144,9699.917142857144,9711.7,9692.4,117.82857142857132,1.0026862396428438,stop,-11.782857142856301,11.782857142856301,-1.0,2020
2020-02-21,short,2020-02-21 14:34:00+00:00,2020-02-21 20:59:00+00:00,9567.7,9446.2,9579.700714285715,9597.7,9567.7,120.00714285714263,1.093724966622163,eod,121.5,12.000714285713912,10.124397357300476,2020
2020-02-24,long,2020-02-24 14:34:00+00:00,2020-02-24 15:31:00+00:00,9139.3,9126.262142857142,9126.262142857142,9139.3,9036.6,130.37857142857123,1.212606878570607,stop,-13.03785714285732,13.03785714285732,-1.0,2020
2020-02-25,short,2020-02-25 14:34:00+00:00,2020-02-25 20:59:00+00:00,9128.7,8834.5,9143.00142857143,9186.0,9128.7,143.0142857142855,1.2907538903157576,eod,294.2000000000007,14.301428571428914,20.571371491359063,2020
2020-02-26,long,2020-02-26 14:34:00+00:00,2020-02-26 17:04:00+00:00,8935.8,8919.323571428571,8919.323571428571,8935.8,8876.4,164.7642857142855,1.269393406428919,stop,-16.476428571428187,16.476428571428187,-1.0,2020
2020-02-27,short,2020-02-27 14:34:00+00:00,2020-02-27 14:36:00+00:00,8631.9,8649.324285714285,8649.324285714285,8683.1,8631.9,174.242857142857,1.3062943262411346,stop,-17.42428571428536,17.42428571428536,-1.0,2020
2020-02-28,long,2020-02-28 14:34:00+00:00,2020-02-28 14:40:00+00:00,8279.9,8259.027142857143,8259.027142857143,8279.9,8122.2,208.72857142857123,1.1483782417106119,stop,-20.872857142856446,20.872857142856446,-1.0,2020
2020-03-02,short,2020-03-02 14:34:00+00:00,2020-03-02 14:45:00+00:00,8522.9,8547.755714285713,8547.755714285713,8592.4,8522.9,248.55714285714274,1.1937285223367697,stop,-24.855714285713475,24.855714285713475,-1.0,2020
2020-03-03,short,2020-03-03 14:34:00+00:00,2020-03-03 15:00:00+00:00,8841.9,8870.090714285714,8870.090714285714,8899.4,8841.9,281.90714285714273,1.1833084947839045,stop,-28.19071428571442,28.19071428571442,-1.0,2020
2020-03-04,long,2020-03-04 14:34:00+00:00,2020-03-04 15:37:00+00:00,8781.2,8749.829285714286,8749.829285714286,8781.2,8736.4,313.70714285714274,1.0738180428665718,stop,-31.370714285714712,31.370714285714712,-1.0,2020
2020-03-05,long,2020-03-05 14:34:00+00:00,2020-03-05 14:52:00+00:00,8759.1,8726.574285714287,8726.574285714287,8759.1,8697.6,325.2571428571428,1.0452828881266674,stop,-32.52571428571355,32.52571428571355,-1.0,2020
2020-03-06,long,2020-03-06 14:34:00+00:00,2020-03-06 14:41:00+00:00,8454.8,8420.843571428572,8420.843571428572,8454.8,8377.0,339.56428571428575,1.1285465533135308,stop,-33.95642857142775,33.95642857142775,-1.0,2020
2020-03-10,short,2020-03-10 13:34:00+00:00,2020-03-10 14:08:00+00:00,8186.1,8224.205714285714,8224.205714285714,8245.0,8186.1,381.05714285714305,1.1355460530781238,stop,-38.105714285713475,38.105714285713475,-1.0,2020
2020-03-11,long,2020-03-11 13:34:00+00:00,2020-03-11 14:20:00+00:00,8216.9,8177.032142857142,8177.032142857142,8216.9,8146.3,398.6785714285716,1.0066220713301286,stop,-39.86785714285725,39.86785714285725,-1.0,2020
2020-03-19,short,2020-03-19 13:34:00+00:00,2020-03-19 13:51:00+00:00,7066.2,7122.503571428571,7122.503571428571,7192.7,7066.2,563.0357142857144,1.2840325988530032,stop,-56.30357142857156,56.30357142857156,-1.0,2020
2020-03-20,long,2020-03-20 13:34:00+00:00,2020-03-20 13:38:00+00:00,7439.8,7382.810714285714,7382.810714285714,7439.8,7376.6,569.8928571428572,1.1304725126914565,stop,-56.98928571428587,56.98928571428587,-1.0,2020
2020-03-23,short,2020-03-23 13:34:00+00:00,2020-03-23 13:48:00+00:00,6893.8,6952.693571428572,6952.693571428572,7010.1,6893.8,588.9357142857144,1.4648850217526415,stop,-58.893571428571704,58.893571428571704,-1.0,2020
2020-03-25,long,2020-03-25 13:34:00+00:00,2020-03-25 13:51:00+00:00,7607.3,7545.0085714285715,7545.0085714285715,7607.3,7484.7,622.9142857142857,1.614815495611415,stop,-62.291428571428696,62.291428571428696,-1.0,2020
2020-03-26,long,2020-03-26 13:34:00+00:00,2020-03-26 13:47:00+00:00,7617.2,7554.942857142857,7554.942857142857,7617.2,7513.5,622.5714285714286,1.5477482365708084,stop,-62.25714285714275,62.25714285714275,-1.0,2020
2020-03-27,long,2020-03-27 13:34:00+00:00,2020-03-27 13:42:00+00:00,7674.2,7610.8042857142855,7610.8042857142855,7674.2,7638.4,633.9571428571429,1.3224324324324324,stop,-63.39571428571435,63.39571428571435,-1.0,2020
2020-03-30,long,2020-03-30 13:34:00+00:00,2020-03-30 13:41:00+00:00,7709.8,7651.372142857143,7651.372142857143,7709.8,7658.8,584.2785714285714,1.0923539342034834,stop,-58.42785714285674,58.42785714285674,-1.0,2020
2020-03-31,short,2020-03-31 13:34:00+00:00,2020-03-31 14:06:00+00:00,7816.4,7871.8042857142855,7871.8042857142855,7851.6,7816.4,554.0428571428571,1.1739240080699396,stop,-55.404285714285834,55.404285714285834,-1.0,2020
2020-04-01,long,2020-04-01 13:34:00+00:00,2020-04-01 16:29:00+00:00,7601.2,7550.932857142857,7550.932857142857,7601.2,7559.2,502.6714285714285,1.2532983761840324,stop,-50.26714285714297,50.26714285714297,-1.0,2020
2020-04-02,long,2020-04-02 13:34:00+00:00,2020-04-02 13:42:00+00:00,7509.6,7463.750714285715,7463.750714285715,7509.6,7419.6,458.49285714285713,1.1805621724630777,stop,-45.84928571428554,45.84928571428554,-1.0,2020
2020-04-03,long,2020-04-03 13:34:00+00:00,2020-04-03 14:18:00+00:00,7623.6,7580.075714285715,7580.075714285715,7623.6,7567.1,435.24285714285713,1.0274982717566634,stop,-43.524285714285725,43.524285714285725,-1.0,2020
2020-05-08,short,2020-05-08 13:34:00+00:00,2020-05-08 13:45:00+00:00,9132.6,9155.562857142857,9155.562857142857,9174.2,9132.6,229.62857142857163,1.0198619353276008,stop,-22.962857142856592,22.962857142856592,-1.0,2020
2020-05-13,short,2020-05-13 13:34:00+00:00,2020-05-13 13:46:00+00:00,9079.7,9101.611428571428,9101.611428571428,9147.4,9079.7,219.11428571428573,1.0752217766435774,stop,-21.911428571427678,21.911428571427678,-1.0,2020
2020-05-14,long,2020-05-14 13:34:00+00:00,2020-05-14 13:39:00+00:00,8971.2,8947.836428571429,8947.836428571429,8971.2,8931.6,233.63571428571439,1.093286518554392,stop,-23.36357142857196,23.36357142857196,-1.0,2020
2020-05-15,long,2020-05-15 13:34:00+00:00,2020-05-15 13:49:00+00:00,9003.3,8980.082142857142,8980.082142857142,9003.3,8963.8,232.17857142857142,1.0794510653665583,stop,-23.21785714285761,23.21785714285761,-1.0,2020
2020-05-18,short,2020-05-18 13:34:00+00:00,2020-05-18 13:36:00+00:00,9255.1,9275.578571428572,9275.578571428572,9283.2,9255.1,204.78571428571428,1.0515525716340965,stop,-20.47857142857174,20.47857142857174,-1.0,2020
2020-05-19,long,2020-05-19 13:34:00+00:00,2020-05-19 13:48:00+00:00,9360.1,9339.755714285715,9339.755714285715,9360.1,9319.6,203.4428571428572,1.0097075814424394,stop,-20.344285714285434,20.344285714285434,-1.0,2020
2020-05-26,short,2020-05-26 13:34:00+00:00,2020-05-26 19:59:00+00:00,9532.9,9391.4,9552.267857142857,9572.5,9532.9,193.6785714285713,1.0203775471933991,eod,141.5,19.367857142857247,7.305919232896882,2020
2020-05-27,short,2020-05-27 13:34:00+00:00,2020-05-27 13:35:00+00:00,9348.6,9368.833571428571,9368.833571428571,9387.8,9348.6,202.3357142857142,1.1073842302878598,stop,-20.23357142857094,20.23357142857094,-1.0,2020
2020-05-28,long,2020-05-28 13:34:00+00:00,2020-05-28 19:50:00+00:00,9421.2,9400.166428571429,9400.166428571429,9421.2,9386.2,210.3357142857142,1.1014942029884058,stop,-21.03357142857203,21.03357142857203,-1.0,2020
2020-05-29,long,2020-05-29 13:34:00+00:00,2020-05-29 14:07:00+00:00,9465.0,9444.68642857143,9444.68642857143,9465.0,9425.2,203.13571428571413,1.0287125656066687,stop,-20.313571428570867,20.313571428570867,-1.0,2020
2020-06-01,long,2020-06-01 13:34:00+00:00,2020-06-01 19:59:00+00:00,9550.9,9596.7,9532.287142857142,9550.9,9507.7,186.12857142857138,1.021973287376131,eod,45.80000000000109,18.612857142858047,2.460664671118214,2020
2020-06-03,long,2020-06-03 13:34:00+00:00,2020-06-03 14:12:00+00:00,9697.4,9678.899285714286,9678.899285714286,9697.4,9661.0,185.0071428571426,1.0131123206333499,stop,-18.50071428571391,18.50071428571391,-1.0,2020
2020-06-05,long,2020-06-05 13:34:00+00:00,2020-06-05 19:59:00+00:00,9692.3,9814.4,9674.359285714285,9692.3,9655.1,179.40714285714253,1.0974352527030427,eod,122.10000000000036,17.94071428571442,6.805749094238931,2020
2020-06-08,short,2020-06-08 13:34:00+00:00,2020-06-08 13:40:00+00:00,9795.2,9812.445000000002,9812.445000000002,9817.4,9795.2,172.44999999999982,1.0388630360960884,stop,-17.2450000000008,17.2450000000008,-1.0,2020
2020-06-09,long,2020-06-09 13:34:00+00:00,2020-06-09 19:59:00+00:00,9880.7,9964.6,9863.654285714287,9880.7,9853.2,170.4571428571427,1.0523596496755088,eod,83.89999999999964,17.045714285713984,4.922058330539791,2020
2020-06-10,short,2020-06-10 13:34:00+00:00,2020-06-10 13:36:00+00:00,10027.9,10045.9,10045.9,10055.3,10027.9,179.99999999999974,1.0388661417322835,stop,-18.0,18.0,-1.0,2020
2020-06-11,long,2020-06-11 13:34:00+00:00,2020-06-11 14:28:00+00:00,9952.6,9934.120714285715,9934.120714285715,9952.6,9906.8,184.79285714285692,1.1514808526693079,stop,-18.479285714285652,18.479285714285652,-1.0,2020
2020-06-12,long,2020-06-12 13:34:00+00:00,2020-06-12 13:38:00+00:00,9809.8,9789.761428571428,9789.761428571428,9809.8,9777.0,200.385714285714,1.0757150869321368,stop,-20.03857142857123,20.03857142857123,-1.0,2020
2020-06-16,short,2020-06-16 13:34:00+00:00,2020-06-16 13:42:00+00:00,9962.0,9984.082142857143,9984.082142857143,9995.0,9962.0,220.82142857142844,1.0104954558780417,stop,-22.08214285714348,22.08214285714348,-1.0,2020
2020-06-18,long,2020-06-18 13:34:00+00:00,2020-06-18 13:37:00+00:00,9989.4,9966.380714285713,9966.380714285713,9989.4,9961.0,230.19285714285706,1.0223695111847555,stop,-23.019285714286525,23.019285714286525,-1.0,2020
2020-06-25,long,2020-06-25 13:34:00+00:00,2020-06-25 18:20:00+00:00,10028.6,10003.573571428571,10003.573571428571,10028.6,9998.4,250.26428571428565,1.0266831595688284,stop,-25.02642857142928,25.02642857142928,-1.0,2020
2020-06-26,short,2020-06-26 13:34:00+00:00,2020-06-26 13:39:00+00:00,10054.0,10079.222142857143,10079.222142857143,10092.9,10054.0,252.2214285714286,1.0177319587628866,stop,-25.2221428571429,25.2221428571429,-1.0,2020
2020-06-29,short,2020-06-29 13:34:00+00:00,2020-06-29 14:13:00+00:00,9819.9,9843.337857142857,9843.337857142857,9861.4,9819.9,234.37857142857152,1.0284808268248282,stop,-23.437857142856956,23.437857142856956,-1.0,2020
2020-06-30,long,2020-06-30 13:34:00+00:00,2020-06-30 19:59:00+00:00,9994.4,10145.0,9971.414999999999,9994.4,9953.7,229.84999999999997,1.0061450225317492,eod,150.60000000000036,22.985000000000582,6.552099195127107,2020
2020-07-07,long,2020-07-07 13:34:00+00:00,2020-07-07 18:20:00+00:00,10621.0,10600.592857142858,10600.592857142858,10621.0,10567.4,204.07142857142858,1.02484237074401,stop,-20.40714285714239,20.40714285714239,-1.0,2020
2020-07-10,short,2020-07-10 13:34:00+00:00,2020-07-10 14:26:00+00:00,10696.0,10716.532857142856,10716.532857142856,10756.7,10696.0,205.3285714285716,1.1329219694048078,stop,-20.5328571428563,20.5328571428563,-1.0,2020
2020-07-13,long,2020-07-13 13:34:00+00:00,2020-07-13 14:02:00+00:00,10972.4,10953.706428571428,10953.706428571428,10972.4,10937.3,186.9357142857143,1.0926435751328512,stop,-18.693571428571886,18.693571428571886,-1.0,2020
2020-07-14,long,2020-07-14 13:34:00+00:00,2020-07-14 13:47:00+00:00,10600.7,10580.564285714287,10580.564285714287,10600.7,10487.8,201.35714285714297,1.2492829370896807,stop,-20.13571428571413,20.13571428571413,-1.0,2020
2020-07-15,short,2020-07-15 13:34:00+00:00,2020-07-15 13:41:00+00:00,10701.6,10723.723571428573,10723.723571428573,10744.0,10701.6,221.2357142857145,1.179928405451234,stop,-22.123571428572177,22.123571428572177,-1.0,2020
2020-07-16,short,2020-07-16 13:34:00+00:00,2020-07-16 13:36:00+00:00,10555.7,10577.27,10577.27,10607.5,10555.7,215.70000000000022,1.1168539325842697,stop,-21.56999999999971,21.56999999999971,-1.0,2020
2020-07-20,long,2020-07-20 13:34:00+00:00,2020-07-20 19:59:00+00:00,10692.8,10943.0,10672.675714285713,10692.8,10660.0,201.2428571428575,1.057680250783699,eod,250.20000000000073,20.12428571428609,12.432739405125098,2020
2020-07-21,short,2020-07-21 13:34:00+00:00,2020-07-21 13:35:00+00:00,10971.1,10993.98,10993.98,11009.2,10971.1,228.80000000000032,1.1471086833678659,stop,-22.8799999999992,22.8799999999992,-1.0,2020
2020-07-22,long,2020-07-22 13:34:00+00:00,2020-07-22 14:29:00+00:00,10880.9,10857.316428571428,10857.316428571428,10880.9,10829.2,235.8357142857146,1.1115674195756333,stop,-23.583571428571304,23.583571428571304,-1.0,2020
2020-07-23,short,2020-07-23 13:34:00+00:00,2020-07-23 14:31:00+00:00,10805.7,10828.827142857144,10828.827142857144,10850.8,10805.7,231.27142857142877,1.0819165378670788,stop,-23.127142857143554,23.127142857143554,-1.0,2020
2020-07-24,short,2020-07-24 13:34:00+00:00,2020-07-24 14:05:00+00:00,10389.0,10414.247142857143,10414.247142857143,10440.3,10389.0,252.47142857142885,1.1054365733113674,stop,-25.247142857142535,25.247142857142535,-1.0,2020
2020-07-27,long,2020-07-27 13:34:00+00:00,2020-07-27 15:27:00+00:00,10576.4,10551.392142857143,10551.392142857143,10576.4,10522.4,250.0785714285716,1.0117551682205108,stop,-25.007857142856665,25.007857142856665,-1.0,2020
2020-07-28,short,2020-07-28 13:34:00+00:00,2020-07-28 13:45:00+00:00,10598.7,10623.994285714287,10623.994285714287,10651.6,10598.7,252.94285714285732,1.0413689790274256,stop,-25.29428571428616,25.29428571428616,-1.0,2020
2020-07-31,short,2020-07-31 13:34:00+00:00,2020-07-31 19:26:00+00:00,10833.6,10858.065714285714,10858.065714285714,10907.0,10833.6,244.6571428571428,1.0524766487404473,stop,-24.465714285714057,24.465714285714057,-1.0,2020
2020-08-11,short,2020-08-11 13:34:00+00:00,2020-08-11 13:38:00+00:00,10978.8,10997.791428571429,10997.791428571429,11033.0,10978.8,189.9142857142858,1.02817476521029,stop,-18.991428571429424,18.991428571429424,-1.0,2020
2020-08-13,long,2020-08-13 13:34:00+00:00,2020-08-13 13:54:00+00:00,11205.5,11185.065,11185.065,11205.5,11166.3,204.34999999999997,1.030423589983618,stop,-20.43499999999949,20.43499999999949,-1.0,2020
2020-08-20,long,2020-08-20 13:34:00+00:00,2020-08-20 19:59:00+00:00,11308.2,11474.7,11290.987857142858,11308.2,11270.1,172.12142857142877,1.024905023216547,eod,166.5,17.21214285714268,9.67340332821523,2020
2020-08-21,short,2020-08-21 13:34:00+00:00,2020-08-21 13:43:00+00:00,11467.1,11485.391428571429,11485.391428571429,11489.7,11467.1,182.9142857142858,1.0600522193211488,stop,-18.291428571428696,18.291428571428696,-1.0,2020
2020-08-25,long,2020-08-25 13:34:00+00:00,2020-08-25 13:38:00+00:00,11613.3,11595.888571428572,11595.888571428572,11613.3,11577.7,174.11428571428573,1.0526315789473684,stop,-17.411428571427678,17.411428571427678,-1.0,2020
2020-08-27,short,2020-08-27 13:34:00+00:00,2020-08-27 13:35:00+00:00,11939.2,11957.850714285714,11957.850714285714,12017.2,11939.2,186.50714285714275,1.105151386444997,stop,-18.650714285713548,18.650714285713548,-1.0,2020
2020-08-28,long,2020-08-28 13:34:00+00:00,2020-08-28 13:39:00+00:00,11996.7,11978.755000000001,11978.755000000001,11996.7,11974.6,179.44999999999996,1.027329641223212,stop,-17.94499999999971,17.94499999999971,-1.0,2020
2020-08-31,short,2020-08-31 13:34:00+00:00,2020-08-31 13:36:00+00:00,12001.6,12017.587857142858,12017.587857142858,12038.3,12001.6,159.87857142857152,1.107486407360937,stop,-15.987857142858047,15.987857142858047,-1.0,2020
2020-09-01,short,2020-09-01 13:34:00+00:00,2020-09-01 13:35:00+00:00,12128.5,12144.822142857143,12144.822142857143,12204.0,12128.5,163.22142857142873,1.0857040828472801,stop,-16.322142857143263,16.322142857143263,-1.0,2020
2020-09-02,short,2020-09-02 13:34:00+00:00,2020-09-02 13:44:00+00:00,12386.7,12404.755714285715,12404.755714285715,12434.4,12386.7,180.55714285714308,1.0278879744212208,stop,-18.055714285714203,18.055714285714203,-1.0,2020
2020-09-03,short,2020-09-03 13:34:00+00:00,2020-09-03 13:36:00+00:00,12176.8,12195.970714285713,12195.970714285713,12240.4,12176.8,191.70714285714297,1.1277339813881808,stop,-19.170714285713984,19.170714285713984,-1.0,2020
2020-09-04,long,2020-09-04 13:34:00+00:00,2020-09-04 13:37:00+00:00,11833.3,11809.347857142857,11809.347857142857,11833.3,11682.8,239.52142857142877,1.18878000117364,stop,-23.952142857142462,23.952142857142462,-1.0,2020
2020-09-08,long,2020-09-08 13:34:00+00:00,2020-09-08 13:35:00+00:00,11229.3,11201.777142857141,11201.777142857141,11229.3,11141.5,275.22857142857174,1.107209957726632,stop,-27.5228571428579,27.5228571428579,-1.0,2020
2020-09-09,short,2020-09-09 13:34:00+00:00,2020-09-09 14:00:00+00:00,11252.4,11284.097857142857,11284.097857142857,11306.5,11252.4,316.97857142857174,1.1248334588426112,stop,-31.697857142857174,31.697857142857174,-1.0,2020
2020-09-10,long,2020-09-10 13:34:00+00:00,2020-09-10 14:44:00+00:00,11546.0,11512.69642857143,11512.69642857143,11546.0,11484.1,333.03571428571456,1.0847671484285388,stop,-33.30357142857065,33.30357142857065,-1.0,2020
2020-09-14,short,2020-09-14 13:34:00+00:00,2020-09-14 13:40:00+00:00,11219.3,11255.399285714286,11255.399285714286,11263.4,11219.3,360.99285714285725,1.0274719037348168,stop,-36.09928571428645,36.09928571428645,-1.0,2020
2020-09-15,short,2020-09-15 13:34:00+00:00,2020-09-15 15:05:00+00:00,11414.1,11450.779285714287,11450.779285714287,11438.6,11414.1,366.79285714285714,1.0172599173787562,stop,-36.67928571428638,36.67928571428638,-1.0,2020
2020-09-17,long,2020-09-17 13:34:00+00:00,2020-09-17 16:11:00+00:00,11018.0,10978.465,10978.465,11018.0,10959.1,395.34999999999997,1.0360740615678992,stop,-39.534999999999854,39.534999999999854,-1.0,2020
2020-09-21,long,2020-09-21 13:34:00+00:00,2020-09-21 13:55:00+00:00,10828.5,10793.163571428571,10793.163571428571,10828.5,10758.4,353.3642857142856,1.0467363217615997,stop,-35.33642857142877,35.33642857142877,-1.0,2020
2020-09-24,short,2020-09-24 13:34:00+00:00,2020-09-24 13:42:00+00:00,10730.5,10763.142857142857,10763.142857142857,10801.8,10730.5,326.4285714285713,1.0725743129556926,stop,-32.64285714285688,32.64285714285688,-1.0,2020
2020-09-25,short,2020-09-25 13:34:00+00:00,2020-09-25 13:36:00+00:00,10879.0,10909.583571428571,10909.583571428571,10927.9,10879.0,305.83571428571406,1.0268433949654712,stop,-30.583571428571304,30.583571428571304,-1.0,2020
2020-09-28,short,2020-09-28 13:34:00+00:00,2020-09-28 18:12:00+00:00,11315.7,11342.823571428573,11342.823571428573,11352.8,11315.7,271.2357142857141,1.028469353578207,stop,-27.123571428572177,27.123571428572177,-1.0,2020
2020-10-02,long,2020-10-02 13:34:00+00:00,2020-10-02 15:34:00+00:00,11386.5,11359.397857142858,11359.397857142858,11386.5,11310.4,271.02142857142854,1.0177868897877762,stop,-27.1021428571421,27.1021428571421,-1.0,2020
2020-10-13,short,2020-10-13 13:34:00+00:00,2020-10-13 13:36:00+00:00,12085.8,12107.92,12107.92,12160.2,12085.8,221.19999999999968,1.1048396367398552,stop,-22.1200000000008,22.1200000000008,-1.0,2020
2020-10-15,long,2020-10-15 13:34:00+00:00,2020-10-15 14:14:00+00:00,11845.3,11821.706428571428,11821.706428571428,11845.3,11766.7,235.93571428571417,2.070684868116613,stop,-23.593571428571522,23.593571428571522,-1.0,2020
2020-10-16,short,2020-10-16 13:34:00+00:00,2020-10-16 13:56:00+00:00,11939.7,11963.388571428572,11963.388571428572,11974.3,11939.7,236.88571428571413,1.8285837651122627,stop,-23.688571428570867,23.688571428570867,-1.0,2020
2020-10-19,long,2020-10-19 13:34:00+00:00,2020-10-19 13:54:00+00:00,11933.1,11910.577142857142,11910.577142857142,11933.1,11909.6,225.22857142857123,1.6708435207823962,stop,-22.5228571428579,22.5228571428579,-1.0,2020
2020-10-20,long,2020-10-20 13:34:00+00:00,2020-10-20 14:27:00+00:00,11715.0,11692.467142857144,11692.467142857144,11715.0,11667.6,225.32857142857134,1.5790995854622578,stop,-22.5328571428563,22.5328571428563,-1.0,2020
2020-10-21,long,2020-10-21 13:34:00+00:00,2020-10-21 15:10:00+00:00,11710.0,11686.889285714286,11686.889285714286,11710.0,11669.0,231.10714285714272,1.50848,stop,-23.110714285714494,23.110714285714494,-1.0,2020
2020-10-23,short,2020-10-23 13:34:00+00:00,2020-10-23 19:20:00+00:00,11639.5,11661.565,11661.565,11689.2,11639.5,220.65000000000003,1.1187790868307408,stop,-22.06500000000051,22.06500000000051,-1.0,2020
2020-10-26,long,2020-10-26 13:34:00+00:00,2020-10-26 14:32:00+00:00,11632.8,11611.554285714285,11611.554285714285,11632.8,11577.7,212.45714285714308,1.0558181225554106,stop,-21.245714285714712,21.245714285714712,-1.0,2020
2020-10-27,short,2020-10-27 13:34:00+00:00,2020-10-27 14:34:00+00:00,11511.0,11533.44642857143,11533.44642857143,11565.9,11511.0,224.46428571428598,1.3967762426552326,stop,-22.44642857142935,22.44642857142935,-1.0,2020
2020-10-28,short,2020-10-28 13:34:00+00:00,2020-10-28 19:59:00+00:00,11373.0,11151.6,11395.833571428571,11434.8,11373.0,228.3357142857146,1.329960354917878,eod,221.39999999999964,22.833571428571304,9.696249257046366,2020
2020-10-29,long,2020-10-29 13:34:00+00:00,2020-10-29 13:36:00+00:00,11250.8,11227.856428571427,11227.856428571427,11250.8,11200.4,229.43571428571457,1.1088860178007465,stop,-22.943571428571886,22.943571428571886,-1.0,2020
2020-11-02,short,2020-11-02 14:34:00+00:00,2020-11-02 15:47:00+00:00,11122.0,11145.06,11145.06,11164.5,11122.0,230.60000000000022,1.1939953810623556,stop,-23.05999999999949,23.05999999999949,-1.0,2020
2020-11-03,short,2020-11-03 14:34:00+00:00,2020-11-03 14:37:00+00:00,11116.4,11139.741428571428,11139.741428571428,11164.2,11116.4,233.4142857142859,1.0117378338937886,stop,-23.34142857142797,23.34142857142797,-1.0,2020
2020-11-04,long,2020-11-04 14:34:00+00:00,2020-11-04 15:04:00+00:00,11682.8,11655.377857142856,11655.377857142856,11682.8,11620.1,274.2214285714287,1.0568955993371387,stop,-27.422142857143626,27.422142857143626,-1.0,2020
2020-11-06,short,2020-11-06 14:34:00+00:00,2020-11-06 15:31:00+00:00,11982.9,12012.801428571429,12012.801428571429,12058.3,11982.9,299.0142857142859,1.0550987095383288,stop,-29.90142857142928,29.90142857142928,-1.0,2020
2020-11-11,long,2020-11-11 14:34:00+00:00,2020-11-11 20:59:00+00:00,11747.1,11891.8,11710.010714285714,11747.1,11713.0,370.8928571428573,1.02154243860405,eod,144.6999999999989,37.089285714286234,3.90139624458345,2020
2020-11-17,long,2020-11-17 14:34:00+00:00,2020-11-17 18:45:00+00:00,12049.3,12016.029285714285,12016.029285714285,12049.3,12026.3,332.70714285714286,1.0217072275895807,stop,-33.27071428571435,33.27071428571435,-1.0,2020
2020-11-18,short,2020-11-18 14:34:00+00:00,2020-11-18 15:57:00+00:00,11948.8,11982.244999999999,11982.244999999999,11973.9,11948.8,334.44999999999993,1.036066177599067,stop,-33.44499999999971,33.44499999999971,-1.0,2020
2020-11-20,short,2020-11-20 14:34:00+00:00,2020-11-20 15:36:00+00:00,11967.9,11997.344285714285,11997.344285714285,11991.3,11967.9,294.44285714285706,1.0037328397346907,stop,-29.444285714285797,29.444285714285797,-1.0,2020
2020-11-23,long,2020-11-23 14:34:00+00:00,2020-11-23 15:06:00+00:00,11982.4,11957.850714285714,11957.850714285714,11982.4,11954.4,245.492857142857,1.0123157305467438,stop,-24.54928571428536,24.54928571428536,-1.0,2020
2020-11-25,long,2020-11-25 14:34:00+00:00,2020-11-25 15:04:00+00:00,12133.7,12109.649285714286,12109.649285714286,12133.7,12106.7,240.50714285714275,1.0273444900536786,stop,-24.050714285715003,24.050714285715003,-1.0,2020
2020-11-27,long,2020-11-27 14:34:00+00:00,2020-11-27 14:39:00+00:00,12258.7,12240.746428571429,12240.746428571429,12258.7,12222.1,179.53571428571402,1.018762796630081,stop,-17.953571428572104,17.953571428572104,-1.0,2020
2020-12-02,short,2020-12-02 14:34:00+00:00,2020-12-02 14:38:00+00:00,12357.0,12374.337857142857,12374.337857142857,12401.6,12357.0,173.37857142857152,1.1607883461868036,stop,-17.337857142856592,17.337857142856592,-1.0,2020
2020-12-03,long,2020-12-03 14:34:00+00:00,2020-12-03 14:36:00+00:00,12500.4,12483.446428571428,12483.446428571428,12500.4,12465.4,169.53571428571442,1.0451388888888888,stop,-16.953571428572104,16.953571428572104,-1.0,2020
2020-12-08,short,2020-12-08 14:34:00+00:00,2020-12-08 15:07:00+00:00,12553.6,12568.407857142858,12568.407857142858,12589.5,12553.6,148.0785714285716,1.0547812888091626,stop,-14.807857142857756,14.807857142857756,-1.0,2020
2020-12-11,short,2020-12-11 14:34:00+00:00,2020-12-11 14:48:00+00:00,12301.5,12317.667857142857,12317.667857142857,12359.0,12301.5,161.6785714285717,1.200547138047138,stop,-16.16785714285652,16.16785714285652,-1.0,2020
2020-12-14,long,2020-12-14 14:34:00+00:00,2020-12-14 20:59:00+00:00,12460.5,12465.5,12444.391428571429,12460.5,12428.4,161.0857142857146,1.01802179379715,eod,5.0,16.10857142857094,0.3103937566513042,2020
2020-12-15,long,2020-12-15 14:34:00+00:00,2020-12-15 20:59:00+00:00,12591.8,12611.6,12575.55,12591.8,12550.2,162.50000000000026,1.2251519888830988,eod,19.80000000000109,16.25,1.2184615384616055,2020
2020-12-22,short,2020-12-22 14:34:00+00:00,2020-12-22 14:38:00+00:00,12697.0,12713.392142857143,12713.392142857143,12731.9,12697.0,163.92142857142855,1.1105169340463459,stop,-16.39214285714297,16.39214285714297,-1.0,2020
2020-12-23,short,2020-12-23 14:34:00+00:00,2020-12-23 15:33:00+00:00,12698.1,12715.255714285715,12715.255714285715,12736.8,12698.1,171.55714285714268,1.0398969548847348,stop,-17.155714285714566,17.155714285714566,-1.0,2020
2020-12-28,short,2020-12-28 14:34:00+00:00,2020-12-28 15:00:00+00:00,12803.0,12817.721428571429,12817.721428571429,12833.5,12803.0,147.21428571428532,1.039696908737343,stop,-14.721428571428987,14.721428571428987,-1.0,2020
2020-12-29,long,2020-12-29 14:34:00+00:00,2020-12-29 14:36:00+00:00,12929.3,12915.317142857142,12915.317142857142,12929.3,12892.8,139.82857142857105,1.032086979581013,stop,-13.982857142857029,13.982857142857029,-1.0,2020
2020-12-31,short,2020-12-31 14:34:00+00:00,2020-12-31 14:39:00+00:00,12843.9,12857.685,12857.685,12863.2,12843.9,137.8499999999997,1.0277566414133061,stop,-13.784999999999854,13.784999999999854,-1.0,2020
2021-01-04,short,2021-01-04 14:34:00+00:00,2021-01-04 14:47:00+00:00,12909.3,12921.80857142857,12921.80857142857,12953.4,12909.3,125.0857142857142,1.1513081539940977,stop,-12.508571428570576,12.508571428570576,-1.0,2021
2021-01-05,long,2021-01-05 14:34:00+00:00,2021-01-05 20:59:00+00:00,12708.6,12802.1,12693.962142857143,12708.6,12661.5,146.37857142857138,1.0998940116587177,eod,93.5,14.637857142857683,6.387546967256877,2021
2021-01-06,short,2021-01-06 14:34:00+00:00,2021-01-06 14:35:00+00:00,12564.8,12580.777142857141,12580.777142857141,12637.3,12564.8,159.7714285714284,1.1537300702053672,stop,-15.977142857142098,15.977142857142098,-1.0,2021
2021-01-08,long,2021-01-08 14:34:00+00:00,2021-01-08 14:47:00+00:00,13050.6,13031.879285714285,13031.879285714285,13050.6,12998.4,187.20714285714283,1.162011903983256,stop,-18.720714285715076,18.720714285715076,-1.0,2021
2021-01-11,short,2021-01-11 14:34:00+00:00,2021-01-11 14:41:00+00:00,12942.6,12960.063571428573,12960.063571428573,12986.8,12942.6,174.63571428571439,1.159717726272174,stop,-17.463571428572322,17.463571428572322,-1.0,2021
2021-01-12,long,2021-01-12 14:34:00+00:00,2021-01-12 14:44:00+00:00,12946.4,12928.315714285714,12928.315714285714,12946.4,12908.8,180.8428571428572,1.0828138913624221,stop,-18.084285714285215,18.084285714285215,-1.0,2021
2021-01-13,long,2021-01-13 14:34:00+00:00,2021-01-13 15:01:00+00:00,12929.4,12910.441428571428,12910.441428571428,12929.4,12900.8,189.58571428571446,1.0262195890583639,stop,-18.958571428571304,18.958571428571304,-1.0,2021
2021-01-14,long,2021-01-14 14:34:00+00:00,2021-01-14 14:38:00+00:00,13018.9,12999.491428571428,12999.491428571428,13018.9,12985.6,194.08571428571446,1.0468488390459643,stop,-19.40857142857203,19.40857142857203,-1.0,2021
2021-01-15,long,2021-01-15 14:34:00+00:00,2021-01-15 14:41:00+00:00,12942.4,12922.756428571429,12922.756428571429,12942.4,12893.3,196.43571428571445,1.053536021150033,stop,-19.643571428570795,19.643571428570795,-1.0,2021
2021-01-21,short,2021-01-21 14:34:00+00:00,2021-01-21 14:35:00+00:00,13310.5,13331.582857142857,13331.582857142857,13357.3,13310.5,210.82857142857134,1.0467205750224617,stop,-21.082857142857392,21.082857142857392,-1.0,2021
2021-01-26,long,2021-01-26 14:34:00+00:00,2021-01-26 14:35:00+00:00,13523.2,13504.812857142859,13504.812857142859,13523.2,13501.7,183.87142857142848,1.0914161559165936,stop,-18.387142857141953,18.387142857141953,-1.0,2021
2021-01-27,short,2021-01-27 14:34:00+00:00,2021-01-27 14:35:00+00:00,13268.0,13287.197857142857,13287.197857142857,13403.6,13268.0,191.97857142857134,1.2027726252074586,stop,-19.197857142857174,19.197857142857174,-1.0,2021
2021-01-29,long,2021-01-29 14:34:00+00:00,2021-01-29 15:36:00+00:00,13148.3,13123.506428571427,13123.506428571427,13148.3,13106.4,247.93571428571417,1.1927804373140123,stop,-24.79357142857225,24.79357142857225,-1.0,2021
2021-02-01,long,2021-02-01 14:34:00+00:00,2021-02-01 15:40:00+00:00,13114.3,13088.000714285714,13088.000714285714,13114.3,13059.9,262.99285714285713,1.1334258333064438,stop,-26.29928571428536,26.29928571428536,-1.0,2021
2021-02-02,long,2021-02-02 14:34:00+00:00,2021-02-02 20:59:00+00:00,13389.6,13457.8,13361.497857142858,13389.6,13357.6,281.02142857142866,1.0959186301017123,eod,68.19999999999891,28.1021428571421,2.426861195130037,2021
2021-02-03,short,2021-02-03 14:34:00+00:00,2021-02-03 14:48:00+00:00,13485.1,13514.427857142857,13514.427857142857,13559.6,13485.1,293.27857142857164,1.0450375312760634,stop,-29.327857142856374,29.327857142856374,-1.0,2021
2021-02-04,short,2021-02-04 14:34:00+00:00,2021-02-04 14:39:00+00:00,13427.2,13456.792142857144,13456.792142857144,13491.0,13427.2,295.9214285714288,1.1367636667309051,stop,-29.5921428571437,29.5921428571437,-1.0,2021
2021-02-05,short,2021-02-05 14:34:00+00:00,2021-02-05 17:10:00+00:00,13567.5,13597.376428571428,13597.376428571428,13600.5,13567.5,298.764285714286,1.115666272265038,stop,-29.876428571427823,29.876428571427823,-1.0,2021
2021-02-12,short,2021-02-12 14:34:00+00:00,2021-02-12 14:42:00+00:00,13672.5,13698.775,13698.775,13702.5,13672.5,262.75,1.0510819330946042,stop,-26.274999999999636,26.274999999999636,-1.0,2021
2021-02-16,long,2021-02-16 14:34:00+00:00,2021-02-16 15:01:00+00:00,13866.7,13849.067857142858,13849.067857142858,13866.7,13827.9,176.32142857142844,1.1388505599589256,stop,-17.632142857142753,17.632142857142753,-1.0,2021
2021-02-18,long,2021-02-18 14:34:00+00:00,2021-02-18 14:40:00+00:00,13558.0,13541.915714285715,13541.915714285715,13558.0,13527.5,160.84285714285696,1.1145887558563248,stop,-16.084285714285215,16.084285714285215,-1.0,2021
2021-02-19,short,2021-02-19 14:34:00+00:00,2021-02-19 15:58:00+00:00,13667.5,13683.346428571429,13683.346428571429,13703.5,13667.5,158.46428571428547,1.039379357753118,stop,-15.846428571428987,15.846428571428987,-1.0,2021
2021-02-22,short,2021-02-22 14:34:00+00:00,2021-02-22 14:36:00+00:00,13365.3,13379.861428571428,13379.861428571428,13421.5,13365.3,145.61428571428547,1.1658967929259603,stop,-14.561428571429133,14.561428571429133,-1.0,2021
2021-02-23,short,2021-02-23 14:34:00+00:00,2021-02-23 14:36:00+00:00,12949.1,12965.326428571429,12965.326428571429,13021.1,12949.1,162.2642857142855,1.1918421052631578,stop,-16.226428571428187,16.226428571428187,-1.0,2021
2021-02-24,long,2021-02-24 14:34:00+00:00,2021-02-24 20:59:00+00:00,13124.7,13297.2,13104.972142857143,13124.7,13067.7,197.27857142857127,1.1953948012132678,eod,172.5,19.72785714285783,8.743980593069685,2021
2021-02-25,long,2021-02-25 14:34:00+00:00,2021-02-25 14:54:00+00:00,13255.1,13233.353571428572,13233.353571428572,13255.1,13181.8,217.46428571428558,1.1281584338720692,stop,-21.746428571428623,21.746428571428623,-1.0,2021
2021-02-26,long,2021-02-26 14:34:00+00:00,2021-02-26 14:42:00+00:00,12995.8,12970.266428571427,12970.266428571427,12995.8,12933.8,255.3357142857142,1.1614666363015258,stop,-25.53357142857203,25.53357142857203,-1.0,2021
2021-03-01,short,2021-03-01 14:34:00+00:00,2021-03-01 14:45:00+00:00,13078.2,13105.407142857144,13105.407142857144,13119.7,13078.2,272.07142857142856,1.1402897253045952,stop,-27.20714285714348,27.20714285714348,-1.0,2021
2021-03-02,short,2021-03-02 14:34:00+00:00,2021-03-02 20:59:00+00:00,13251.8,13062.6,13279.862142857142,13307.2,13251.8,280.6214285714286,1.0868403683565389,eod,189.1999999999989,28.062142857143044,6.742179346857656,2021
2021-03-04,long,2021-03-04 14:34:00+00:00,2021-03-04 14:44:00+00:00,12750.7,12716.865714285716,12716.865714285716,12750.7,12652.9,338.3428571428573,1.142529732408325,stop,-33.834285714285215,33.834285714285215,-1.0,2021
2021-03-05,short,2021-03-05 14:34:00+00:00,2021-03-05 18:16:00+00:00,12524.1,12559.941428571428,12559.941428571428,12608.8,12524.1,358.41428571428577,1.0826609177702495,stop,-35.84142857142797,35.84142857142797,-1.0,2021
2021-03-08,short,2021-03-08 14:34:00+00:00,2021-03-08 14:39:00+00:00,12539.9,12577.835714285713,12577.835714285713,12648.4,12539.9,379.3571428571431,1.0378072934871256,stop,-37.9357142857134,37.9357142857134,-1.0,2021
2021-03-10,short,2021-03-10 14:34:00+00:00,2021-03-10 14:50:00+00:00,12916.9,12959.39,12959.39,12972.6,12916.9,424.90000000000015,1.058405456525477,stop,-42.48999999999978,42.48999999999978,-1.0,2021
2021-03-17,short,2021-03-17 13:34:00+00:00,2021-03-17 13:48:00+00:00,12987.9,13022.353571428572,13022.353571428572,13031.0,12987.9,344.5357142857143,1.0423375419900383,stop,-34.453571428572104,34.453571428572104,-1.0,2021
2021-03-19,long,2021-03-19 13:34:00+00:00,2021-03-19 15:24:00+00:00,12851.4,12815.055,12815.055,12851.4,12780.3,363.4499999999998,1.0324686579236235,stop,-36.344999999999345,36.344999999999345,-1.0,2021
2021-03-25,long,2021-03-25 13:34:00+00:00,2021-03-25 14:37:00+00:00,12759.6,12731.275714285715,12731.275714285715,12759.6,12704.9,283.24285714285696,1.0384289924425898,stop,-28.324285714284997,28.324285714284997,-1.0,2021
2021-03-26,long,2021-03-26 13:34:00+00:00,2021-03-26 15:23:00+00:00,12814.2,12787.672142857144,12787.672142857144,12814.2,12770.1,265.2785714285714,1.0072882047694012,stop,-26.5278571428571,26.5278571428571,-1.0,2021
2021-03-30,short,2021-03-30 13:34:00+00:00,2021-03-30 13:39:00+00:00,12844.8,12869.56357142857,12869.56357142857,12903.5,12844.8,247.63571428571439,1.016713988818312,stop,-24.763571428571595,24.763571428571595,-1.0,2021
2021-04-01,long,2021-04-01 13:34:00+00:00,2021-04-01 19:59:00+00:00,13294.0,13330.2,13268.435,13294.0,13257.7,255.65000000000015,1.0331343897921383,eod,36.20000000000073,25.56500000000051,1.4159984353608452,2021
2021-04-06,short,2021-04-06 13:34:00+00:00,2021-04-06 13:38:00+00:00,13565.1,13586.579285714286,13586.579285714286,13588.1,13565.1,214.79285714285743,1.010118242249544,stop,-21.479285714285652,21.479285714285652,-1.0,2021
2021-04-08,long,2021-04-08 13:34:00+00:00,2021-04-08 13:43:00+00:00,13754.4,13733.558571428572,13733.558571428572,13754.4,13725.4,208.4142857142859,1.0112643745772183,stop,-20.84142857142797,20.84142857142797,-1.0,2021
2021-04-15,long,2021-04-15 13:34:00+00:00,2021-04-15 14:00:00+00:00,13980.0,13962.593571428572,13962.593571428572,13980.0,13937.1,174.06428571428555,1.003780079289468,stop,-17.406428571428478,17.406428571428478,-1.0,2021
2021-04-19,long,2021-04-19 13:34:00+00:00,2021-04-19 13:46:00+00:00,14021.7,14006.380000000001,14006.380000000001,14021.7,13965.9,153.19999999999968,1.0077210460772106,stop,-15.319999999999709,15.319999999999709,-1.0,2021
2021-04-21,short,2021-04-21 13:34:00+00:00,2021-04-21 13:35:00+00:00,13750.2,13768.007142857143,13768.007142857143,13778.4,13750.2,178.07142857142819,1.0158421432380713,stop,-17.807142857142026,17.807142857142026,-1.0,2021
2021-04-28,short,2021-04-28 13:34:00+00:00,2021-04-28 13:45:00+00:00,13917.1,13935.000714285714,13935.000714285714,13957.3,13917.1,179.00714285714275,1.0544761153302429,stop,-17.900714285713548,17.900714285713548,-1.0,2021
2021-04-29,short,2021-04-29 13:34:00+00:00,2021-04-29 13:37:00+00:00,14028.4,14046.695714285714,14046.695714285714,14074.9,14028.4,182.9571428571427,1.121777072590242,stop,-18.295714285713984,18.295714285713984,-1.0,2021
2021-04-30,long,2021-04-30 13:34:00+00:00,2021-04-30 17:47:00+00:00,13891.0,13872.532857142856,13872.532857142856,13891.0,13854.0,184.67142857142855,1.1541647491946618,stop,-18.4671428571437,18.4671428571437,-1.0,2021
2021-05-03,short,2021-05-03 13:34:00+00:00,2021-05-03 14:07:00+00:00,13901.7,13917.971428571429,13917.971428571429,13928.7,13901.7,162.71428571428572,1.0432876712328767,stop,-16.27142857142826,16.27142857142826,-1.0,2021
2021-05-04,short,2021-05-04 13:34:00+00:00,2021-05-04 19:59:00+00:00,13636.3,13555.8,13653.352857142856,13709.1,13636.3,170.5285714285714,1.0691879866518355,eod,80.5,17.052857142856737,4.720616570327665,2021
2021-05-06,short,2021-05-06 13:34:00+00:00,2021-05-06 13:36:00+00:00,13442.8,13462.003571428571,13462.003571428571,13498.3,13442.8,192.03571428571442,1.0369377135012612,stop,-19.203571428572104,19.203571428572104,-1.0,2021
2021-05-10,short,2021-05-10 13:34:00+00:00,2021-05-10 19:59:00+00:00,13572.9,13364.1,13591.010714285714,13666.9,13572.9,181.10714285714297,1.081872642556024,eod,208.79999999999927,18.110714285714494,11.52908696509547,2021
2021-05-12,long,2021-05-12 13:34:00+00:00,2021-05-12 13:36:00+00:00,13198.7,13176.34142857143,13176.34142857143,13198.7,13131.6,223.5857142857146,1.0831423997991274,stop,-22.35857142857094,22.35857142857094,-1.0,2021
2021-05-13,long,2021-05-13 13:34:00+00:00,2021-05-13 13:39:00+00:00,13174.6,13150.767142857143,13150.767142857143,13174.6,13128.0,238.3285714285717,1.0412505427702996,stop,-23.832857142857392,23.832857142857392,-1.0,2021
2021-05-17,short,2021-05-17 13:34:00+00:00,2021-05-17 14:18:00+00:00,13272.9,13297.742142857143,13297.742142857143,13329.6,13272.9,248.42142857142895,1.0498932601402866,stop,-24.8421428571437,24.8421428571437,-1.0,2021
2021-05-18,short,2021-05-18 13:34:00+00:00,2021-05-18 13:48:00+00:00,13322.1,13347.502857142857,13347.502857142857,13363.9,13322.1,254.02857142857167,1.020118485550176,stop,-25.4028571428571,25.4028571428571,-1.0,2021
2021-05-19,long,2021-05-19 13:34:00+00:00,2021-05-19 13:38:00+00:00,13043.1,13015.837857142857,13015.837857142857,13043.1,12976.0,272.6214285714289,1.0718586191403323,stop,-27.262142857143772,27.262142857143772,-1.0,2021
2021-05-26,long,2021-05-26 13:34:00+00:00,2021-05-26 15:33:00+00:00,13713.9,13686.697142857143,13686.697142857143,13713.9,13685.7,272.0285714285715,1.003653933262872,stop,-27.202857142856374,27.202857142856374,-1.0,2021
2021-05-27,short,2021-05-27 13:34:00+00:00,2021-05-27 13:39:00+00:00,13664.0,13687.67,13687.67,13699.6,13664.0,236.70000000000007,1.0218577587506406,stop,-23.670000000000073,23.670000000000073,-1.0,2021
2021-06-02,long,2021-06-02 13:34:00+00:00,2021-06-02 13:37:00+00:00,13690.8,13673.442857142856,13673.442857142856,13690.8,13655.1,173.57142857142844,1.0933034832422468,stop,-17.357142857143117,17.357142857143117,-1.0,2021
2021-06-03,long,2021-06-03 13:34:00+00:00,2021-06-03 15:32:00+00:00,13570.5,13553.902142857143,13553.902142857143,13570.5,13547.5,165.97857142857134,1.0093581125609594,stop,-16.59785714285681,16.59785714285681,-1.0,2021
2021-06-04,long,2021-06-04 13:34:00+00:00,2021-06-04 19:59:00+00:00,13650.6,13769.6,13634.453571428572,13650.6,13607.8,161.46428571428558,1.0902474526928674,eod,119.0,16.14642857142826,7.370050873700651,2021
2021-06-07,long,2021-06-07 13:34:00+00:00,2021-06-07 13:38:00+00:00,13749.6,13735.885714285714,13735.885714285714,13749.6,13727.1,137.14285714285703,1.082893470105899,stop,-13.714285714286234,13.714285714286234,-1.0,2021
2021-06-08,long,2021-06-08 13:34:00+00:00,2021-06-08 13:52:00+00:00,13881.2,13867.490714285716,13867.490714285716,13881.2,13863.3,137.0928571428571,1.084848484848485,stop,-13.709285714285215,13.709285714285215,-1.0,2021
2021-06-09,short,2021-06-09 13:34:00+00:00,2021-06-09 13:43:00+00:00,13863.6,13877.926428571429,13877.926428571429,13885.1,13863.6,143.26428571428576,1.097882621388544,stop,-14.32642857142855,14.32642857142855,-1.0,2021
2021-06-10,long,2021-06-10 13:34:00+00:00,2021-06-10 14:49:00+00:00,13872.0,13859.065714285714,13859.065714285714,13872.0,13811.3,129.3428571428572,1.0051903114186853,stop,-12.93428571428558,12.93428571428558,-1.0,2021
2021-06-11,short,2021-06-11 13:34:00+00:00,2021-06-11 13:56:00+00:00,13946.3,13960.117142857142,13960.117142857142,13971.3,13946.3,138.17142857142866,1.0119239013933548,stop,-13.817142857142244,13.817142857142244,-1.0,2021
2021-06-15,short,2021-06-15 13:34:00+00:00,2021-06-15 19:59:00+00:00,14079.3,14044.1,14093.237857142856,14128.6,14079.3,139.37857142857138,1.0511136686751066,eod,35.19999999999891,13.937857142856956,2.5254958232972444,2021
2021-06-21,short,2021-06-21 13:34:00+00:00,2021-06-21 13:44:00+00:00,14010.3,14027.019999999999,14027.019999999999,14087.5,14010.3,167.20000000000022,1.1342297711724463,stop,-16.719999999999345,16.719999999999345,-1.0,2021
2021-06-22,long,2021-06-22 13:34:00+00:00,2021-06-22 13:42:00+00:00,14166.7,14150.663571428571,14150.663571428571,14166.7,14123.2,160.364285714286,1.0301344459898008,stop,-16.036428571429497,16.036428571429497,-1.0,2021
2021-06-23,long,2021-06-23 13:34:00+00:00,2021-06-23 13:53:00+00:00,14310.9,14293.556428571428,14293.556428571428,14310.9,14269.5,173.4357142857147,1.0958466453674123,stop,-17.343571428571522,17.343571428571522,-1.0,2021
2021-06-24,long,2021-06-24 13:34:00+00:00,2021-06-24 17:19:00+00:00,14385.2,14368.494285714287,14368.494285714287,14385.2,14359.8,167.05714285714333,1.0444856348470806,stop,-16.70571428571384,16.70571428571384,-1.0,2021
2021-06-28,long,2021-06-28 13:34:00+00:00,2021-06-28 13:52:00+00:00,14461.0,14446.301428571429,14446.301428571429,14461.0,14406.4,146.98571428571464,1.0583264015970721,stop,-14.698571428571086,14.698571428571086,-1.0,2021
2021-06-30,short,2021-06-30 13:34:00+00:00,2021-06-30 13:36:00+00:00,14548.1,14564.229285714286,14564.229285714286,14583.1,14548.1,161.29285714285757,1.0499184122015384,stop,-16.129285714285288,16.129285714285288,-1.0,2021
2021-07-01,long,2021-07-01 13:34:00+00:00,2021-07-01 13:39:00+00:00,14574.8,14559.569285714286,14559.569285714286,14574.8,14530.6,152.30714285714333,1.0071374033130829,stop,-15.230714285713475,15.230714285713475,-1.0,2021
2021-07-02,long,2021-07-02 13:34:00+00:00,2021-07-02 14:31:00+00:00,14656.2,14641.095714285715,14641.095714285715,14656.2,14632.4,151.04285714285757,1.0189167662285943,stop,-15.104285714285652,15.104285714285652,-1.0,2021
2021-07-07,short,2021-07-07 13:34:00+00:00,2021-07-07 13:36:00+00:00,14836.2,14848.489285714286,14848.489285714286,14895.4,14836.2,122.89285714285754,1.056835314329792,stop,-12.289285714285143,12.289285714285143,-1.0,2021
2021-07-08,long,2021-07-08 13:34:00+00:00,2021-07-08 13:36:00+00:00,14636.7,14624.684285714286,14624.684285714286,14636.7,14580.7,120.15714285714317,1.2023730588030013,stop,-12.015714285715148,12.015714285715148,-1.0,2021
2021-07-09,long,2021-07-09 13:34:00+00:00,2021-07-09 13:50:00+00:00,14733.9,14721.753571428571,14721.753571428571,14733.9,14695.6,121.46428571428585,1.0119119725418937,stop,-12.14642857142826,12.14642857142826,-1.0,2021
2021-07-12,short,2021-07-12 13:34:00+00:00,2021-07-12 19:59:00+00:00,14873.9,14880.2,14886.093571428572,14899.9,14873.9,121.93571428571444,1.0240309551286402,eod,-6.300000000001091,12.193571428571886,-0.5166656903521292,2021
2021-07-13,long,2021-07-13 13:34:00+00:00,2021-07-13 17:41:00+00:00,14892.8,14880.448571428571,14880.448571428571,14892.8,14862.5,123.51428571428589,1.1301922095594488,stop,-12.351428571428187,12.351428571428187,-1.0,2021
2021-07-14,long,2021-07-14 13:34:00+00:00,2021-07-14 14:06:00+00:00,15003.6,14990.07,14990.07,15003.6,14964.7,135.30000000000018,1.1089203154745715,stop,-13.530000000000655,13.530000000000655,-1.0,2021
2021-07-15,short,2021-07-15 13:34:00+00:00,2021-07-15 13:36:00+00:00,14836.8,14850.212857142857,14850.212857142857,14904.3,14836.8,134.12857142857163,1.1435643564356437,stop,-13.41285714285732,13.41285714285732,-1.0,2021
2021-07-19,short,2021-07-19 13:34:00+00:00,2021-07-19 13:53:00+00:00,14501.2,14516.040714285715,14516.040714285715,14565.1,14501.2,148.40714285714304,1.2166826462128475,stop,-14.840714285714057,14.840714285714057,-1.0,2021
2021-07-20,short,2021-07-20 13:34:00+00:00,2021-07-20 13:46:00+00:00,14552.5,14567.377142857144,14567.377142857144,14612.0,14552.5,148.77142857142866,1.232911220043573,stop,-14.877142857143554,14.877142857143554,-1.0,2021
2021-07-21,long,2021-07-21 13:34:00+00:00,2021-07-21 19:59:00+00:00,14735.2,14839.3,14718.609285714287,14735.2,14705.2,165.9071428571429,1.0545589175726162,eod,104.09999999999854,16.590714285714057,6.2745942222413555,2021
2021-07-23,short,2021-07-23 13:34:00+00:00,2021-07-23 13:46:00+00:00,14958.5,14976.06357142857,14976.06357142857,15004.6,14958.5,175.63571428571427,1.1447519019726655,stop,-17.563571428570867,17.563571428570867,-1.0,2021
2021-07-27,short,2021-07-27 13:34:00+00:00,2021-07-27 13:35:00+00:00,15077.4,15093.192142857142,15093.192142857142,15118.1,15077.4,157.92142857142866,1.0385176448679352,stop,-15.792142857142608,15.792142857142608,-1.0,2021
2021-07-28,short,2021-07-28 13:34:00+00:00,2021-07-28 14:02:00+00:00,14993.8,15011.797142857142,15011.797142857142,15034.4,14993.8,179.9714285714286,1.1172048311560268,stop,-17.997142857142535,17.997142857142535,-1.0,2021
2021-07-29,long,2021-07-29 13:34:00+00:00,2021-07-29 19:59:00+00:00,15039.0,15048.9,15020.445714285714,15039.0,14994.7,185.54285714285717,1.124812030075188,eod,9.899999999999636,18.55428571428638,0.5335694487218584,2021
2021-07-30,long,2021-07-30 13:34:00+00:00,2021-07-30 13:38:00+00:00,14929.3,14910.299285714285,14910.299285714285,14929.3,14878.0,190.00714285714275,1.0707003479050068,stop,-19.00071428571391,19.00071428571391,-1.0,2021
2021-08-02,short,2021-08-02 13:34:00+00:00,2021-08-02 15:05:00+00:00,15025.4,15043.180714285714,15043.180714285714,15055.8,15025.4,177.80714285714268,1.0595907622352518,stop,-17.780714285714566,17.780714285714566,-1.0,2021
2021-08-03,short,2021-08-03 13:34:00+00:00,2021-08-03 13:39:00+00:00,14967.3,14984.449999999999,14984.449999999999,15010.0,14967.3,171.49999999999986,1.044633020693762,stop,-17.149999999999636,17.149999999999636,-1.0,2021
2021-08-04,short,2021-08-04 13:34:00+00:00,2021-08-04 13:35:00+00:00,15049.6,15067.679285714286,15067.679285714286,15081.2,15049.6,180.79285714285717,1.058677171884719,stop,-18.079285714286016,18.079285714286016,-1.0,2021
2021-08-12,short,2021-08-12 13:34:00+00:00,2021-08-12 14:17:00+00:00,14983.8,14999.539999999999,14999.539999999999,15013.6,14983.8,157.40000000000015,1.0169791820463605,stop,-15.739999999999782,15.739999999999782,-1.0,2021
2021-08-17,short,2021-08-17 13:34:00+00:00,2021-08-17 13:57:00+00:00,14980.4,14992.689285714285,14992.689285714285,15028.7,14980.4,122.89285714285714,1.0601243126942386,stop,-12.289285714285143,12.289285714285143,-1.0,2021
2021-08-18,long,2021-08-18 13:34:00+00:00,2021-08-18 13:41:00+00:00,15014.2,15000.846428571429,15000.846428571429,15014.2,14971.0,133.53571428571442,1.0702825670498084,stop,-13.35357142857174,13.35357142857174,-1.0,2021
2021-08-19,long,2021-08-19 13:34:00+00:00,2021-08-19 13:35:00+00:00,14829.5,14815.382142857143,14815.382142857143,14829.5,14768.7,141.17857142857142,1.0828334932821497,stop,-14.117857142857247,14.117857142857247,-1.0,2021
2021-08-20,long,2021-08-20 13:34:00+00:00,2021-08-20 19:59:00+00:00,15000.3,15089.0,14985.556428571428,15000.3,14964.2,147.43571428571417,1.1067525078604583,eod,88.70000000000073,14.743571428571158,6.016181386560889,2021
2021-08-24,short,2021-08-24 13:34:00+00:00,2021-08-24 13:37:00+00:00,15326.4,15342.569285714286,15342.569285714286,15358.8,15326.4,161.69285714285706,1.0408717701038397,stop,-16.16928571428616,16.16928571428616,-1.0,2021
2021-08-31,short,2021-08-31 13:34:00+00:00,2021-08-31 13:39:00+00:00,15547.7,15563.246428571429,15563.246428571429,15612.7,15547.7,155.46428571428547,1.0997653288404836,stop,-15.546428571427896,15.546428571427896,-1.0,2021
2021-09-01,long,2021-09-01 13:34:00+00:00,2021-09-01 13:57:00+00:00,15670.0,15653.522857142858,15653.522857142858,15670.0,15625.4,164.7714285714284,1.007949790794979,stop,-16.4771428571421,16.4771428571421,-1.0,2021
2021-09-03,long,2021-09-03 13:34:00+00:00,2021-09-03 13:57:00+00:00,15610.8,15595.749285714284,15595.749285714284,15610.8,15557.3,150.50714285714275,1.095918306231845,stop,-15.050714285715003,15.050714285715003,-1.0,2021
2021-09-07,short,2021-09-07 13:34:00+00:00,2021-09-07 13:36:00+00:00,15631.3,15642.225714285714,15642.225714285714,15669.0,15631.3,109.25714285714288,1.065097693735645,stop,-10.925714285715003,10.925714285715003,-1.0,2021
2021-09-08,short,2021-09-08 13:34:00+00:00,2021-09-08 13:47:00+00:00,15628.4,15639.539999999999,15639.539999999999,15666.5,15628.4,111.40000000000002,1.028533510285335,stop,-11.139999999999418,11.139999999999418,-1.0,2021
2021-09-09,long,2021-09-09 13:34:00+00:00,2021-09-09 15:16:00+00:00,15648.7,15637.983571428573,15637.983571428573,15648.7,15622.1,107.16428571428567,1.055139680820565,stop,-10.716428571427969,10.716428571427969,-1.0,2021
2021-09-13,short,2021-09-13 13:34:00+00:00,2021-09-13 13:35:00+00:00,15533.8,15545.652142857141,15545.652142857141,15570.3,15533.8,118.52142857142839,1.0965193459608225,stop,-11.852142857142098,11.852142857142098,-1.0,2021
2021-09-14,short,2021-09-14 13:34:00+00:00,2021-09-14 19:59:00+00:00,15496.3,15398.7,15508.423571428571,15538.0,15496.3,121.23571428571411,1.1380305437566876,eod,97.59999999999854,12.123571428572177,8.050433040711102,2021
2021-09-15,short,2021-09-15 13:34:00+00:00,2021-09-15 16:26:00+00:00,15393.3,15406.435714285713,15406.435714285713,15447.5,15393.3,131.35714285714272,1.156248992617904,stop,-13.13571428571413,13.13571428571413,-1.0,2021
2021-09-16,long,2021-09-16 13:34:00+00:00,2021-09-16 19:59:00+00:00,15491.3,15530.0,15477.97,15491.3,15436.2,133.29999999999993,1.1629335722513758,eod,38.70000000000073,13.329999999999927,2.903225806451683,2021
2021-09-17,short,2021-09-17 13:34:00+00:00,2021-09-17 19:59:00+00:00,15456.2,15340.1,15469.632142857143,15503.3,15456.2,134.32142857142844,1.103618577262798,eod,116.10000000000036,13.432142857142026,8.643445892050549,2021
2021-09-20,long,2021-09-20 13:34:00+00:00,2021-09-20 13:46:00+00:00,15161.9,15147.442857142856,15147.442857142856,15161.9,15055.4,144.57142857142844,1.174091607361194,stop,-14.45714285714348,14.45714285714348,-1.0,2021
2021-09-21,short,2021-09-21 13:34:00+00:00,2021-09-21 14:06:00+00:00,15047.4,15064.273571428572,15064.273571428572,15114.3,15047.4,168.7357142857141,1.1292512749913957,stop,-16.873571428572177,16.873571428572177,-1.0,2021
2021-09-22,short,2021-09-22 13:34:00+00:00,2021-09-22 13:38:00+00:00,15042.4,15060.782857142856,15060.782857142856,15089.1,15042.4,183.8285714285712,1.1411764705882352,stop,-18.382857142856665,18.382857142856665,-1.0,2021
2021-09-23,short,2021-09-23 13:34:00+00:00,2021-09-23 13:36:00+00:00,15208.0,15227.52642857143,15227.52642857143,15251.8,15208.0,195.26428571428536,1.1162389475954282,stop,-19.52642857142928,19.52642857142928,-1.0,2021
2021-09-24,long,2021-09-24 13:34:00+00:00,2021-09-24 13:48:00+00:00,15242.3,15222.226428571428,15222.226428571428,15242.3,15208.6,200.73571428571398,1.1218820337310762,stop,-20.073571428571086,20.073571428571086,-1.0,2021
2021-09-27,short,2021-09-27 13:34:00+00:00,2021-09-27 14:20:00+00:00,15166.7,15186.496428571429,15186.496428571429,15231.5,15166.7,197.96428571428558,1.055749631896527,stop,-19.796428571427896,19.796428571427896,-1.0,2021
2021-09-28,short,2021-09-28 13:34:00+00:00,2021-09-28 19:59:00+00:00,14994.6,14782.4,15014.977857142858,15046.9,14994.6,203.7785714285714,1.0313800924463838,eod,212.20000000000073,20.377857142857465,10.413263696589306,2021
2021-09-29,long,2021-09-29 13:34:00+00:00,2021-09-29 14:31:00+00:00,14870.3,14847.112142857142,14847.112142857142,14870.3,14821.2,231.87857142857152,1.0031364051094889,stop,-23.187857142856956,23.187857142856956,-1.0,2021
2021-10-04,short,2021-10-04 13:34:00+00:00,2021-10-04 19:59:00+00:00,14687.9,14483.7,14712.271428571428,14735.4,14687.9,243.71428571428584,1.022403714373619,eod,204.1999999999989,24.371428571428623,8.378663540445423,2021
2021-10-21,long,2021-10-21 13:34:00+00:00,2021-10-21 19:59:00+00:00,15381.7,15490.1,15360.067142857144,15381.7,15350.1,216.32857142857145,1.0052149317934063,eod,108.39999999999964,21.632857142856665,5.010896123621569,2021
2021-10-27,long,2021-10-27 13:34:00+00:00,2021-10-27 14:04:00+00:00,15616.9,15597.910714285714,15597.910714285714,15616.9,15582.1,189.89285714285714,1.0396873120865904,stop,-18.98928571428587,18.98928571428587,-1.0,2021
2021-10-28,short,2021-10-28 13:34:00+00:00,2021-10-28 13:35:00+00:00,15669.7,15688.048571428571,15688.048571428571,15702.8,15669.7,183.4857142857141,1.0450828265883834,stop,-18.34857142857072,18.34857142857072,-1.0,2021
2021-10-29,long,2021-10-29 13:34:00+00:00,2021-10-29 19:59:00+00:00,15667.1,15854.6,15648.84142857143,15667.1,15630.9,182.5857142857142,1.0097604790419161,eod,187.5,18.258571428570576,10.269149518817473,2021
2021-11-01,short,2021-11-01 13:34:00+00:00,2021-11-01 15:22:00+00:00,15845.0,15861.810714285713,15861.810714285713,15882.7,15845.0,168.10714285714286,1.0213962952988,stop,-16.810714285713402,16.810714285713402,-1.0,2021
2021-11-05,long,2021-11-05 13:34:00+00:00,2021-11-05 13:48:00+00:00,16437.7,16419.880714285715,16419.880714285715,16437.7,16401.4,178.19285714285746,1.0049213779858361,stop,-17.819285714285797,17.819285714285797,-1.0,2021
2021-11-08,long,2021-11-08 14:34:00+00:00,2021-11-08 14:39:00+00:00,16386.2,16368.93142857143,16368.93142857143,16386.2,16344.3,172.68571428571457,1.030179151136227,stop,-17.268571428570795,17.268571428570795,-1.0,2021
2021-11-10,short,2021-11-10 14:34:00+00:00,2021-11-10 18:26:00+00:00,16051.3,16069.42857142857,16069.42857142857,16117.8,16051.3,181.28571428571442,1.0878761513305932,stop,-18.128571428571377,18.128571428571377,-1.0,2021
2021-11-18,short,2021-11-18 14:34:00+00:00,2021-11-18 15:10:00+00:00,16357.9,16375.219285714285,16375.219285714285,16406.0,16357.9,173.1928571428572,1.0006660208282876,stop,-17.319285714285797,17.319285714285797,-1.0,2021
2021-11-22,long,2021-11-22 14:34:00+00:00,2021-11-22 16:05:00+00:00,16686.0,16669.75857142857,16669.75857142857,16686.0,16642.7,162.41428571428554,1.0528904542142337,stop,-16.241428571429424,16.241428571429424,-1.0,2021
2021-11-23,short,2021-11-23 14:34:00+00:00,2021-11-23 14:36:00+00:00,16291.5,16309.823571428571,16309.823571428571,16350.3,16291.5,183.23571428571398,1.0515021459227467,stop,-18.323571428571086,18.323571428571086,-1.0,2021
2021-11-24,short,2021-11-24 14:34:00+00:00,2021-11-24 14:39:00+00:00,16140.7,16160.620714285715,16160.620714285715,16211.2,16140.7,199.20714285714257,1.0569452796151533,stop,-19.920714285713984,19.920714285713984,-1.0,2021
2021-11-26,long,2021-11-26 14:34:00+00:00,2021-11-26 14:37:00+00:00,16299.7,16279.035,16279.035,16299.7,16238.1,206.64999999999964,1.1064681040231164,stop,-20.665000000000873,20.665000000000873,-1.0,2021
2021-11-29,short,2021-11-29 14:34:00+00:00,2021-11-29 14:37:00+00:00,16221.9,16242.977142857142,16242.977142857142,16283.9,16221.9,210.77142857142812,1.1108010401471426,stop,-21.077142857142462,21.077142857142462,-1.0,2021
2021-11-30,long,2021-11-30 14:34:00+00:00,2021-11-30 14:45:00+00:00,16375.0,16353.472142857143,16353.472142857143,16375.0,16329.0,215.27857142857087,1.0917289439661968,stop,-21.5278571428571,21.5278571428571,-1.0,2021
2021-12-02,long,2021-12-02 14:34:00+00:00,2021-12-02 15:20:00+00:00,15873.8,15846.887142857142,15846.887142857142,15873.8,15790.8,269.1285714285711,1.1561060822613942,stop,-26.91285714285732,26.91285714285732,-1.0,2021
2021-12-06,short,2021-12-06 14:34:00+00:00,2021-12-06 14:43:00+00:00,15626.6,15656.098571428573,15656.098571428573,15761.4,15626.6,294.98571428571387,1.1447063973485085,stop,-29.498571428572177,29.498571428572177,-1.0,2021
2021-12-07,long,2021-12-07 14:34:00+00:00,2021-12-07 14:37:00+00:00,16161.4,16130.332857142857,16130.332857142857,16161.4,16120.3,310.6714285714282,1.0193816479052316,stop,-31.067142857142244,31.067142857142244,-1.0,2021
2021-12-09,long,2021-12-09 14:34:00+00:00,2021-12-09 14:52:00+00:00,16390.8,16358.177142857143,16358.177142857143,16390.8,16336.3,326.22857142857123,1.0331624776137838,stop,-32.622857142856446,32.622857142856446,-1.0,2021
2021-12-13,short,2021-12-13 14:34:00+00:00,2021-12-13 14:35:00+00:00,16298.9,16330.164285714285,16330.164285714285,16355.5,16298.9,312.642857142857,1.113894080996885,stop,-31.264285714285506,31.264285714285506,-1.0,2021
2021-12-14,long,2021-12-14 14:34:00+00:00,2021-12-14 15:02:00+00:00,15949.0,15917.507142857143,15917.507142857143,15949.0,15872.9,314.92857142857116,1.108893655382511,stop,-31.492857142857247,31.492857142857247,-1.0,2021
2021-12-16,short,2021-12-16 14:34:00+00:00,2021-12-16 20:59:00+00:00,16299.3,15878.3,16334.432857142856,16348.3,16299.3,351.3285714285712,1.0184295108070651,eod,421.0,35.132857142856665,11.983084617574269,2021
2021-12-17,long,2021-12-17 14:34:00+00:00,2021-12-17 14:49:00+00:00,15805.3,15767.984285714285,15767.984285714285,15805.3,15705.6,373.1571428571428,1.0360272638753651,stop,-37.31571428571442,37.31571428571442,-1.0,2021
2021-12-20,long,2021-12-20 14:34:00+00:00,2021-12-20 14:35:00+00:00,15621.8,15586.87357142857,15586.87357142857,15621.8,15559.6,349.2642857142855,1.0548426114405405,stop,-34.926428571428914,34.926428571428914,-1.0,2021
2021-12-21,short,2021-12-21 14:34:00+00:00,2021-12-21 16:41:00+00:00,15765.6,15798.445714285715,15798.445714285715,15812.1,15765.6,328.4571428571427,1.0057684384013186,stop,-32.845714285715076,32.845714285715076,-1.0,2021
2022-01-05,short,2022-01-05 14:34:00+00:00,2022-01-05 14:36:00+00:00,16124.0,16147.406428571428,16147.406428571428,16224.0,16124.0,234.06428571428543,1.155050410169704,stop,-23.406428571428478,23.406428571428478,-1.0,2022
2022-01-06,long,2022-01-06 14:34:00+00:00,2022-01-06 14:49:00+00:00,15806.9,15780.824999999999,15780.824999999999,15806.9,15682.8,260.7499999999996,1.0767565561603167,stop,-26.075000000000728,26.075000000000728,-1.0,2022
2022-01-07,short,2022-01-07 14:34:00+00:00,2022-01-07 14:39:00+00:00,15711.1,15737.283571428572,15737.283571428572,15786.0,15711.1,261.83571428571383,1.0990233650636667,stop,-26.183571428571668,26.183571428571668,-1.0,2022
2022-01-10,short,2022-01-10 14:34:00+00:00,2022-01-10 14:40:00+00:00,15321.7,15346.110714285714,15346.110714285714,15424.7,15321.7,244.10714285714235,1.086698777324935,stop,-24.410714285713766,24.410714285713766,-1.0,2022
2022-01-11,short,2022-01-11 14:34:00+00:00,2022-01-11 14:41:00+00:00,15518.6,15545.202857142858,15545.202857142858,15586.9,15518.6,266.0285714285709,1.0322121924075678,stop,-26.60285714285783,26.60285714285783,-1.0,2022
2022-01-14,long,2022-01-14 14:34:00+00:00,2022-01-14 14:35:00+00:00,15470.0,15438.831428571428,15438.831428571428,15470.0,15393.6,311.6857142857137,1.0467736428815295,stop,-31.16857142857225,31.16857142857225,-1.0,2022
2022-01-18,short,2022-01-18 14:34:00+00:00,2022-01-18 14:41:00+00:00,15304.6,15336.719285714285,15336.719285714285,15383.7,15304.6,321.19285714285655,1.0400948687542064,stop,-32.11928571428507,32.11928571428507,-1.0,2022
2022-01-21,long,2022-01-21 14:34:00+00:00,2022-01-21 16:31:00+00:00,14830.0,14792.463571428572,14792.463571428572,14830.0,14718.7,375.3642857142855,1.0822898596435893,stop,-37.53642857142768,37.53642857142768,-1.0,2022
2022-01-24,short,2022-01-24 14:34:00+00:00,2022-01-24 14:46:00+00:00,14157.0,14192.52642857143,14192.52642857143,14239.7,14157.0,355.2642857142856,1.1316012160340991,stop,-35.52642857142928,35.52642857142928,-1.0,2022
2022-01-25,short,2022-01-25 14:34:00+00:00,2022-01-25 15:35:00+00:00,14196.7,14236.150714285715,14236.150714285715,14277.4,14196.7,394.50714285714275,1.178628783199506,stop,-39.45071428571464,39.45071428571464,-1.0,2022
2022-01-26,short,2022-01-26 14:34:00+00:00,2022-01-26 14:53:00+00:00,14423.1,14465.267142857143,14465.267142857143,14511.9,14423.1,421.6714285714285,1.0153675587447262,stop,-42.16714285714261,42.16714285714261,-1.0,2022
2022-01-27,short,2022-01-27 14:34:00+00:00,2022-01-27 14:43:00+00:00,14290.9,14335.048571428571,14335.048571428571,14360.3,14290.9,441.4857142857142,1.0848820309842604,stop,-44.14857142857181,44.14857142857181,-1.0,2022
2022-01-28,short,2022-01-28 14:34:00+00:00,2022-01-28 15:19:00+00:00,13981.6,14026.879285714285,14026.879285714285,14114.1,13981.6,452.79285714285703,1.131960996749729,stop,-45.279285714284924,45.279285714284924,-1.0,2022
2022-02-01,short,2022-02-01 14:34:00+00:00,2022-02-01 16:14:00+00:00,14880.0,14926.409285714286,14926.409285714286,14965.2,14880.0,464.0928571428573,1.0265771479842827,stop,-46.40928571428594,46.40928571428594,-1.0,2022
2022-02-03,long,2022-02-03 14:34:00+00:00,2022-02-03 14:55:00+00:00,14758.2,14707.775714285715,14707.775714285715,14758.2,14692.4,504.24285714285736,1.022813337027801,stop,-50.42428571428536,50.42428571428536,-1.0,2022
2022-02-09,short,2022-02-09 14:34:00+00:00,2022-02-09 15:36:00+00:00,14901.4,14948.077857142856,14948.077857142856,14947.9,14901.4,466.7785714285715,1.0023459539717892,stop,-46.67785714285674,46.67785714285674,-1.0,2022
2022-02-10,long,2022-02-10 14:34:00+00:00,2022-02-10 18:35:00+00:00,14802.7,14760.006428571429,14760.006428571429,14802.7,14746.0,426.9357142857143,1.0436731444074194,stop,-42.693571428571886,42.693571428571886,-1.0,2022
2022-02-14,long,2022-02-14 14:34:00+00:00,2022-02-14 14:45:00+00:00,14270.0,14232.041428571429,14232.041428571429,14270.0,14191.6,379.5857142857146,1.0863756731827783,stop,-37.958571428571304,37.958571428571304,-1.0,2022
2022-02-22,long,2022-02-22 14:34:00+00:00,2022-02-22 14:40:00+00:00,13938.9,13903.475,13903.475,13938.9,13876.8,354.25,1.0553866828784437,stop,-35.42499999999927,35.42499999999927,-1.0,2022
2022-02-24,long,2022-02-24 14:34:00+00:00,2022-02-24 20:59:00+00:00,13219.1,13970.7,13176.190714285714,13219.1,13063.8,429.0928571428571,1.1644527355183172,eod,751.6000000000004,42.90928571428594,17.516022173022737,2022
2022-02-25,short,2022-02-25 14:34:00+00:00,2022-02-25 14:49:00+00:00,13924.1,13971.385714285714,13971.385714285714,14005.5,13924.1,472.85714285714283,1.0505127715141092,stop,-47.285714285713766,47.285714285713766,-1.0,2022
2022-02-28,long,2022-02-28 14:34:00+00:00,2022-02-28 14:39:00+00:00,14111.7,14063.37,14063.37,14111.7,14038.7,483.2999999999999,1.1514360313315928,stop,-48.32999999999993,48.32999999999993,-1.0,2022
2022-03-01,long,2022-03-01 14:34:00+00:00,2022-03-01 14:45:00+00:00,14224.1,14176.496428571429,14176.496428571429,14224.1,14158.8,476.03571428571416,1.128012381162945,stop,-47.60357142857174,47.60357142857174,-1.0,2022
2022-03-02,short,2022-03-02 14:34:00+00:00,2022-03-02 14:43:00+00:00,14026.1,14076.00142857143,14076.00142857143,14091.4,14026.1,499.0142857142855,1.0222320052828529,stop,-49.90142857142928,49.90142857142928,-1.0,2022
2022-03-04,long,2022-03-04 14:34:00+00:00,2022-03-04 14:40:00+00:00,13985.2,13933.397857142858,13933.397857142858,13985.2,13937.2,518.0214285714283,1.0402780878272795,stop,-51.802142857142826,51.802142857142826,-1.0,2022
2022-03-08,short,2022-03-08 14:34:00+00:00,2022-03-08 14:35:00+00:00,13236.4,13288.91857142857,13288.91857142857,13315.6,13236.4,525.185714285714,1.0014391312880226,stop,-52.518571428570795,52.518571428570795,-1.0,2022
2022-03-10,short,2022-03-10 14:34:00+00:00,2022-03-10 14:56:00+00:00,13499.3,13553.83,13553.83,13578.2,13499.3,545.2999999999998,1.1490003277613898,stop,-54.530000000000655,54.530000000000655,-1.0,2022
2022-03-14,short,2022-03-14 13:34:00+00:00,2022-03-14 13:37:00+00:00,13220.4,13264.979285714286,13264.979285714286,13287.9,13220.4,445.79285714285703,1.0070152049011205,stop,-44.579285714286016,44.579285714286016,-1.0,2022
2022-03-15,long,2022-03-15 13:34:00+00:00,2022-03-15 14:13:00+00:00,13210.9,13166.410714285714,13166.410714285714,13210.9,13153.2,444.89285714285717,1.0317384522331519,stop,-44.48928571428587,44.48928571428587,-1.0,2022
2022-03-16,long,2022-03-16 13:34:00+00:00,2022-03-16 18:05:00+00:00,13660.9,13616.072142857143,13616.072142857143,13660.9,13616.1,448.2785714285714,1.0600892320349335,stop,-44.827857142856374,44.827857142856374,-1.0,2022
2022-03-23,short,2022-03-23 13:34:00+00:00,2022-03-23 14:07:00+00:00,14499.3,14541.187857142857,14541.187857142857,14551.3,14499.3,418.8785714285718,1.0496654912170849,stop,-41.88785714285768,41.88785714285768,-1.0,2022
2022-03-24,short,2022-03-24 13:34:00+00:00,2022-03-24 13:41:00+00:00,14492.4,14531.524285714286,14531.524285714286,14532.9,14492.4,391.24285714285753,1.0887265135699373,stop,-39.12428571428609,39.12428571428609,-1.0,2022
2022-03-28,long,2022-03-28 13:34:00+00:00,2022-03-28 14:28:00+00:00,14819.7,14785.843571428572,14785.843571428572,14819.7,14755.0,338.5642857142861,1.0554874508032774,stop,-33.856428571429205,33.856428571429205,-1.0,2022
2022-04-06,short,2022-04-06 13:34:00+00:00,2022-04-06 18:02:00+00:00,14594.8,14622.586428571427,14622.586428571427,14643.4,14594.8,277.86428571428587,1.0631159157575558,stop,-27.786428571427678,27.786428571427678,-1.0,2022
2022-04-07,long,2022-04-07 13:34:00+00:00,2022-04-07 13:44:00+00:00,14541.7,14512.713571428572,14512.713571428572,14541.7,14461.0,289.86428571428587,1.0570607821374942,stop,-28.986428571428405,28.986428571428405,-1.0,2022
2022-04-08,short,2022-04-08 13:34:00+00:00,2022-04-08 14:52:00+00:00,14404.7,14433.152142857143,14433.152142857143,14476.8,14404.7,284.52142857142877,1.1055282957147532,stop,-28.452142857142462,28.452142857142462,-1.0,2022
2022-04-11,short,2022-04-11 13:34:00+00:00,2022-04-11 13:36:00+00:00,14118.0,14145.817142857142,14145.817142857142,14178.8,14118.0,278.1714285714288,1.122073198454194,stop,-27.817142857142244,27.817142857142244,-1.0,2022
2022-04-12,short,2022-04-12 13:34:00+00:00,2022-04-12 13:39:00+00:00,14140.3,14169.022142857142,14169.022142857142,14201.3,14140.3,287.2214285714287,1.026981829876186,stop,-28.7221428571429,28.7221428571429,-1.0,2022
2022-04-14,long,2022-04-14 13:34:00+00:00,2022-04-14 13:36:00+00:00,14233.1,14202.099285714286,14202.099285714286,14233.1,14197.6,310.00714285714304,1.0542535701621483,stop,-31.00071428571391,31.00071428571391,-1.0,2022
2022-04-19,long,2022-04-19 13:34:00+00:00,2022-04-19 13:46:00+00:00,13927.2,13896.295,13896.295,13927.2,13856.4,309.05000000000047,1.0726336582364562,stop,-30.905000000000655,30.905000000000655,-1.0,2022
2022-04-20,short,2022-04-20 13:34:00+00:00,2022-04-20 19:59:00+00:00,14210.9,14007.9,14243.082857142857,14273.4,14210.9,321.8285714285718,1.0478040701933182,eod,203.0,32.182857142857756,6.307705965908971,2022
2022-04-25,long,2022-04-25 13:34:00+00:00,2022-04-25 13:44:00+00:00,13325.7,13291.154285714287,13291.154285714287,13325.7,13267.3,345.4571428571431,1.086628414618935,stop,-34.545714285713984,34.545714285713984,-1.0,2022
2022-04-26,short,2022-04-26 13:34:00+00:00,2022-04-26 19:59:00+00:00,13372.9,13012.4,13408.060714285713,13454.6,13372.9,351.6071428571431,1.02142768926763,eod,360.5,35.160714285713766,10.2529202640936,2022
2022-04-27,long,2022-04-27 13:34:00+00:00,2022-04-27 14:08:00+00:00,13120.6,13082.290714285715,13082.290714285715,13120.6,13015.6,383.0928571428573,1.0764933390631715,stop,-38.30928571428558,38.30928571428558,-1.0,2022
2022-04-28,long,2022-04-28 13:34:00+00:00,2022-04-28 19:59:00+00:00,13286.0,13466.9,13246.624285714286,13286.0,13202.9,393.75714285714287,1.0660483846365052,eod,180.89999999999964,39.37571428571391,4.594202372746107,2022
2022-04-29,long,2022-04-29 13:34:00+00:00,2022-04-29 13:37:00+00:00,13358.5,13318.310714285713,13318.310714285713,13358.5,13232.8,401.89285714285717,1.0953825617377586,stop,-40.1892857142866,40.1892857142866,-1.0,2022
2022-05-03,short,2022-05-03 13:34:00+00:00,2022-05-03 13:39:00+00:00,13009.2,13049.785,13049.785,13085.6,13009.2,405.84999999999985,1.0145483321158997,stop,-40.58499999999913,40.58499999999913,-1.0,2022
2022-05-05,short,2022-05-05 13:34:00+00:00,2022-05-05 19:59:00+00:00,13277.9,12863.9,13321.726428571428,13351.2,13277.9,438.2642857142855,1.040199023087892,eod,414.0,43.82642857142855,9.446354939126755,2022
2022-05-06,short,2022-05-06 13:34:00+00:00,2022-05-06 14:17:00+00:00,12685.5,12732.414285714285,12732.414285714285,12794.2,12685.5,469.142857142857,1.094636270182016,stop,-46.91428571428514,46.91428571428514,-1.0,2022
2022-05-09,long,2022-05-09 13:34:00+00:00,2022-05-09 13:40:00+00:00,12505.0,12461.282142857142,12461.282142857142,12505.0,12426.2,437.1785714285713,1.0344643175470913,stop,-43.71785714285761,43.71785714285761,-1.0,2022
2022-05-11,short,2022-05-11 13:34:00+00:00,2022-05-11 13:41:00+00:00,12185.2,12231.048571428571,12231.048571428571,12323.1,12185.2,458.4857142857142,1.098390407902175,stop,-45.84857142857072,45.84857142857072,-1.0,2022
2022-05-13,short,2022-05-13 13:34:00+00:00,2022-05-13 13:37:00+00:00,12093.2,12138.450714285715,12138.450714285715,12166.9,12093.2,452.50714285714287,1.0319086306369953,stop,-45.25071428571391,45.25071428571391,-1.0,2022
2022-05-19,long,2022-05-19 13:34:00+00:00,2022-05-19 13:43:00+00:00,11935.3,11891.369285714285,11891.369285714285,11935.3,11861.3,439.30714285714305,1.0932337565347274,stop,-43.9307142857142,43.9307142857142,-1.0,2022
2022-05-25,long,2022-05-25 13:34:00+00:00,2022-05-25 13:49:00+00:00,11794.0,11753.873571428572,11753.873571428572,11794.0,11707.5,401.264285714286,1.047495395392373,stop,-40.12642857142782,40.12642857142782,-1.0,2022
2022-06-01,long,2022-06-01 13:34:00+00:00,2022-06-01 13:40:00+00:00,12796.5,12761.060714285713,12761.060714285713,12796.5,12731.1,354.39285714285717,1.1083293539804897,stop,-35.4392857142866,35.4392857142866,-1.0,2022
2022-06-02,long,2022-06-02 13:34:00+00:00,2022-06-02 13:42:00+00:00,12519.0,12482.522857142858,12482.522857142858,12519.0,12439.4,364.77142857142854,1.2263784226139736,stop,-36.4771428571421,36.4771428571421,-1.0,2022
2022-06-03,long,2022-06-03 13:34:00+00:00,2022-06-03 14:05:00+00:00,12713.6,12675.54642857143,12675.54642857143,12713.6,12641.3,380.5357142857143,1.2579613500272182,stop,-38.05357142857065,38.05357142857065,-1.0,2022
2022-06-07,long,2022-06-07 13:34:00+00:00,2022-06-07 19:59:00+00:00,12482.2,12709.9,12450.387142857144,12482.2,12410.9,318.1285714285714,1.2005191002262745,eod,227.6999999999989,31.812857142856956,7.157483497238321,2022
2022-06-08,short,2022-06-08 13:34:00+00:00,2022-06-08 19:59:00+00:00,12627.1,12618.3,12660.02,12685.9,12627.1,329.19999999999993,1.1123262402002767,eod,8.800000000001091,32.92000000000007,0.26731470230865956,2022
2022-06-09,long,2022-06-09 13:34:00+00:00,2022-06-09 14:11:00+00:00,12596.6,12564.20642857143,12564.20642857143,12596.6,12518.6,323.9357142857142,1.1963788300835654,stop,-32.393571428570795,32.393571428570795,-1.0,2022
2022-06-10,short,2022-06-10 13:34:00+00:00,2022-06-10 13:37:00+00:00,11975.3,12008.795714285714,12008.795714285714,12088.3,11975.3,334.9571428571427,1.0601132236002486,stop,-33.49571428571471,33.49571428571471,-1.0,2022
2022-06-13,long,2022-06-13 13:34:00+00:00,2022-06-13 13:36:00+00:00,11553.3,11520.222142857143,11520.222142857143,11553.3,11464.7,330.7785714285713,1.2264840182648402,stop,-33.077857142856374,33.077857142856374,-1.0,2022
2022-06-14,short,2022-06-14 13:34:00+00:00,2022-06-14 14:00:00+00:00,11358.0,11390.376428571428,11390.376428571428,11413.9,11358.0,323.7642857142855,1.0796811473573007,stop,-32.37642857142782,32.37642857142782,-1.0,2022
2022-06-15,long,2022-06-15 13:34:00+00:00,2022-06-15 14:34:00+00:00,11490.7,11457.062857142859,11457.062857142859,11490.7,11439.2,336.3714285714285,1.1440580082135523,stop,-33.63714285714195,33.63714285714195,-1.0,2022
2022-06-16,short,2022-06-16 13:34:00+00:00,2022-06-16 13:42:00+00:00,11250.2,11285.47642857143,11285.47642857143,11321.6,11250.2,352.7642857142855,1.1356518977290773,stop,-35.27642857142928,35.27642857142928,-1.0,2022
2022-06-17,long,2022-06-17 13:34:00+00:00,2022-06-17 13:39:00+00:00,11253.7,11216.025714285715,11216.025714285715,11253.7,11157.2,376.74285714285696,1.1006344072645853,stop,-37.67428571428536,37.67428571428536,-1.0,2022
2022-06-22,long,2022-06-22 13:34:00+00:00,2022-06-22 19:59:00+00:00,11500.8,11533.3,11466.936428571427,11500.8,11412.7,338.63571428571413,1.055238774055595,eod,32.5,33.86357142857196,0.9597333839566177,2022
2022-06-23,short,2022-06-23 13:34:00+00:00,2022-06-23 14:00:00+00:00,11595.0,11629.607857142857,11629.607857142857,11658.4,11595.0,346.0785714285712,1.044142564133052,stop,-34.60785714285703,34.60785714285703,-1.0,2022
2022-06-27,short,2022-06-27 13:34:00+00:00,2022-06-27 15:46:00+00:00,12092.6,12126.075,12126.075,12188.1,12092.6,334.7499999999997,1.0556023588879528,stop,-33.475000000000364,33.475000000000364,-1.0,2022
2022-06-28,long,2022-06-28 13:34:00+00:00,2022-06-28 13:44:00+00:00,12144.6,12112.717857142858,12112.717857142858,12144.6,12022.8,318.8214285714283,1.0675712347354138,stop,-31.882142857142753,31.882142857142753,-1.0,2022
2022-06-29,short,2022-06-29 13:34:00+00:00,2022-06-29 13:35:00+00:00,11556.0,11589.49142857143,11589.49142857143,11665.0,11556.0,334.91428571428554,1.0734931794964244,stop,-33.491428571429424,33.491428571429424,-1.0,2022
2022-06-30,short,2022-06-30 13:34:00+00:00,2022-06-30 15:22:00+00:00,11480.9,11512.930714285714,11512.930714285714,11562.4,11480.9,320.3071428571428,1.0620921911176595,stop,-32.030714285714566,32.030714285714566,-1.0,2022
2022-07-01,short,2022-07-01 13:34:00+00:00,2022-07-01 13:41:00+00:00,11435.0,11467.282142857142,11467.282142857142,11512.5,11435.0,322.82142857142844,1.03998087611307,stop,-32.28214285714239,32.28214285714239,-1.0,2022
2022-07-06,long,2022-07-06 13:34:00+00:00,2022-07-06 18:10:00+00:00,11857.9,11828.581428571428,11828.581428571428,11857.9,11779.7,293.1857142857142,1.0894225528231107,stop,-29.318571428571886,29.318571428571886,-1.0,2022
2022-07-07,long,2022-07-07 13:34:00+00:00,2022-07-07 19:59:00+00:00,11968.8,12112.1,11938.98857142857,11968.8,11894.5,298.11428571428576,1.0817075526366622,eod,143.3000000000011,29.811428571429133,4.806881349434487,2022
2022-07-08,long,2022-07-08 13:34:00+00:00,2022-07-08 13:49:00+00:00,12023.0,11992.952142857142,11992.952142857142,12023.0,11964.8,300.47857142857146,1.1721730135126398,stop,-30.047857142857538,30.047857142857538,-1.0,2022
2022-07-11,short,2022-07-11 13:34:00+00:00,2022-07-11 19:59:00+00:00,11987.9,11866.8,12015.153571428571,12038.7,11987.9,272.53571428571456,1.0566768039811998,eod,121.10000000000036,27.253571428571377,4.443454331018237,2022
2022-07-12,long,2022-07-12 13:34:00+00:00,2022-07-12 13:35:00+00:00,11962.8,11935.88,11935.88,11962.8,11906.9,269.2000000000002,1.031079057543624,stop,-26.920000000000073,26.920000000000073,-1.0,2022
2022-07-13,long,2022-07-13 13:34:00+00:00,2022-07-13 19:59:00+00:00,11597.0,11736.3,11568.969285714285,11597.0,11501.9,280.30714285714305,1.1240374290535358,eod,139.29999999999927,28.030714285714566,4.96954870932388,2022
2022-07-14,short,2022-07-14 13:34:00+00:00,2022-07-14 13:46:00+00:00,11560.5,11589.841428571428,11589.841428571428,11659.2,11560.5,293.41428571428594,1.0775158242363085,stop,-29.34142857142797,29.34142857142797,-1.0,2022
2022-07-15,long,2022-07-15 13:34:00+00:00,2022-07-15 13:39:00+00:00,11952.7,11924.486428571428,11924.486428571428,11952.7,11898.7,282.1357142857144,1.0151095977867632,stop,-28.213571428572322,28.213571428572322,-1.0,2022
2022-07-18,long,2022-07-18 13:34:00+00:00,2022-07-18 14:08:00+00:00,12132.7,12105.506428571429,12105.506428571429,12132.7,12066.0,271.9357142857144,1.0718296106432321,stop,-27.193571428571886,27.193571428571886,-1.0,2022
2022-07-19,short,2022-07-19 13:34:00+00:00,2022-07-19 13:58:00+00:00,12017.0,12044.77642857143,12044.77642857143,12056.0,12017.0,277.7642857142858,1.0374328285295553,stop,-27.77642857142928,27.77642857142928,-1.0,2022
2022-07-20,long,2022-07-20 13:34:00+00:00,2022-07-20 19:59:00+00:00,12279.7,12442.0,12249.40142857143,12279.7,12234.2,302.9857142857142,1.0311092040334693,eod,162.29999999999927,30.29857142857145,5.356688198406309,2022
2022-07-21,short,2022-07-21 13:34:00+00:00,2022-07-21 13:37:00+00:00,12420.2,12450.836428571429,12450.836428571429,12487.4,12420.2,306.3642857142856,1.1163134094195095,stop,-30.63642857142804,30.63642857142804,-1.0,2022
2022-07-22,short,2022-07-22 13:34:00+00:00,2022-07-22 13:37:00+00:00,12549.3,12578.487142857142,12578.487142857142,12589.1,12549.3,291.8714285714285,1.0238248551191242,stop,-29.187142857143044,29.187142857143044,-1.0,2022
2022-08-08,long,2022-08-08 13:34:00+00:00,2022-08-08 13:38:00+00:00,13304.8,13277.994285714285,13277.994285714285,13304.8,13219.3,268.05714285714333,1.087341886248235,stop,-26.805714285714203,26.805714285714203,-1.0,2022
2022-08-09,short,2022-08-09 13:34:00+00:00,2022-08-09 13:41:00+00:00,13025.1,13051.528571428571,13051.528571428571,13098.5,13025.1,264.2857142857147,1.030710804102748,stop,-26.42857142857065,26.42857142857065,-1.0,2022
2022-08-10,short,2022-08-10 13:34:00+00:00,2022-08-10 13:45:00+00:00,13285.4,13313.194285714286,13313.194285714286,13341.3,13285.4,277.94285714285746,1.0447761194029852,stop,-27.79428571428616,27.79428571428616,-1.0,2022
2022-08-12,short,2022-08-12 13:34:00+00:00,2022-08-12 13:40:00+00:00,13356.9,13386.59857142857,13386.59857142857,13401.6,13356.9,296.9857142857145,1.03126879134095,stop,-29.698571428571086,29.698571428571086,-1.0,2022
2022-08-22,short,2022-08-22 13:34:00+00:00,2022-08-22 13:43:00+00:00,13020.2,13043.194285714286,13043.194285714286,13074.8,13020.2,229.94285714285746,1.0143882712870689,stop,-22.99428571428507,22.99428571428507,-1.0,2022
2022-08-23,long,2022-08-23 13:34:00+00:00,2022-08-23 13:38:00+00:00,12927.6,12904.29642857143,12904.29642857143,12927.6,12878.1,233.03571428571468,1.0297227088745242,stop,-23.30357142857065,23.30357142857065,-1.0,2022
2022-08-24,short,2022-08-24 13:34:00+00:00,2022-08-24 13:35:00+00:00,12842.9,12866.73,12866.73,12891.4,12842.9,238.30000000000032,1.0223936827511377,stop,-23.829999999999927,23.829999999999927,-1.0,2022
2022-08-29,long,2022-08-29 13:34:00+00:00,2022-08-29 13:48:00+00:00,12558.2,12535.158571428572,12535.158571428572,12558.2,12470.1,230.41428571428605,1.0324521813883516,stop,-23.041428571428696,23.041428571428696,-1.0,2022
2022-08-30,short,2022-08-30 13:34:00+00:00,2022-08-30 19:59:00+00:00,12530.2,12344.9,12552.745714285715,12576.8,12530.2,225.45714285714308,1.0515825412937159,eod,185.3000000000011,22.545714285713984,8.218856925611615,2022
2022-08-31,short,2022-08-31 13:34:00+00:00,2022-08-31 13:40:00+00:00,12401.5,12426.62,12426.62,12466.5,12401.5,251.20000000000022,1.01679351677811,stop,-25.1200000000008,25.1200000000008,-1.0,2022
2022-09-01,short,2022-09-01 13:34:00+00:00,2022-09-01 14:28:00+00:00,12130.8,12157.189285714285,12157.189285714285,12180.4,12130.8,263.8928571428573,1.0044515396187026,stop,-26.389285714285506,26.389285714285506,-1.0,2022
2022-09-06,short,2022-09-06 13:34:00+00:00,2022-09-06 15:08:00+00:00,12091.6,12118.485714285714,12118.485714285714,12161.2,12091.6,268.85714285714283,1.0891231746447516,stop,-26.88571428571413,26.88571428571413,-1.0,2022
2022-09-07,long,2022-09-07 13:34:00+00:00,2022-09-07 14:00:00+00:00,12075.2,12046.542142857144,12046.542142857144,12075.2,12030.7,286.5785714285713,1.0822338340953623,stop,-28.6578571428563,28.6578571428563,-1.0,2022
2022-09-08,short,2022-09-08 13:34:00+00:00,2022-09-08 13:37:00+00:00,12114.1,12142.94,12142.94,12171.0,12114.1,288.39999999999975,1.1183256962724644,stop,-28.840000000000146,28.840000000000146,-1.0,2022
2022-09-09,long,2022-09-09 13:34:00+00:00,2022-09-09 13:45:00+00:00,12464.3,12434.837857142857,12434.837857142857,12464.3,12411.7,294.62142857142834,1.0134254179306783,stop,-29.46214285714268,29.46214285714268,-1.0,2022
2022-09-22,long,2022-09-22 13:34:00+00:00,2022-09-22 19:50:00+00:00,11613.0,11581.932857142858,11581.932857142858,11613.0,11563.7,310.6714285714283,1.203840267149019,stop,-31.067142857142244,31.067142857142244,-1.0,2022
2022-09-26,long,2022-09-26 13:34:00+00:00,2022-09-26 15:10:00+00:00,11367.1,11337.701428571429,11337.701428571429,11367.1,11277.1,293.9857142857142,1.0714844259090317,stop,-29.398571428571813,29.398571428571813,-1.0,2022
2022-09-27,long,2022-09-27 13:34:00+00:00,2022-09-27 13:49:00+00:00,11465.5,11435.943571428572,11435.943571428572,11465.5,11396.6,295.5642857142857,1.0171857166150335,stop,-29.556428571428114,29.556428571428114,-1.0,2022
2022-09-29,short,2022-09-29 13:34:00+00:00,2022-09-29 19:59:00+00:00,11300.2,11166.4,11333.594285714287,11337.1,11300.2,333.9428571428572,1.0213253840862189,eod,133.8000000000011,33.394285714286525,4.00667351129357,2022
2022-09-30,long,2022-09-30 13:34:00+00:00,2022-09-30 13:53:00+00:00,11181.4,11150.774285714286,11150.774285714286,11181.4,11111.0,306.25714285714287,1.1452918619514274,stop,-30.62571428571391,30.62571428571391,-1.0,2022
2022-10-04,long,2022-10-04 13:34:00+00:00,2022-10-04 17:19:00+00:00,11499.2,11466.928571428572,11466.928571428572,11499.2,11451.8,322.7142857142857,1.1311528497409327,stop,-32.27142857142826,32.27142857142826,-1.0,2022
2022-10-05,long,2022-10-05 13:34:00+00:00,2022-10-05 19:59:00+00:00,11476.3,11573.5,11442.694285714286,11476.3,11416.2,336.05714285714294,1.0265356892262552,eod,97.20000000000073,33.605714285713475,2.892365244006213,2022
2022-10-06,long,2022-10-06 13:34:00+00:00,2022-10-06 14:00:00+00:00,11594.8,11560.767857142857,11560.767857142857,11594.8,11528.1,340.32142857142856,1.0105336633035091,stop,-34.03214285714239,34.03214285714239,-1.0,2022
2022-10-07,short,2022-10-07 13:34:00+00:00,2022-10-07 19:59:00+00:00,11237.1,11037.9,11271.013571428572,11287.0,11237.1,339.1357142857144,1.0786906978946371,eod,199.20000000000073,33.91357142857123,5.873754712609841,2022
2022-10-13,long,2022-10-13 13:34:00+00:00,2022-10-13 13:35:00+00:00,10492.0,10460.152142857143,10460.152142857143,10492.0,10437.1,318.47857142857174,1.0844306738962044,stop,-31.84785714285681,31.84785714285681,-1.0,2022
2022-10-14,short,2022-10-14 13:34:00+00:00,2022-10-14 19:59:00+00:00,11058.8,10700.2,11092.92857142857,11160.4,11058.8,341.28571428571456,1.1109257179528318,eod,358.59999999999854,34.12857142857138,10.507325240686454,2022
2022-10-17,long,2022-10-17 13:34:00+00:00,2022-10-17 19:59:00+00:00,11010.3,11067.8,10978.483571428571,11010.3,10955.6,318.16428571428594,1.0331426379877913,eod,57.5,31.816428571428332,1.8072424398895586,2022
2022-10-18,short,2022-10-18 13:34:00+00:00,2022-10-18 19:59:00+00:00,11334.1,11160.5,11367.403571428571,11387.5,11334.1,333.03571428571456,1.0706407395600892,eod,173.60000000000036,33.30357142857065,5.212654155496112,2022
2022-10-19,long,2022-10-19 13:34:00+00:00,2022-10-19 13:40:00+00:00,11149.5,11114.882142857143,11114.882142857143,11149.5,11076.7,346.1785714285717,1.110252315554136,stop,-34.61785714285725,34.61785714285725,-1.0,2022
2022-10-20,long,2022-10-20 13:34:00+00:00,2022-10-20 17:07:00+00:00,11119.1,11085.405,11085.405,11119.1,11062.2,336.95000000000033,1.1039092694671482,stop,-33.69499999999971,33.69499999999971,-1.0,2022
2022-10-24,short,2022-10-24 13:34:00+00:00,2022-10-24 14:51:00+00:00,11262.7,11296.87,11296.87,11332.1,11262.7,341.7000000000002,1.0151307596513077,stop,-34.17000000000007,34.17000000000007,-1.0,2022
2022-10-25,long,2022-10-25 13:34:00+00:00,2022-10-25 19:59:00+00:00,11534.1,11674.6,11501.263571428572,11534.1,11479.1,328.36428571428576,1.0357388746322838,eod,140.5,32.83642857142877,4.278784451066952,2022
2022-10-26,long,2022-10-26 13:34:00+00:00,2022-10-26 19:02:00+00:00,11456.7,11422.53642857143,11422.53642857143,11456.7,11397.1,341.63571428571424,1.069927230706768,stop,-34.16357142857123,34.16357142857123,-1.0,2022
2022-10-28,long,2022-10-28 13:34:00+00:00,2022-10-28 14:12:00+00:00,11269.4,11232.722142857143,11232.722142857143,11269.4,11171.7,366.7785714285713,1.0721617610685135,stop,-36.67785714285674,36.67785714285674,-1.0,2022
2022-10-31,short,2022-10-31 13:34:00+00:00,2022-10-31 15:50:00+00:00,11419.8,11455.04357142857,11455.04357142857,11487.6,11419.8,352.4357142857142,1.0721942947126157,stop,-35.24357142857116,35.24357142857116,-1.0,2022
2022-11-03,short,2022-11-03 13:34:00+00:00,2022-11-03 14:25:00+00:00,10758.8,10793.63,10793.63,10814.5,10758.8,348.2999999999999,1.0436290089569489,stop,-34.82999999999993,34.82999999999993,-1.0,2022
2022-11-04,short,2022-11-04 13:34:00+00:00,2022-11-04 14:16:00+00:00,10827.2,10861.719285714287,10861.719285714287,10925.3,10827.2,345.19285714285706,1.068640723564824,stop,-34.519285714286525,34.519285714286525,-1.0,2022
2022-11-07,short,2022-11-07 14:34:00+00:00,2022-11-07 15:02:00+00:00,10862.2,10895.237142857144,10895.237142857144,10935.9,10862.2,330.3714285714285,1.028295966683781,stop,-33.03714285714341,33.03714285714341,-1.0,2022
2022-11-08,short,2022-11-08 14:34:00+00:00,2022-11-08 14:52:00+00:00,10999.5,11031.114285714286,11031.114285714286,11050.6,10999.5,316.142857142857,1.4558664925923823,stop,-31.61428571428587,31.61428571428587,-1.0,2022
2022-11-10,short,2022-11-10 14:34:00+00:00,2022-11-10 14:49:00+00:00,11299.8,11332.556428571428,11332.556428571428,11362.1,11299.8,327.5642857142857,1.7377535058591072,stop,-32.75642857142884,32.75642857142884,-1.0,2022
2022-11-11,short,2022-11-11 14:34:00+00:00,2022-11-11 14:41:00+00:00,11553.4,11590.245714285715,11590.245714285715,11613.2,11553.4,368.4571428571427,1.4220178692721668,stop,-36.845714285715076,36.845714285715076,-1.0,2022
2022-11-14,short,2022-11-14 14:34:00+00:00,2022-11-14 14:40:00+00:00,11711.5,11744.72,11744.72,11756.0,11711.5,332.19999999999993,1.3424705675628186,stop,-33.219999999999345,33.219999999999345,-1.0,2022
2022-11-15,short,2022-11-15 14:34:00+00:00,2022-11-15 15:02:00+00:00,11990.9,12021.494999999999,12021.494999999999,12034.9,11990.9,305.94999999999993,1.6202746228174267,stop,-30.594999999999345,30.594999999999345,-1.0,2022
2022-12-02,long,2022-12-02 14:34:00+00:00,2022-12-02 15:28:00+00:00,11898.3,11876.907857142856,11876.907857142856,11898.3,11828.3,213.92142857142866,1.030469017459774,stop,-21.39214285714297,21.39214285714297,-1.0,2022
2022-12-06,short,2022-12-06 14:34:00+00:00,2022-12-06 20:59:00+00:00,11757.5,11551.0,11777.674285714285,11793.7,11757.5,201.7428571428571,1.0779514275710602,eod,206.5,20.17428571428536,10.235802294292773,2022
2022-12-07,long,2022-12-07 14:34:00+00:00,2022-12-07 14:43:00+00:00,11546.9,11524.962857142857,11524.962857142857,11546.9,11486.1,219.37142857142862,1.1339843124699858,stop,-21.937142857143044,21.937142857143044,-1.0,2022
2022-12-08,short,2022-12-08 14:34:00+00:00,2022-12-08 14:51:00+00:00,11504.9,11527.029285714285,11527.029285714285,11562.5,11504.9,221.29285714285703,1.077680770091784,stop,-22.129285714285288,22.129285714285288,-1.0,2022
2022-12-12,long,2022-12-12 14:34:00+00:00,2022-12-12 14:49:00+00:00,11595.6,11573.670714285714,11573.670714285714,11595.6,11568.3,219.29285714285703,1.0869523039611964,stop,-21.92928571428638,21.92928571428638,-1.0,2022
2022-12-13,short,2022-12-13 14:34:00+00:00,2022-12-13 14:41:00+00:00,12101.1,12123.292857142858,12123.292857142858,12180.6,12101.1,221.9285714285713,1.0783526516868482,stop,-22.192857142857974,22.192857142857974,-1.0,2022
2022-12-14,long,2022-12-14 14:34:00+00:00,2022-12-14 19:00:00+00:00,11872.4,11847.350714285714,11847.350714285714,11872.4,11815.7,250.492857142857,1.104955706765952,stop,-25.04928571428536,25.04928571428536,-1.0,2022
2022-12-15,short,2022-12-15 14:34:00+00:00,2022-12-15 14:41:00+00:00,11516.3,11542.252857142856,11542.252857142856,11600.4,11516.3,259.5285714285713,1.019570234063596,stop,-25.952857142856374,25.952857142856374,-1.0,2022
2022-12-20,short,2022-12-20 14:34:00+00:00,2022-12-20 14:56:00+00:00,10999.0,11023.225714285714,11023.225714285714,11042.7,10999.0,242.2571428571426,1.0550447832018506,stop,-24.225714285714275,24.225714285714275,-1.0,2022
2022-12-22,short,2022-12-22 14:34:00+00:00,2022-12-22 20:59:00+00:00,11033.3,10952.0,11058.509285714284,11103.6,11033.3,252.09285714285684,1.044571224817258,eod,81.29999999999927,25.209285714285215,3.225002125067329,2022
2022-12-23,short,2022-12-23 14:34:00+00:00,2022-12-23 14:42:00+00:00,10879.0,10905.422142857144,10905.422142857144,10948.6,10879.0,264.22142857142836,1.0859014440970671,stop,-26.422142857143626,26.422142857143626,-1.0,2022
2022-12-27,short,2022-12-27 14:34:00+00:00,2022-12-27 20:59:00+00:00,10915.4,10822.7,10941.566428571428,10959.8,10915.4,261.66428571428565,1.0543690469147489,eod,92.69999999999891,26.166428571428696,3.5427073949716883,2022
2022-12-28,long,2022-12-28 14:34:00+00:00,2022-12-28 14:50:00+00:00,10881.4,10854.502142857142,10854.502142857142,10881.4,10766.8,268.97857142857123,1.0665134235110365,stop,-26.8978571428579,26.8978571428579,-1.0,2022
2022-12-29,long,2022-12-29 14:34:00+00:00,2022-12-29 20:59:00+00:00,10820.8,10940.8,10792.582142857142,10820.8,10764.8,282.1785714285713,1.0207131928916087,eod,120.0,28.21785714285761,4.252626249841722,2022
2022-12-30,long,2022-12-30 14:34:00+00:00,2022-12-30 16:13:00+00:00,10856.6,10827.742857142857,10827.742857142857,10856.6,10795.1,288.57142857142856,1.068322616635838,stop,-28.857142857143117,28.857142857143117,-1.0,2022
2023-01-03,short,2023-01-03 14:34:00+00:00,2023-01-03 14:48:00+00:00,10987.5,11013.06142857143,11013.06142857143,11056.1,10987.5,255.61428571428573,1.0562825709322523,stop,-25.561428571429133,25.561428571429133,-1.0,2023
2023-01-04,short,2023-01-04 14:34:00+00:00,2023-01-04 14:47:00+00:00,10885.1,10909.752857142857,10909.752857142857,10964.1,10885.1,246.5285714285714,1.0194272557202475,stop,-24.6528571428571,24.6528571428571,-1.0,2023
2023-01-05,short,2023-01-05 14:34:00+00:00,2023-01-05 14:57:00+00:00,10777.7,10802.267142857143,10802.267142857143,10848.9,10777.7,245.67142857142855,1.0202315451627695,stop,-24.567142857142244,24.567142857142244,-1.0,2023
2023-01-06,long,2023-01-06 14:34:00+00:00,2023-01-06 14:36:00+00:00,10858.4,10832.582857142857,10832.582857142857,10858.4,10779.2,258.1714285714287,1.061806746712407,stop,-25.817142857142244,25.817142857142244,-1.0,2023
2023-01-09,long,2023-01-09 14:34:00+00:00,2023-01-09 20:08:00+00:00,11173.1,11147.934285714286,11147.934285714286,11173.1,11128.3,251.6571428571429,1.026048916285544,stop,-25.165714285714785,25.165714285714785,-1.0,2023
2023-01-10,long,2023-01-10 14:34:00+00:00,2023-01-10 15:29:00+00:00,11174.8,11149.237857142856,11149.237857142856,11174.8,11067.3,255.62142857142848,1.040626059441745,stop,-25.562142857143044,25.562142857143044,-1.0,2023
2023-01-12,short,2023-01-12 14:34:00+00:00,2023-01-12 15:12:00+00:00,11373.3,11396.882142857143,11396.882142857143,11450.2,11373.3,235.8214285714283,1.0407853285328532,stop,-23.58214285714348,23.58214285714348,-1.0,2023
2023-01-17,short,2023-01-17 14:34:00+00:00,2023-01-17 14:48:00+00:00,11519.1,11541.043571428572,11541.043571428572,11559.1,11519.1,219.43571428571406,1.0317175695934624,stop,-21.943571428571886,21.943571428571886,-1.0,2023
2023-01-18,long,2023-01-18 14:34:00+00:00,2023-01-18 15:18:00+00:00,11666.9,11645.190714285714,11645.190714285714,11666.9,11621.1,217.09285714285684,1.029605650382578,stop,-21.709285714285215,21.709285714285215,-1.0,2023
2023-01-20,short,2023-01-20 14:34:00+00:00,2023-01-20 14:39:00+00:00,11331.8,11353.192857142856,11353.192857142856,11371.6,11331.8,213.92857142857116,1.0699395949307118,stop,-21.392857142856883,21.392857142856883,-1.0,2023
2023-01-24,long,2023-01-24 14:34:00+00:00,2023-01-24 14:37:00+00:00,11825.3,11805.142857142857,11805.142857142857,11825.3,11782.8,201.57142857142844,1.2726895488766377,stop,-20.15714285714239,20.15714285714239,-1.0,2023
2023-01-25,short,2023-01-25 14:34:00+00:00,2023-01-25 14:53:00+00:00,11602.5,11623.685714285713,11623.685714285713,11662.8,11602.5,211.85714285714286,1.2294675419401897,stop,-21.185714285713402,21.185714285713402,-1.0,2023
2023-01-27,long,2023-01-27 14:34:00+00:00,2023-01-27 20:59:00+00:00,12038.9,12167.7,12017.247857142856,12038.9,11987.9,216.52142857142866,1.0575495589904813,eod,128.8000000000011,21.65214285714319,5.948602909642687,2023
2023-02-01,short,2023-02-01 14:34:00+00:00,2023-02-01 14:38:00+00:00,12064.7,12087.12642857143,12087.12642857143,12114.0,12064.7,224.26428571428576,1.1812718050954294,stop,-22.426428571428914,22.426428571428914,-1.0,2023
2023-02-02,long,2023-02-02 14:34:00+00:00,2023-02-02 14:44:00+00:00,12687.6,12662.342857142858,12662.342857142858,12687.6,12638.8,252.57142857142858,1.13487071977638,stop,-25.257142857142753,25.257142857142753,-1.0,2023
2023-02-03,long,2023-02-03 14:34:00+00:00,2023-02-03 19:56:00+00:00,12599.0,12571.765,12571.765,12599.0,12520.9,272.34999999999997,1.081763180639585,stop,-27.235000000000582,27.235000000000582,-1.0,2023
2023-02-13,short,2023-02-13 14:34:00+00:00,2023-02-13 14:39:00+00:00,12331.8,12358.544285714284,12358.544285714284,12375.0,12331.8,267.44285714285706,1.6538472036465868,stop,-26.74428571428507,26.74428571428507,-1.0,2023
2023-02-15,long,2023-02-15 14:34:00+00:00,2023-02-15 14:40:00+00:00,12563.9,12535.8,12535.8,12563.9,12510.3,280.9999999999997,1.0641400184234768,stop,-28.100000000000364,28.100000000000364,-1.0,2023
2023-02-16,long,2023-02-16 14:34:00+00:00,2023-02-16 14:39:00+00:00,12516.3,12488.117857142857,12488.117857142857,12516.3,12483.1,281.82142857142844,1.0357078122167844,stop,-28.182142857142026,28.182142857142026,-1.0,2023
2023-02-17,long,2023-02-17 14:34:00+00:00,2023-02-17 14:37:00+00:00,12379.3,12350.442857142856,12350.442857142856,12379.3,12336.6,288.57142857142844,1.0416913145238034,stop,-28.857142857143117,28.857142857143117,-1.0,2023
2023-02-23,short,2023-02-23 14:34:00+00:00,2023-02-23 14:48:00+00:00,12199.9,12223.500714285714,12223.500714285714,12227.8,12199.9,236.007142857143,1.0523415977961432,stop,-23.600714285714275,23.600714285714275,-1.0,2023
2023-03-01,short,2023-03-01 14:34:00+00:00,2023-03-01 14:41:00+00:00,11998.5,12019.205,12019.205,12038.5,11998.5,207.05000000000018,1.0472185161552294,stop,-20.704999999999927,20.704999999999927,-1.0,2023
2023-03-08,short,2023-03-08 14:34:00+00:00,2023-03-08 15:24:00+00:00,12167.3,12187.537857142857,12187.537857142857,12203.9,12167.3,202.3785714285719,2.6851845742750635,stop,-20.237857142858047,20.237857142858047,-1.0,2023
2023-03-09,long,2023-03-09 14:34:00+00:00,2023-03-09 17:02:00+00:00,12267.3,12246.540714285713,12246.540714285713,12267.3,12217.9,207.59285714285747,2.6350465885181844,stop,-20.759285714286307,20.759285714286307,-1.0,2023
2023-03-10,short,2023-03-10 14:34:00+00:00,2023-03-10 15:07:00+00:00,11955.8,11977.690714285714,11977.690714285714,12022.9,11955.8,218.90714285714316,2.504708097928437,stop,-21.89071428571515,21.89071428571515,-1.0,2023
2023-03-13,long,2023-03-13 13:34:00+00:00,2023-03-13 13:48:00+00:00,11806.6,11783.791428571429,11783.791428571429,11806.6,11742.9,228.08571428571472,2.05915346907994,stop,-22.808571428571668,22.808571428571668,-1.0,2023
2023-03-14,short,2023-03-14 13:34:00+00:00,2023-03-14 18:10:00+00:00,12069.4,12093.280714285715,12093.280714285715,12099.9,12069.4,238.80714285714345,1.8162952230792175,stop,-23.88071428571493,23.88071428571493,-1.0,2023
2023-04-03,long,2023-04-03 13:34:00+00:00,2023-04-03 13:59:00+00:00,13128.5,13107.705714285714,13107.705714285714,13128.5,13085.1,207.9428571428572,1.1878253904685623,stop,-20.79428571428616,20.79428571428616,-1.0,2023
2023-04-05,short,2023-04-05 13:34:00+00:00,2023-04-05 19:59:00+00:00,13052.2,12974.7,13072.744285714287,13075.4,13052.2,205.44285714285732,1.0889826475906481,eod,77.5,20.54428571428616,3.772338502190308,2023
2023-04-06,short,2023-04-06 13:34:00+00:00,2023-04-06 14:00:00+00:00,12863.3,12883.975714285714,12883.975714285714,12909.2,12863.3,206.75714285714315,1.0213908812284747,stop,-20.675714285715003,20.675714285715003,-1.0,2023
2023-04-10,short,2023-04-10 13:34:00+00:00,2023-04-10 14:44:00+00:00,12916.6,12933.463571428572,12933.463571428572,12947.1,12916.6,168.63571428571478,1.061221913658167,stop,-16.86357142857196,16.86357142857196,-1.0,2023
2023-04-11,short,2023-04-11 13:34:00+00:00,2023-04-11 19:59:00+00:00,13022.4,12974.4,13039.443571428572,13059.9,13022.4,170.43571428571482,1.0686448184233834,eod,48.0,17.04357142857225,2.8163111353252908,2023
2023-04-12,short,2023-04-12 13:34:00+00:00,2023-04-12 19:59:00+00:00,13036.6,12857.3,13054.348571428573,13080.3,13036.6,177.4857142857149,1.0847521636506687,eod,179.3000000000011,17.748571428572177,10.102221506760744,2023
2023-04-13,long,2023-04-13 13:34:00+00:00,2023-04-13 19:59:00+00:00,12955.3,13109.5,12936.795,12955.3,12917.1,185.05000000000058,1.8701721439749608,eod,154.20000000000073,18.5049999999992,8.332883004593754,2023
2023-04-14,long,2023-04-14 13:34:00+00:00,2023-04-14 14:23:00+00:00,13058.9,13039.902857142857,13039.902857142857,13058.9,13033.5,189.971428571429,1.8229360783269737,stop,-18.997142857142535,18.997142857142535,-1.0,2023
2023-04-17,long,2023-04-17 13:34:00+00:00,2023-04-17 13:45:00+00:00,13083.4,13065.652142857143,13065.652142857143,13083.4,13049.6,177.47857142857188,1.7014624306606154,stop,-17.747857142856446,17.747857142856446,-1.0,2023
2023-04-18,short,2023-04-18 13:34:00+00:00,2023-04-18 13:36:00+00:00,13166.2,13183.131428571429,13183.131428571429,13188.6,13166.2,169.3142857142861,1.5578330893118595,stop,-16.931428571428114,16.931428571428114,-1.0,2023
2023-04-19,long,2023-04-19 13:34:00+00:00,2023-04-19 13:40:00+00:00,13028.6,13011.347142857143,13011.347142857143,13028.6,12987.6,172.52857142857178,1.4614915357633063,stop,-17.252857142857465,17.252857142857465,-1.0,2023
2023-04-20,long,2023-04-20 13:34:00+00:00,2023-04-20 19:05:00+00:00,12995.1,12977.627857142857,12977.627857142857,12995.1,12954.6,174.72142857142885,1.2093884234758052,stop,-17.4721428571429,17.4721428571429,-1.0,2023
2023-04-21,short,2023-04-21 13:34:00+00:00,2023-04-21 13:38:00+00:00,12955.8,12973.247857142856,12973.247857142856,12986.1,12955.8,174.47857142857174,1.3070824053452115,stop,-17.447857142857174,17.447857142857174,-1.0,2023
2023-04-24,long,2023-04-24 13:34:00+00:00,2023-04-24 14:05:00+00:00,13006.6,12991.253571428571,12991.253571428571,13006.6,12969.8,153.46428571428572,1.2450079786087032,stop,-15.346428571428987,15.346428571428987,-1.0,2023
2023-04-25,long,2023-04-25 13:34:00+00:00,2023-04-25 13:46:00+00:00,12926.8,12910.780714285713,12910.780714285713,12926.8,12898.8,160.19285714285706,1.2294033493225616,stop,-16.019285714286525,16.019285714286525,-1.0,2023
2023-04-26,short,2023-04-26 13:34:00+00:00,2023-04-26 13:36:00+00:00,12833.2,12850.302857142859,12850.302857142859,12876.5,12833.2,171.02857142857127,1.281887471443301,stop,-17.10285714285783,17.10285714285783,-1.0,2023
2023-04-28,short,2023-04-28 13:34:00+00:00,2023-04-28 13:51:00+00:00,13126.9,13145.072857142857,13145.072857142857,13168.6,13126.9,181.72857142857134,1.1021911456775353,stop,-18.172857142857538,18.172857142857538,-1.0,2023
2023-05-01,long,2023-05-01 13:34:00+00:00,2023-05-01 13:45:00+00:00,13237.5,13221.980714285713,13221.980714285713,13237.5,13219.3,155.1928571428572,1.021068050707995,stop,-15.519285714286525,15.519285714286525,-1.0,2023
2023-05-02,long,2023-05-02 13:34:00+00:00,2023-05-02 13:36:00+00:00,13237.0,13222.128571428571,13222.128571428571,13237.0,13212.1,148.71428571428572,1.0146353462058788,stop,-14.871428571428623,14.871428571428623,-1.0,2023
2023-05-24,long,2023-05-24 13:34:00+00:00,2023-05-24 13:46:00+00:00,13621.0,13605.542142857143,13605.542142857143,13621.0,13581.4,154.5785714285712,1.0511321482624565,stop,-15.457857142857392,15.457857142857392,-1.0,2023
2023-05-25,short,2023-05-25 13:34:00+00:00,2023-05-25 13:45:00+00:00,13850.3,13867.22357142857,13867.22357142857,13928.3,13850.3,169.2357142857141,1.0759662372278986,stop,-16.92357142857145,16.92357142857145,-1.0,2023
2023-05-26,long,2023-05-26 13:34:00+00:00,2023-05-26 19:59:00+00:00,14010.3,14293.5,13992.575714285713,14010.3,13978.5,177.242857142857,1.0269584709768758,eod,283.2000000000007,17.724285714286452,15.978076892076428,2023
2023-05-30,long,2023-05-30 13:34:00+00:00,2023-05-30 13:43:00+00:00,14498.6,14480.737142857144,14480.737142857144,14498.6,14446.3,178.62857142857112,1.125929164844775,stop,-17.862857142856228,17.862857142856228,-1.0,2023
2023-05-31,long,2023-05-31 13:34:00+00:00,2023-05-31 14:11:00+00:00,14334.4,14315.18857142857,14315.18857142857,14334.4,14295.6,192.11428571428547,1.0773571450717763,stop,-19.21142857142877,19.21142857142877,-1.0,2023
2023-06-01,short,2023-06-01 13:34:00+00:00,2023-06-01 13:40:00+00:00,14243.9,14263.366428571428,14263.366428571428,14276.4,14243.9,194.66428571428554,1.123050259965338,stop,-19.46642857142797,19.46642857142797,-1.0,2023
2023-06-02,long,2023-06-02 13:34:00+00:00,2023-06-02 13:45:00+00:00,14592.4,14571.876428571428,14571.876428571428,14592.4,14516.5,205.23571428571424,1.128810226155359,stop,-20.523571428571813,20.523571428571813,-1.0,2023
2023-06-05,long,2023-06-05 13:34:00+00:00,2023-06-05 13:52:00+00:00,14584.2,14565.812142857143,14565.812142857143,14584.2,14545.9,183.87857142857163,1.0400903099829142,stop,-18.387857142857683,18.387857142857683,-1.0,2023
2023-06-06,short,2023-06-06 13:34:00+00:00,2023-06-06 13:41:00+00:00,14496.1,14514.922142857144,14514.922142857144,14540.6,14496.1,188.22142857142873,1.071417703800627,stop,-18.822142857143263,18.822142857143263,-1.0,2023
2023-06-07,long,2023-06-07 13:34:00+00:00,2023-06-07 13:39:00+00:00,14654.9,14635.786428571428,14635.786428571428,14654.9,14573.8,191.13571428571439,1.1018065887353878,stop,-19.11357142857196,19.11357142857196,-1.0,2023
2023-06-08,short,2023-06-08 13:34:00+00:00,2023-06-08 13:35:00+00:00,14314.9,14335.550714285713,14335.550714285713,14357.8,14314.9,206.507142857143,1.1049414315396429,stop,-20.650714285713548,20.650714285713548,-1.0,2023
2023-06-09,long,2023-06-09 13:34:00+00:00,2023-06-09 14:50:00+00:00,14581.5,14560.544285714286,14560.544285714286,14581.5,14548.2,209.55714285714294,1.09089278775742,stop,-20.95571428571384,20.95571428571384,-1.0,2023
2023-06-12,short,2023-06-12 13:34:00+00:00,2023-06-12 14:24:00+00:00,14600.6,14619.86,14619.86,14636.9,14600.6,192.60000000000022,1.0803603388617111,stop,-19.26000000000022,19.26000000000022,-1.0,2023
2023-06-13,long,2023-06-13 13:34:00+00:00,2023-06-13 13:36:00+00:00,14932.6,14914.227142857144,14914.227142857144,14932.6,14898.6,183.72857142857174,1.0774350745825163,stop,-18.372857142856446,18.372857142856446,-1.0,2023
2023-06-14,short,2023-06-14 13:34:00+00:00,2023-06-14 13:40:00+00:00,14888.8,14907.88,14907.88,14921.8,14888.8,190.80000000000032,1.0177967609894998,stop,-19.079999999999927,19.079999999999927,-1.0,2023
2023-06-16,short,2023-06-16 13:34:00+00:00,2023-06-16 19:59:00+00:00,15222.6,15099.9,15244.13642857143,15299.4,15222.6,215.36428571428613,1.0754207355079992,eod,122.70000000000073,21.536428571429497,5.697323471858102,2023
2023-06-20,long,2023-06-20 13:34:00+00:00,2023-06-20 13:55:00+00:00,15106.9,15087.142142857143,15087.142142857143,15106.9,15038.1,197.57857142857185,1.0432761613368244,stop,-19.757857142856665,19.757857142856665,-1.0,2023
2023-06-22,long,2023-06-22 13:34:00+00:00,2023-06-22 19:59:00+00:00,14852.2,15051.1,14831.025000000001,14852.2,14802.8,211.7500000000004,1.0579744721460096,eod,198.89999999999964,21.174999999999272,9.393152302243516,2023
2023-06-23,long,2023-06-23 13:34:00+00:00,2023-06-23 13:37:00+00:00,14922.6,14900.327857142858,14900.327857142858,14922.6,14874.5,222.721428571429,1.0264936307637103,stop,-22.27214285714217,22.27214285714217,-1.0,2023
2023-06-26,long,2023-06-26 13:34:00+00:00,2023-06-26 14:40:00+00:00,14908.6,14889.057142857144,14889.057142857144,14908.6,14869.3,195.42857142857196,1.008398338264742,stop,-19.54285714285652,19.54285714285652,-1.0,2023
2023-06-27,long,2023-06-27 13:34:00+00:00,2023-06-27 14:08:00+00:00,14785.3,14765.287857142856,14765.287857142856,14785.3,14747.1,200.12142857142902,1.0531270612220422,stop,-20.012142857143772,20.012142857143772,-1.0,2023
2023-06-28,long,2023-06-28 13:34:00+00:00,2023-06-28 13:46:00+00:00,14919.4,14897.876428571428,14897.876428571428,14919.4,14867.9,215.23571428571464,1.0595413423101199,stop,-21.523571428571813,21.523571428571813,-1.0,2023
2023-06-29,long,2023-06-29 13:34:00+00:00,2023-06-29 13:35:00+00:00,14995.2,14974.382142857143,14974.382142857143,14995.2,14937.7,208.1785714285717,1.049324650265316,stop,-20.817857142857974,20.817857142857974,-1.0,2023
2023-06-30,long,2023-06-30 13:34:00+00:00,2023-06-30 19:59:00+00:00,15125.9,15184.6,15105.220714285713,15125.9,15094.4,206.79285714285743,1.0027536538868884,eod,58.70000000000073,20.67928571428638,2.83858934060994,2023
2023-07-03,long,2023-07-03 13:34:00+00:00,2023-07-03 14:21:00+00:00,15228.7,15210.410714285716,15210.410714285716,15228.7,15203.2,182.89285714285728,1.014591647119749,stop,-18.289285714285143,18.289285714285143,-1.0,2023
2023-07-05,long,2023-07-05 13:34:00+00:00,2023-07-05 19:59:00+00:00,15202.4,15222.5,15185.169285714286,15202.4,15154.2,172.3071428571428,1.0955247317456163,eod,20.100000000000364,17.230714285713475,1.1665215769183697,2023
2023-07-06,short,2023-07-06 13:34:00+00:00,2023-07-06 13:37:00+00:00,15016.4,15034.32857142857,15034.32857142857,15077.1,15016.4,179.28571428571416,1.2241697416974169,stop,-17.92857142857065,17.92857142857065,-1.0,2023
2023-07-07,short,2023-07-07 13:34:00+00:00,2023-07-07 13:38:00+00:00,15064.0,15082.004285714285,15082.004285714285,15106.0,15064.0,180.04285714285703,1.1566177920967848,stop,-18.004285714285288,18.004285714285288,-1.0,2023
2023-07-11,long,2023-07-11 13:34:00+00:00,2023-07-11 13:40:00+00:00,15084.4,15068.580714285714,15068.580714285714,15084.4,15055.0,158.19285714285706,1.071382078541983,stop,-15.819285714285797,15.819285714285797,-1.0,2023
2023-07-12,long,2023-07-12 13:34:00+00:00,2023-07-12 13:36:00+00:00,15316.1,15299.515714285715,15299.515714285715,15316.1,15286.5,165.84285714285696,1.080980091883614,stop,-16.584285714285215,16.584285714285215,-1.0,2023
2023-07-13,long,2023-07-13 13:34:00+00:00,2023-07-13 14:06:00+00:00,15470.9,15454.740714285714,15454.740714285714,15470.9,15427.0,161.59285714285696,1.0475227502527806,stop,-16.159285714285943,16.159285714285943,-1.0,2023
2023-07-14,long,2023-07-14 13:34:00+00:00,2023-07-14 17:01:00+00:00,15643.4,15627.331428571428,15627.331428571428,15643.4,15598.8,160.68571428571406,1.0105127655009654,stop,-16.068571428571886,16.068571428571886,-1.0,2023
2023-07-17,long,2023-07-17 13:34:00+00:00,2023-07-17 13:44:00+00:00,15646.2,15631.19642857143,15631.19642857143,15646.2,15608.9,150.0357142857139,1.041876458307749,stop,-15.003571428571377,15.003571428571377,-1.0,2023
2023-07-18,short,2023-07-18 13:34:00+00:00,2023-07-18 13:42:00+00:00,15654.7,15669.361428571428,15669.361428571428,15700.7,15654.7,146.61428571428547,1.0532212885154062,stop,-14.661428571427678,14.661428571427678,-1.0,2023
2023-07-19,short,2023-07-19 13:34:00+00:00,2023-07-19 14:20:00+00:00,15863.1,15879.487142857142,15879.487142857142,15918.8,15863.1,163.87142857142848,1.0750624749328972,stop,-16.387142857141953,16.387142857141953,-1.0,2023
2023-07-20,long,2023-07-20 13:34:00+00:00,2023-07-20 13:54:00+00:00,15771.5,15754.154285714285,15754.154285714285,15771.5,15718.5,173.45714285714297,1.0810093780848964,stop,-17.345714285715076,17.345714285715076,-1.0,2023
2023-07-24,long,2023-07-24 13:34:00+00:00,2023-07-24 13:37:00+00:00,15511.9,15493.235714285714,15493.235714285714,15511.9,15471.1,186.64285714285728,1.0705605044846482,stop,-18.664285714285143,18.664285714285143,-1.0,2023
2023-07-27,long,2023-07-27 13:34:00+00:00,2023-07-27 14:08:00+00:00,15770.5,15751.159285714286,15751.159285714286,15770.5,15729.5,193.4071428571429,1.0422258213789912,stop,-19.340714285714057,19.340714285714057,-1.0,2023
2023-07-31,short,2023-07-31 13:34:00+00:00,2023-07-31 14:30:00+00:00,15760.1,15780.842857142858,15780.842857142858,15806.1,15760.1,207.42857142857156,1.028344769680651,stop,-20.742857142857247,20.742857142857247,-1.0,2023
2023-08-02,short,2023-08-02 13:34:00+00:00,2023-08-02 19:59:00+00:00,15539.8,15385.4,15561.119999999999,15585.1,15539.8,213.20000000000022,1.009125937943622,eod,154.39999999999964,21.31999999999971,7.242026266416592,2023
2023-08-03,long,2023-08-03 13:34:00+00:00,2023-08-03 14:25:00+00:00,15315.0,15292.897857142858,15292.897857142858,15315.0,15273.4,221.02142857142866,1.0037323149032202,stop,-22.1021428571421,22.1021428571421,-1.0,2023
2023-08-04,long,2023-08-04 13:34:00+00:00,2023-08-04 13:41:00+00:00,15482.0,15460.484285714285,15460.484285714285,15482.0,15421.2,215.1571428571429,1.0316554229372081,stop,-21.51571428571515,21.51571428571515,-1.0,2023
2023-08-07,short,2023-08-07 13:34:00+00:00,2023-08-07 13:53:00+00:00,15342.1,15362.08,15362.08,15401.8,15342.1,199.80000000000004,1.043425814234017,stop,-19.979999999999563,19.979999999999563,-1.0,2023
2023-08-18,long,2023-08-18 13:34:00+00:00,2023-08-18 13:55:00+00:00,14616.6,14592.963571428572,14592.963571428572,14616.6,14566.6,236.36428571428587,1.0531493215288026,stop,-23.63642857142804,23.63642857142804,-1.0,2023
2023-08-21,long,2023-08-21 13:34:00+00:00,2023-08-21 14:30:00+00:00,14797.3,14775.634285714284,14775.634285714284,14797.3,14755.4,216.65714285714304,1.0043320048518454,stop,-21.665714285714785,21.665714285714785,-1.0,2023
2023-08-23,long,2023-08-23 13:34:00+00:00,2023-08-23 13:38:00+00:00,14992.1,14969.58142857143,14969.58142857143,14992.1,14954.8,225.18571428571445,1.005687887974592,stop,-22.518571428570795,22.518571428570795,-1.0,2023
2023-08-24,short,2023-08-24 13:34:00+00:00,2023-08-24 19:59:00+00:00,15211.3,14814.2,15235.78357142857,15294.5,15211.3,244.83571428571446,1.005801702987444,eod,397.09999999999854,24.48357142857094,16.219039005747558,2023
2023-08-25,long,2023-08-25 13:34:00+00:00,2023-08-25 13:38:00+00:00,14891.8,14864.638571428572,14864.638571428572,14891.8,14851.3,271.61428571428576,1.0053213025623229,stop,-27.161428571427678,27.161428571427678,-1.0,2023
2023-08-28,long,2023-08-28 13:34:00+00:00,2023-08-28 13:37:00+00:00,15079.4,15053.859999999999,15053.859999999999,15079.4,15025.5,255.40000000000003,1.0390529797481576,stop,-25.540000000000873,25.540000000000873,-1.0,2023
2023-08-30,long,2023-08-30 13:34:00+00:00,2023-08-30 13:35:00+00:00,15413.1,15385.853571428572,15385.853571428572,15413.1,15380.7,272.4642857142856,1.031058060030131,stop,-27.246428571428623,27.246428571428623,-1.0,2023
2023-08-31,long,2023-08-31 13:34:00+00:00,2023-08-31 13:47:00+00:00,15520.8,15494.490714285714,15494.490714285714,15520.8,15456.8,263.0928571428571,1.0261780104712042,stop,-26.30928571428558,26.30928571428558,-1.0,2023
2023-09-01,short,2023-09-01 13:34:00+00:00,2023-09-01 19:59:00+00:00,15580.1,15489.1,15605.640714285715,15620.7,15580.1,255.4071428571428,1.0152348587391642,eod,91.0,25.540714285714785,3.56293872528449,2023
2023-09-05,short,2023-09-05 13:34:00+00:00,2023-09-05 13:37:00+00:00,15438.9,15461.457142857142,15461.457142857142,15475.7,15438.9,225.57142857142844,1.0708939329398164,stop,-22.557142857142026,22.557142857142026,-1.0,2023
2023-09-06,short,2023-09-06 13:34:00+00:00,2023-09-06 13:43:00+00:00,15448.8,15472.134285714284,15472.134285714284,15484.5,15448.8,233.34285714285696,1.0332979851537645,stop,-23.334285714285215,23.334285714285215,-1.0,2023
2023-09-08,long,2023-09-08 13:34:00+00:00,2023-09-08 13:56:00+00:00,15341.0,15317.972142857143,15317.972142857143,15341.0,15262.0,230.27857142857127,1.074376155968588,stop,-23.0278571428571,23.0278571428571,-1.0,2023
2023-09-11,long,2023-09-11 13:34:00+00:00,2023-09-11 19:59:00+00:00,15456.5,15484.9,15439.390714285715,15456.5,15423.5,171.0928571428571,1.1097250817488191,eod,28.399999999999636,17.10928571428485,1.6599173381205483,2023
2023-09-12,long,2023-09-12 13:34:00+00:00,2023-09-12 14:25:00+00:00,15436.2,15419.891428571429,15419.891428571429,15436.2,15396.3,163.0857142857142,1.077766399614481,stop,-16.308571428571668,16.308571428571668,-1.0,2023
2023-09-13,long,2023-09-13 13:34:00+00:00,2023-09-13 13:43:00+00:00,15367.4,15350.117142857143,15350.117142857143,15367.4,15306.8,172.82857142857145,1.0469492034866246,stop,-17.2828571428563,17.2828571428563,-1.0,2023
2023-09-14,short,2023-09-14 13:34:00+00:00,2023-09-14 13:37:00+00:00,15402.7,15420.530714285715,15420.530714285715,15452.6,15402.7,178.30714285714294,1.0739126514172352,stop,-17.83071428571384,17.83071428571384,-1.0,2023
2023-09-15,short,2023-09-15 13:34:00+00:00,2023-09-15 19:59:00+00:00,15393.9,15208.2,15410.093571428572,15443.5,15393.9,161.93571428571445,1.0242366068750375,eod,185.6999999999989,16.193571428571886,11.467513563583042,2023
2023-09-18,long,2023-09-18 13:34:00+00:00,2023-09-18 13:42:00+00:00,15233.1,15216.272857142858,15216.272857142858,15233.1,15166.7,168.27142857142866,1.048556548962943,stop,-16.827142857142462,16.827142857142462,-1.0,2023
2023-09-19,short,2023-09-19 13:34:00+00:00,2023-09-19 13:50:00+00:00,15149.6,15165.872142857143,15165.872142857143,15182.8,15149.6,162.7214285714286,1.0068680082775994,stop,-16.27214285714217,16.27214285714217,-1.0,2023
2023-09-21,long,2023-09-21 13:34:00+00:00,2023-09-21 13:38:00+00:00,14840.9,14821.650714285714,14821.650714285714,14840.9,14803.2,192.49285714285725,1.062200666868748,stop,-19.24928571428609,19.24928571428609,-1.0,2023
2023-09-22,short,2023-09-22 13:34:00+00:00,2023-09-22 13:46:00+00:00,14745.8,14765.792857142857,14765.792857142857,14771.9,14745.8,199.92857142857156,1.0312661106899166,stop,-19.992857142857247,19.992857142857247,-1.0,2023
2023-09-28,long,2023-09-28 13:34:00+00:00,2023-09-28 13:36:00+00:00,14558.6,14538.361428571428,14538.361428571428,14558.6,14509.6,202.38571428571453,1.0326039704390668,stop,-20.23857142857196,20.23857142857196,-1.0,2023
2023-10-06,long,2023-10-06 13:34:00+00:00,2023-10-06 19:59:00+00:00,14664.0,14976.1,14640.067142857142,14664.0,14601.0,239.3285714285717,1.0268321513002363,eod,312.10000000000036,23.932857142857756,13.040649435921605,2023
2023-10-12,short,2023-10-12 13:34:00+00:00,2023-10-12 14:05:00+00:00,15254.1,15280.185714285715,15280.185714285715,15278.6,15254.1,260.8571428571431,1.6808168611574184,stop,-26.085714285714857,26.085714285714857,-1.0,2023
2023-10-13,short,2023-10-13 13:34:00+00:00,2023-10-13 13:41:00+00:00,15207.6,15233.88642857143,15233.88642857143,15244.9,15207.6,262.864285714286,1.6205250596658711,stop,-26.286428571429497,26.286428571429497,-1.0,2023
2023-10-20,short,2023-10-20 13:34:00+00:00,2023-10-20 19:59:00+00:00,14705.3,14556.9,14731.414999999999,14756.0,14705.3,261.15000000000015,1.0114111218257795,eod,148.39999999999964,26.11499999999978,5.682557916906026,2023
2023-11-14,long,2023-11-14 14:34:00+00:00,2023-11-14 14:36:00+00:00,15776.1,15756.31,15756.31,15776.1,15732.8,197.90000000000003,1.026554737022443,stop,-19.790000000000873,19.790000000000873,-1.0,2023
2023-11-15,long,2023-11-15 14:34:00+00:00,2023-11-15 14:41:00+00:00,15904.8,15882.99857142857,15882.99857142857,15904.8,15875.9,218.01428571428576,1.0046583407161842,stop,-21.801428571428914,21.801428571428914,-1.0,2023
2023-11-20,long,2023-11-20 14:34:00+00:00,2023-11-20 15:23:00+00:00,15910.8,15892.653571428571,15892.653571428571,15910.8,15844.4,181.46428571428584,1.0058401757835087,stop,-18.14642857142826,18.14642857142826,-1.0,2023
2023-11-27,short,2023-11-27 14:34:00+00:00,2023-11-27 14:39:00+00:00,15950.6,15967.634285714286,15967.634285714286,16001.4,15950.6,170.3428571428572,1.0502257856418762,stop,-17.034285714285943,17.034285714285943,-1.0,2023
2023-11-28,long,2023-11-28 14:34:00+00:00,2023-11-28 18:02:00+00:00,15974.2,15958.983571428573,15958.983571428573,15974.2,15940.1,152.1642857142858,1.0429787103314798,stop,-15.216428571427969,15.216428571427969,-1.0,2023
2023-11-29,long,2023-11-29 14:34:00+00:00,2023-11-29 15:03:00+00:00,16155.3,16139.724999999999,16139.724999999999,16155.3,16113.7,155.75,1.0335281451860965,stop,-15.575000000000728,15.575000000000728,-1.0,2023
2023-12-01,short,2023-12-01 14:34:00+00:00,2023-12-01 14:36:00+00:00,15854.0,15869.102142857142,15869.102142857142,15903.5,15854.0,151.02142857142852,1.1053648661084015,stop,-15.102142857142098,15.102142857142098,-1.0,2023
2023-12-04,long,2023-12-04 14:34:00+00:00,2023-12-04 20:59:00+00:00,15851.3,15846.0,15836.739285714286,15851.3,15816.9,145.60714285714272,1.1004591368227732,eod,-5.299999999999272,14.560714285713402,-0.3639931322050248,2023
2023-12-06,short,2023-12-06 14:34:00+00:00,2023-12-06 20:59:00+00:00,15946.6,15795.4,15963.613571428572,16018.0,15946.6,170.13571428571427,1.1201716738197425,eod,151.20000000000073,17.013571428571595,8.887022964859941,2023
2023-12-07,long,2023-12-07 14:34:00+00:00,2023-12-07 14:40:00+00:00,15948.1,15931.447142857143,15931.447142857143,15948.1,15887.8,166.52857142857152,1.076890191767436,stop,-16.6528571428571,16.6528571428571,-1.0,2023
2023-12-08,long,2023-12-08 14:34:00+00:00,2023-12-08 14:40:00+00:00,15976.5,15959.361428571428,15959.361428571428,15976.5,15929.6,171.38571428571439,1.1012530869843593,stop,-17.138571428571595,17.138571428571595,-1.0,2023
2023-12-11,long,2023-12-11 14:34:00+00:00,2023-12-11 20:59:00+00:00,16149.0,16245.8,16131.586428571429,16149.0,16079.2,174.13571428571439,1.1491457408645955,eod,96.79999999999927,17.41357142857123,5.55888264489932,2023
2023-12-12,short,2023-12-12 14:34:00+00:00,2023-12-12 14:36:00+00:00,16209.6,16228.03642857143,16228.03642857143,16249.0,16209.6,184.36428571428587,1.078123117696663,stop,-18.436428571429133,18.436428571429133,-1.0,2023
2023-12-13,long,2023-12-13 14:34:00+00:00,2023-12-13 14:45:00+00:00,16446.5,16426.97,16426.97,16446.5,16409.1,195.30000000000018,1.0825759620864455,stop,-19.529999999998836,19.529999999998836,-1.0,2023
2023-12-15,long,2023-12-15 14:34:00+00:00,2023-12-15 18:41:00+00:00,16622.3,16600.822857142855,16600.822857142855,16622.3,16585.7,214.77142857142903,1.0298132082403142,stop,-21.477142857143917,21.477142857143917,-1.0,2023
2024-01-02,short,2024-01-02 14:34:00+00:00,2024-01-02 20:59:00+00:00,16672.5,16563.9,16686.645714285714,16715.2,16672.5,141.45714285714297,1.031879830829809,eod,108.59999999999854,14.145714285714348,7.6772369218338365,2024
2024-01-03,long,2024-01-03 14:34:00+00:00,2024-01-03 14:37:00+00:00,16465.6,16450.324285714283,16450.324285714283,16465.6,16424.2,152.75714285714275,1.0293151969981238,stop,-15.275714285715367,15.275714285715367,-1.0,2024
2024-01-04,long,2024-01-04 14:34:00+00:00,2024-01-04 14:39:00+00:00,16333.4,16317.577142857142,16317.577142857142,16333.4,16288.4,158.22857142857134,1.0439479787452661,stop,-15.822857142857174,15.822857142857174,-1.0,2024
2024-01-05,long,2024-01-05 14:34:00+00:00,2024-01-05 14:39:00+00:00,16333.0,16316.472857142857,16316.472857142857,16333.0,16284.2,165.27142857142866,1.0113739897134462,stop,-16.52714285714319,16.52714285714319,-1.0,2024
2024-01-08,long,2024-01-08 14:34:00+00:00,2024-01-08 20:59:00+00:00,16402.3,16655.4,16385.707142857143,16402.3,16360.4,165.92857142857156,1.0104111522851598,eod,253.10000000000218,16.59285714285579,15.253551442102106,2024
2024-01-09,long,2024-01-09 14:34:00+00:00,2024-01-09 20:59:00+00:00,16570.6,16688.4,16553.164999999997,16570.6,16523.6,174.3500000000001,1.0529052078102383,eod,117.80000000000291,17.43500000000131,6.756524232864586,2024
2024-01-10,long,2024-01-10 14:34:00+00:00,2024-01-10 14:40:00+00:00,16731.7,16713.872142857144,16713.872142857144,16731.7,16699.2,178.27857142857127,1.028101802757158,stop,-17.827857142856374,17.827857142856374,-1.0,2024
2024-01-11,long,2024-01-11 14:34:00+00:00,2024-01-11 14:42:00+00:00,16875.6,16857.340714285714,16857.340714285714,16875.6,16836.6,182.59285714285684,1.0358014885417586,stop,-18.259285714284488,18.259285714284488,-1.0,2024
2024-01-12,short,2024-01-12 14:34:00+00:00,2024-01-12 15:07:00+00:00,16839.1,16858.917142857143,16858.917142857143,16876.6,16839.1,198.17142857142815,1.0760690789473684,stop,-19.817142857144063,19.817142857144063,-1.0,2024
2024-01-16,long,2024-01-16 14:34:00+00:00,2024-01-16 14:37:00+00:00,16813.8,16793.61142857143,16793.61142857143,16813.8,16779.7,201.88571428571413,1.0737009220247908,stop,-20.188571428570867,20.188571428570867,-1.0,2024
2024-01-17,short,2024-01-17 14:34:00+00:00,2024-01-17 14:41:00+00:00,16635.4,16655.793571428574,16655.793571428574,16718.9,16635.4,203.9357142857139,1.0910802113060902,stop,-20.393571428572614,20.393571428572614,-1.0,2024
2024-01-18,long,2024-01-18 14:34:00+00:00,2024-01-18 14:46:00+00:00,16925.9,16904.168571428574,16904.168571428574,16925.9,16875.9,217.3142857142853,1.0669648253354285,stop,-21.731428571427386,21.731428571427386,-1.0,2024
2024-01-22,long,2024-01-22 14:34:00+00:00,2024-01-22 14:36:00+00:00,17464.6,17442.84857142857,17442.84857142857,17464.6,17418.2,217.51428571428536,1.007910074937552,stop,-21.751428571427823,21.751428571427823,-1.0,2024
2024-01-25,short,2024-01-25 14:34:00+00:00,2024-01-25 14:49:00+00:00,17570.6,17591.101428571426,17591.101428571426,17620.8,17570.6,205.01428571428525,1.0266919442689055,stop,-20.501428571427823,20.501428571427823,-1.0,2024
2024-01-26,long,2024-01-26 14:34:00+00:00,2024-01-26 17:37:00+00:00,17468.7,17447.80285714286,17447.80285714286,17468.7,17433.6,208.97142857142822,1.0716049382716049,stop,-20.89714285714217,20.89714285714217,-1.0,2024
2024-01-29,long,2024-01-29 14:34:00+00:00,2024-01-29 15:03:00+00:00,17461.5,17442.39214285714,17442.39214285714,17461.5,17434.8,191.07857142857134,1.0233647666526517,stop,-19.107857142858848,19.107857142858848,-1.0,2024
2024-01-31,long,2024-01-31 14:34:00+00:00,2024-01-31 19:39:00+00:00,17333.7,17312.427142857145,17312.427142857145,17333.7,17280.0,212.72857142857097,1.0477342851957165,stop,-21.272857142856083,21.272857142856083,-1.0,2024
2024-02-01,long,2024-02-01 14:34:00+00:00,2024-02-01 14:40:00+00:00,17243.4,17221.242142857143,17221.242142857143,17243.4,17203.7,221.57857142857105,1.083381288427174,stop,-22.15785714285812,22.15785714285812,-1.0,2024
2024-02-02,long,2024-02-02 14:34:00+00:00,2024-02-02 20:59:00+00:00,17431.2,17640.5,17407.887142857144,17431.2,17376.9,233.12857142857112,1.1155818540433924,eod,209.29999999999927,23.312857142856956,8.977878546479605,2024
2024-02-05,long,2024-02-05 14:34:00+00:00,2024-02-05 20:03:00+00:00,17656.9,17634.998571428572,17634.998571428572,17656.9,17627.9,219.01428571428525,1.0283604050662127,stop,-21.90142857142928,21.90142857142928,-1.0,2024
2024-02-06,short,2024-02-06 14:34:00+00:00,2024-02-06 20:59:00+00:00,17642.7,17583.3,17663.648571428574,17689.5,17642.7,209.48571428571398,1.0003170485660757,eod,59.400000000001455,20.948571428572905,2.8355155482813754,2024
2024-02-07,short,2024-02-07 14:34:00+00:00,2024-02-07 14:52:00+00:00,17669.3,17690.912857142856,17690.912857142856,17702.6,17669.3,216.12857142857087,1.0012425231889501,stop,-21.612857142856228,21.612857142856228,-1.0,2024
2024-02-13,short,2024-02-13 14:34:00+00:00,2024-02-13 20:41:00+00:00,17523.8,17544.087857142855,17544.087857142855,17574.0,17523.8,202.8785714285706,1.0810214101037097,stop,-20.2878571428555,20.2878571428555,-1.0,2024
2024-02-14,short,2024-02-14 14:34:00+00:00,2024-02-14 15:07:00+00:00,17720.4,17743.025,17743.025,17754.8,17720.4,226.24999999999923,1.046118392625666,stop,-22.625,22.625,-1.0,2024
2024-02-15,short,2024-02-15 14:34:00+00:00,2024-02-15 18:12:00+00:00,17808.2,17830.740714285716,17830.740714285716,17839.7,17808.2,225.40714285714213,1.02695572378986,stop,-22.540714285714785,22.540714285714785,-1.0,2024
2024-02-16,short,2024-02-16 14:34:00+00:00,2024-02-16 20:59:00+00:00,17826.5,17686.7,17848.123571428572,17869.8,17826.5,216.23571428571373,1.0357142857142858,eod,139.79999999999927,21.623571428572177,6.465166980477396,2024
2024-02-21,long,2024-02-21 14:34:00+00:00,2024-02-21 15:20:00+00:00,17461.6,17441.40857142857,17441.40857142857,17461.6,17414.7,201.9142857142854,1.0487122884473878,stop,-20.19142857143015,20.19142857143015,-1.0,2024
2024-02-23,long,2024-02-23 14:34:00+00:00,2024-02-23 14:43:00+00:00,18093.2,18070.61642857143,18070.61642857143,18093.2,18050.6,225.8357142857138,1.0109463276836157,stop,-22.583571428571304,22.583571428571304,-1.0,2024
2024-02-26,short,2024-02-26 14:34:00+00:00,2024-02-26 14:37:00+00:00,17971.6,17993.589285714283,17993.589285714283,18011.5,17971.6,219.89285714285663,1.0562374601675912,stop,-21.98928571428405,21.98928571428405,-1.0,2024
2024-02-27,short,2024-02-27 14:34:00+00:00,2024-02-27 15:19:00+00:00,17961.9,17983.302142857145,17983.302142857145,17990.0,17961.9,214.02142857142826,1.0336178981454225,stop,-21.40214285714319,21.40214285714319,-1.0,2024
2024-02-28,long,2024-02-28 14:34:00+00:00,2024-02-28 14:43:00+00:00,17908.0,17885.929285714286,17885.929285714286,17908.0,17866.3,220.70714285714243,1.0342616827926947,stop,-22.07071428571362,22.07071428571362,-1.0,2024
2024-02-29,long,2024-02-29 14:34:00+00:00,2024-02-29 14:38:00+00:00,18030.3,18008.57357142857,18008.57357142857,18030.3,17984.5,217.26428571428525,1.0770177598030597,stop,-21.726428571430006,21.726428571430006,-1.0,2024
2024-03-01,long,2024-03-01 14:34:00+00:00,2024-03-01 15:04:00+00:00,18109.7,18088.757857142857,18088.757857142857,18109.7,18059.8,209.42142857142815,1.0106330293937715,stop,-20.942142857144063,20.942142857144063,-1.0,2024
2024-03-04,short,2024-03-04 14:34:00+00:00,2024-03-04 15:13:00+00:00,18259.7,18280.650714285715,18280.650714285715,18306.1,18259.7,209.50714285714275,1.014263350147852,stop,-20.95071428571464,20.95071428571464,-1.0,2024
2024-03-05,short,2024-03-05 14:34:00+00:00,2024-03-05 20:59:00+00:00,18047.3,17906.3,18067.330714285712,18108.6,18047.3,200.3071428571428,1.052803261977574,eod,141.0,20.030714285712747,7.039189815640808,2024
2024-03-06,short,2024-03-06 14:34:00+00:00,2024-03-06 16:50:00+00:00,18069.9,18091.97857142857,18091.97857142857,18102.8,18069.9,220.78571428571428,1.036039973195816,stop,-22.078571428570285,22.078571428570285,-1.0,2024
2024-03-07,long,2024-03-07 14:34:00+00:00,2024-03-07 14:44:00+00:00,18171.4,18148.582857142857,18148.582857142857,18171.4,18144.6,228.17142857142866,1.0541320507214693,stop,-22.817142857144063,22.817142857144063,-1.0,2024
2024-03-08,long,2024-03-08 14:34:00+00:00,2024-03-08 14:35:00+00:00,18344.1,18320.05357142857,18320.05357142857,18344.1,18290.9,240.46428571428572,1.1267088349316465,stop,-24.046428571429715,24.046428571429715,-1.0,2024
2024-03-11,short,2024-03-11 13:34:00+00:00,2024-03-11 14:09:00+00:00,17913.0,17935.382142857143,17935.382142857143,17995.5,17913.0,223.82142857142884,1.0824079485680889,stop,-22.382142857142753,22.382142857142753,-1.0,2024
2024-03-12,short,2024-03-12 13:34:00+00:00,2024-03-12 13:59:00+00:00,18024.8,18047.02,18047.02,18099.3,18024.8,222.20000000000047,1.009620983170211,stop,-22.220000000001164,22.220000000001164,-1.0,2024
2024-03-13,short,2024-03-13 13:34:00+00:00,2024-03-13 19:59:00+00:00,18145.8,18093.0,18169.801428571427,18191.0,18145.8,240.01428571428602,1.0584392215485978,eod,52.79999999999927,24.001428571427823,2.1998690554134064,2024
2024-03-14,long,2024-03-14 13:34:00+00:00,2024-03-14 13:44:00+00:00,18147.5,18122.812857142857,18122.812857142857,18147.5,18099.3,246.87142857142888,1.0512855919798947,stop,-24.687142857143044,24.687142857143044,-1.0,2024
2024-03-15,short,2024-03-15 13:34:00+00:00,2024-03-15 14:47:00+00:00,17893.7,17919.352857142858,17919.352857142858,17940.1,17893.7,256.5285714285718,1.042496024565444,stop,-25.6528571428571,25.6528571428571,-1.0,2024
2024-03-21,short,2024-03-21 13:34:00+00:00,2024-03-21 13:38:00+00:00,18435.3,18462.344999999998,18462.344999999998,18471.5,18435.3,270.44999999999993,1.0262936074176794,stop,-27.044999999998254,27.044999999998254,-1.0,2024
2024-03-22,short,2024-03-22 13:34:00+00:00,2024-03-22 14:02:00+00:00,18300.7,18326.29357142857,18326.29357142857,18326.9,18300.7,255.93571428571417,1.0043519394512772,stop,-25.593571428569703,25.593571428569703,-1.0,2024
2024-04-02,short,2024-04-02 13:34:00+00:00,2024-04-02 15:36:00+00:00,18070.8,18089.18357142857,18089.18357142857,18101.6,18070.8,183.8357142857141,1.0141416326420247,stop,-18.383571428570576,18.383571428570576,-1.0,2024
2024-04-05,short,2024-04-05 13:34:00+00:00,2024-04-05 13:41:00+00:00,17942.5,17963.946428571428,17963.946428571428,17988.8,17942.5,214.46428571428572,1.035117329994011,stop,-21.446428571427532,21.446428571427532,-1.0,2024
2024-04-08,short,2024-04-08 13:34:00+00:00,2024-04-08 14:01:00+00:00,18114.0,18134.475714285716,18134.475714285716,18161.4,18114.0,204.757142857143,1.0435019328142865,stop,-20.475714285716094,20.475714285716094,-1.0,2024
2024-04-09,short,2024-04-09 13:34:00+00:00,2024-04-09 13:37:00+00:00,18179.5,18199.72,18199.72,18231.7,18179.5,202.20000000000022,1.029713170308518,stop,-20.220000000001164,20.220000000001164,-1.0,2024
2024-04-10,long,2024-04-10 13:34:00+00:00,2024-04-10 13:45:00+00:00,17998.3,17977.27357142857,17977.27357142857,17998.3,17950.3,210.26428571428602,1.0509079118028535,stop,-21.02642857142928,21.02642857142928,-1.0,2024
2024-04-11,long,2024-04-11 13:34:00+00:00,2024-04-11 14:00:00+00:00,18106.2,18082.655000000002,18082.655000000002,18106.2,18058.8,235.45000000000022,1.0160865120783344,stop,-23.544999999998254,23.544999999998254,-1.0,2024
2024-04-16,long,2024-04-16 13:34:00+00:00,2024-04-16 13:37:00+00:00,17731.3,17701.680714285714,17701.680714285714,17731.3,17694.6,296.1928571428572,1.0161107818309176,stop,-29.61928571428507,29.61928571428507,-1.0,2024
2024-04-18,short,2024-04-18 13:34:00+00:00,2024-04-18 14:15:00+00:00,17477.7,17508.695714285714,17508.695714285714,17530.5,17477.7,309.9571428571427,1.0028804479500364,stop,-30.995714285712893,30.995714285712893,-1.0,2024
2024-04-19,short,2024-04-19 13:34:00+00:00,2024-04-19 13:43:00+00:00,17303.7,17336.679285714286,17336.679285714286,17350.9,17303.7,329.7928571428568,1.0386951147417638,stop,-32.97928571428565,32.97928571428565,-1.0,2024
2024-04-24,long,2024-04-24 13:34:00+00:00,2024-04-24 13:56:00+00:00,17622.6,17589.36357142857,17589.36357142857,17622.6,17583.9,332.3642857142851,1.0121157130657559,stop,-33.236428571428405,33.236428571428405,-1.0,2024
2024-04-26,long,2024-04-26 13:34:00+00:00,2024-04-26 19:59:00+00:00,17611.0,17715.8,17574.31,17611.0,17544.2,366.8999999999991,1.0290839613629126,eod,104.79999999999927,36.68999999999869,2.8563641319161355,2024
2024-05-02,short,2024-05-02 13:34:00+00:00,2024-05-02 17:13:00+00:00,17438.9,17471.59142857143,17471.59142857143,17496.2,17438.9,326.91428571428514,1.003153731024161,stop,-32.69142857143015,32.69142857143015,-1.0,2024
2024-05-03,short,2024-05-03 13:34:00+00:00,2024-05-03 14:29:00+00:00,17817.3,17851.61142857143,17851.61142857143,17862.0,17817.3,343.1142857142851,1.0225852955309949,stop,-34.31142857142913,34.31142857142913,-1.0,2024
2024-05-21,long,2024-05-21 13:34:00+00:00,2024-05-21 13:45:00+00:00,18639.0,18623.870714285713,18623.870714285713,18639.0,18607.0,151.29285714285703,1.0042624789680312,stop,-15.129285714287107,15.129285714287107,-1.0,2024
2024-05-23,short,2024-05-23 13:34:00+00:00,2024-05-23 13:35:00+00:00,18864.8,18880.96857142857,18880.96857142857,18914.4,18864.8,161.68571428571417,1.0440839208358108,stop,-16.16857142857043,16.16857142857043,-1.0,2024
2024-05-24,long,2024-05-24 13:34:00+00:00,2024-05-24 13:35:00+00:00,18710.6,18692.38142857143,18692.38142857143,18710.6,18669.6,182.18571428571417,1.0407473663287616,stop,-18.218571428569703,18.218571428569703,-1.0,2024
2024-05-28,short,2024-05-28 13:34:00+00:00,2024-05-28 14:50:00+00:00,18849.9,18867.67785714286,18867.67785714286,18883.2,18849.9,177.77857142857127,1.0533032587404285,stop,-17.7778571428571,17.7778571428571,-1.0,2024
2024-05-29,long,2024-05-29 13:34:00+00:00,2024-05-29 13:36:00+00:00,18754.7,18736.117857142857,18736.117857142857,18754.7,18711.0,185.82142857142858,1.0624833505993785,stop,-18.58214285714348,18.58214285714348,-1.0,2024
2024-05-30,short,2024-05-30 13:34:00+00:00,2024-05-30 13:39:00+00:00,18668.2,18687.654285714285,18687.654285714285,18720.5,18668.2,194.54285714285703,1.0429230223483505,stop,-19.454285714284197,19.454285714284197,-1.0,2024
2024-05-31,short,2024-05-31 13:34:00+00:00,2024-05-31 13:46:00+00:00,18528.8,18548.25857142857,18548.25857142857,18568.3,18528.8,194.58571428571435,1.0668830210945568,stop,-19.458571428571304,19.458571428571304,-1.0,2024
2024-06-03,long,2024-06-03 13:34:00+00:00,2024-06-03 13:51:00+00:00,18692.0,18672.047857142858,18672.047857142858,18692.0,18659.7,199.52142857142877,1.0284702758518955,stop,-19.952142857142462,19.952142857142462,-1.0,2024
2024-06-04,short,2024-06-04 13:34:00+00:00,2024-06-04 13:36:00+00:00,18550.0,18571.22857142857,18571.22857142857,18613.2,18550.0,212.28571428571453,1.0398438193273583,stop,-21.22857142857174,21.22857142857174,-1.0,2024
2024-06-05,short,2024-06-05 13:34:00+00:00,2024-06-05 13:45:00+00:00,18785.8,18808.472142857143,18808.472142857143,18815.2,18785.8,226.721428571429,1.0318716831213495,stop,-22.672142857143626,22.672142857143626,-1.0,2024
2024-06-06,long,2024-06-06 13:34:00+00:00,2024-06-06 13:45:00+00:00,19079.5,19055.037857142856,19055.037857142856,19079.5,19052.5,244.62142857142888,1.0530368089075781,stop,-24.4621428571445,24.4621428571445,-1.0,2024
2024-06-10,long,2024-06-10 13:34:00+00:00,2024-06-10 13:44:00+00:00,18991.2,18970.022857142856,18970.022857142856,18991.2,18952.5,211.77142857142903,1.0632024951450598,stop,-21.177142857144645,21.177142857144645,-1.0,2024
2024-06-11,long,2024-06-11 13:34:00+00:00,2024-06-11 13:39:00+00:00,19061.0,19040.452857142856,19040.452857142856,19061.0,19023.8,205.471428571429,1.0517804110676585,stop,-20.547142857143626,20.547142857143626,-1.0,2024
2024-06-12,long,2024-06-12 13:34:00+00:00,2024-06-12 19:59:00+00:00,19416.7,19471.3,19394.550714285713,19416.7,19354.9,221.4928571428575,1.0654002872805088,eod,54.599999999998545,22.149285714287544,2.465090780095832,2024
2024-06-13,short,2024-06-13 13:34:00+00:00,2024-06-13 13:38:00+00:00,19608.8,19633.025714285715,19633.025714285715,19628.2,19608.8,242.257142857143,1.0941159207630227,stop,-24.225714285716094,24.225714285716094,-1.0,2024
2024-06-14,long,2024-06-14 13:34:00+00:00,2024-06-14 19:59:00+00:00,19563.7,19670.3,19539.306428571428,19563.7,19537.3,243.93571428571445,1.0803634232121921,eod,106.59999999999854,24.393571428572614,4.370003806623253,2024
2024-06-17,short,2024-06-17 13:34:00+00:00,2024-06-17 14:06:00+00:00,19669.9,19692.51642857143,19692.51642857143,19703.8,19669.9,226.1642857142859,1.016141600801514,stop,-22.616428571429424,22.616428571429424,-1.0,2024
2024-06-18,long,2024-06-18 13:34:00+00:00,2024-06-18 13:39:00+00:00,19946.8,19924.606428571427,19924.606428571427,19946.8,19916.5,221.93571428571445,1.0378003055131233,stop,-22.193571428571886,22.193571428571886,-1.0,2024
2024-06-20,short,2024-06-20 13:34:00+00:00,2024-06-20 13:37:00+00:00,19941.9,19962.53142857143,19962.53142857143,19994.8,19941.9,206.31428571428583,1.0579886455798864,stop,-20.63142857142884,20.63142857142884,-1.0,2024
2024-06-21,long,2024-06-21 13:34:00+00:00,2024-06-21 13:37:00+00:00,19764.7,19742.94785714286,19742.94785714286,19764.7,19728.3,217.52142857142852,1.0697539797395081,stop,-21.752142857141735,21.752142857141735,-1.0,2024
2024-06-24,long,2024-06-24 13:34:00+00:00,2024-06-24 14:17:00+00:00,19713.8,19693.719285714284,19693.719285714284,19713.8,19658.1,200.8071428571428,1.0639193083573488,stop,-20.080714285715658,20.080714285715658,-1.0,2024
2024-06-25,short,2024-06-25 13:34:00+00:00,2024-06-25 13:43:00+00:00,19565.3,19585.999285714286,19585.999285714286,19590.5,19565.3,206.992857142857,1.0439901223224028,stop,-20.699285714286816,20.699285714286816,-1.0,2024
2024-06-26,short,2024-06-26 13:34:00+00:00,2024-06-26 15:15:00+00:00,19674.5,19696.871428571427,19696.871428571427,19705.7,19674.5,223.71428571428547,1.0615107192947306,stop,-22.371428571426804,22.371428571426804,-1.0,2024
2024-06-27,long,2024-06-27 13:34:00+00:00,2024-06-27 13:51:00+00:00,19813.3,19790.659285714286,19790.659285714286,19813.3,19748.5,226.40714285714265,1.0454260115277065,stop,-22.64071428571333,22.64071428571333,-1.0,2024
2024-06-28,short,2024-06-28 13:34:00+00:00,2024-06-28 16:26:00+00:00,19799.8,19822.117142857143,19822.117142857143,19834.8,19799.8,223.1714285714284,1.0731679432948438,stop,-22.317142857144063,22.317142857144063,-1.0,2024
2024-07-01,short,2024-07-01 13:34:00+00:00,2024-07-01 13:40:00+00:00,19706.0,19727.284285714286,19727.284285714286,19763.5,19706.0,212.84285714285656,1.0545185100743824,stop,-21.284285714285943,21.284285714285943,-1.0,2024
2024-07-02,long,2024-07-02 13:34:00+00:00,2024-07-02 13:37:00+00:00,19823.2,19801.444285714286,19801.444285714286,19823.2,19753.5,217.55714285714228,1.0761577166898826,stop,-21.75571428571493,21.75571428571493,-1.0,2024
2024-07-03,long,2024-07-03 13:34:00+00:00,2024-07-03 14:00:00+00:00,20054.0,20030.147142857142,20030.147142857142,20054.0,20004.9,238.528571428571,1.0625478248547542,stop,-23.85285714285783,23.85285714285783,-1.0,2024
2024-07-05,long,2024-07-05 13:34:00+00:00,2024-07-05 13:45:00+00:00,20268.4,20246.057142857146,20246.057142857146,20268.4,20231.7,223.42857142857116,1.0998981242883683,stop,-22.34285714285579,22.34285714285579,-1.0,2024
2024-07-08,short,2024-07-08 13:34:00+00:00,2024-07-08 13:50:00+00:00,20416.1,20437.067857142854,20437.067857142854,20445.2,20416.1,209.67857142857116,1.0939858631843777,stop,-20.96785714285579,20.96785714285579,-1.0,2024
2024-07-09,long,2024-07-09 13:34:00+00:00,2024-07-09 13:35:00+00:00,20567.0,20546.05285714286,20546.05285714286,20567.0,20524.7,209.47142857142822,1.0514282285165628,stop,-20.947142857141444,20.947142857141444,-1.0,2024
2024-07-10,short,2024-07-10 13:34:00+00:00,2024-07-10 13:45:00+00:00,20541.6,20562.87357142857,20562.87357142857,20572.7,20541.6,212.73571428571398,1.0290282832335156,stop,-21.273571428569994,21.273571428569994,-1.0,2024
2024-07-11,short,2024-07-11 13:34:00+00:00,2024-07-11 13:44:00+00:00,20675.7,20696.379285714287,20696.379285714287,20708.7,20675.7,206.79285714285703,1.0821450090379594,stop,-20.67928571428638,20.67928571428638,-1.0,2024
2024-07-12,short,2024-07-12 13:34:00+00:00,2024-07-12 13:36:00+00:00,20241.0,20263.961428571427,20263.961428571427,20283.2,20241.0,229.61428571428561,1.0917008049961328,stop,-22.96142857142695,22.96142857142695,-1.0,2024
2024-07-15,long,2024-07-15 13:34:00+00:00,2024-07-15 13:43:00+00:00,20462.0,20438.509285714284,20438.509285714284,20462.0,20423.8,234.90714285714265,1.0714449016918153,stop,-23.490714285715512,23.490714285715512,-1.0,2024
2024-07-16,long,2024-07-16 13:34:00+00:00,2024-07-16 13:43:00+00:00,20496.4,20473.457142857143,20473.457142857143,20496.4,20456.7,229.42857142857116,1.04581872095344,stop,-22.942857142857974,22.942857142857974,-1.0,2024
2024-07-17,short,2024-07-17 13:34:00+00:00,2024-07-17 13:35:00+00:00,20062.0,20085.984285714287,20085.984285714287,20095.5,20062.0,239.8428571428571,1.089430430316174,stop,-23.98428571428667,23.98428571428667,-1.0,2024
2024-07-18,short,2024-07-18 13:34:00+00:00,2024-07-18 19:59:00+00:00,19924.1,19724.9,19950.264285714286,19979.1,19924.1,261.64285714285717,1.0963759458383113,eod,199.1999999999971,26.16428571428696,7.613431613431139,2024
2024-07-19,long,2024-07-19 13:34:00+00:00,2024-07-19 13:37:00+00:00,19742.0,19715.452142857142,19715.452142857142,19742.0,19670.5,265.47857142857146,1.1124485450674237,stop,-26.547857142857538,26.547857142857538,-1.0,2024
2024-07-22,short,2024-07-22 13:34:00+00:00,2024-07-22 15:16:00+00:00,19726.6,19754.46,19754.46,19802.2,19726.6,278.60000000000036,1.072326955145417,stop,-27.860000000000582,27.860000000000582,-1.0,2024
2024-07-23,long,2024-07-23 13:34:00+00:00,2024-07-23 14:47:00+00:00,19828.7,19800.562142857143,19800.562142857143,19828.7,19783.0,281.37857142857166,1.0677932574109135,stop,-28.137857142857683,28.137857142857683,-1.0,2024
2024-07-24,short,2024-07-24 13:34:00+00:00,2024-07-24 19:59:00+00:00,19434.5,19060.3,19464.472857142857,19506.1,19434.5,299.72857142857174,1.0711138725711702,eod,374.2000000000007,29.97285714285681,12.484628950002547,2024
2024-07-25,short,2024-07-25 13:34:00+00:00,2024-07-25 13:41:00+00:00,18996.4,19029.66142857143,19029.66142857143,19083.5,18996.4,332.61428571428615,1.0373696872493985,stop,-33.26142857142986,33.26142857142986,-1.0,2024
2024-07-26,short,2024-07-26 13:34:00+00:00,2024-07-26 13:44:00+00:00,18950.0,18985.76142857143,18985.76142857143,19025.8,18950.0,357.6142857142864,1.038817891373802,stop,-35.76142857142986,35.76142857142986,-1.0,2024
2024-07-29,short,2024-07-29 13:34:00+00:00,2024-07-29 15:57:00+00:00,19092.0,19124.878571428573,19124.878571428573,19161.0,19092.0,328.7857142857148,1.0298372992739415,stop,-32.878571428573196,32.878571428573196,-1.0,2024
2024-08-01,long,2024-08-01 13:34:00+00:00,2024-08-01 14:21:00+00:00,19439.3,19401.25214285714,19401.25214285714,19439.3,19391.3,380.478571428572,1.024497487437186,stop,-38.04785714285754,38.04785714285754,-1.0,2024
2024-08-02,short,2024-08-02 13:34:00+00:00,2024-08-02 15:41:00+00:00,18425.8,18469.447857142855,18469.447857142855,18535.1,18425.8,436.478571428572,1.0382425160649913,stop,-43.64785714285608,43.64785714285608,-1.0,2024
2024-08-05,long,2024-08-05 13:34:00+00:00,2024-08-05 19:59:00+00:00,17606.0,17921.5,17562.963571428572,17606.0,17407.4,430.36428571428615,1.019691491298806,eod,315.5,43.03642857142768,7.330998655624125,2024
2024-08-07,long,2024-08-07 13:34:00+00:00,2024-08-07 14:05:00+00:00,18423.2,18372.202142857142,18372.202142857142,18423.2,18342.5,509.97857142857174,1.0116245954692555,stop,-50.997857142858265,50.997857142858265,-1.0,2024
2024-08-08,short,2024-08-08 13:34:00+00:00,2024-08-08 14:01:00+00:00,18081.5,18136.095,18136.095,18146.8,18081.5,545.9500000000005,1.009544008483563,stop,-54.595000000001164,54.595000000001164,-1.0,2024
2024-08-09,long,2024-08-09 13:34:00+00:00,2024-08-09 13:44:00+00:00,18413.6,18355.834285714285,18355.834285714285,18413.6,18359.2,577.6571428571432,1.001862775535548,stop,-57.76571428571333,57.76571428571333,-1.0,2024
2024-08-27,short,2024-08-27 13:34:00+00:00,2024-08-27 13:52:00+00:00,19435.8,19464.970714285715,19464.970714285715,19479.9,19435.8,291.70714285714246,1.024034220024061,stop,-29.170714285715803,29.170714285715803,-1.0,2024
2024-08-29,long,2024-08-29 13:34:00+00:00,2024-08-29 13:41:00+00:00,19537.0,19504.904285714285,19504.904285714285,19537.0,19425.9,320.95714285714246,1.0412445925249214,stop,-32.095714285715076,32.095714285715076,-1.0,2024
2024-08-30,short,2024-08-30 13:34:00+00:00,2024-08-30 13:37:00+00:00,19463.9,19495.365714285716,19495.365714285716,19524.4,19463.9,314.6571428571427,1.0302802332142185,stop,-31.465714285714057,31.465714285714057,-1.0,2024
2024-09-03,short,2024-09-03 13:34:00+00:00,2024-09-03 19:59:00+00:00,19364.7,18970.2,19392.062857142857,19441.0,19364.7,273.6285714285711,1.0977371480164777,eod,394.5,27.362857142856228,14.417354077477771,2024
2024-09-04,long,2024-09-04 13:34:00+00:00,2024-09-04 14:00:00+00:00,18890.8,18858.262142857144,18858.262142857144,18890.8,18823.2,325.3785714285711,1.0908732505420855,stop,-32.5378571428555,32.5378571428555,-1.0,2024
2024-09-05,long,2024-09-05 13:34:00+00:00,2024-09-05 13:35:00+00:00,18910.6,18878.820714285714,18878.820714285714,18910.6,18850.1,317.7928571428568,1.0870810173488292,stop,-31.779285714284924,31.779285714284924,-1.0,2024
2024-09-06,short,2024-09-06 13:34:00+00:00,2024-09-06 13:36:00+00:00,18850.1,18883.102857142854,18883.102857142854,18929.0,18850.1,330.0285714285713,1.0952394295160974,stop,-33.002857142855646,33.002857142855646,-1.0,2024
2024-09-09,long,2024-09-09 13:34:00+00:00,2024-09-09 14:21:00+00:00,18638.5,18604.677142857145,18604.677142857145,18638.5,18580.7,338.22857142857123,1.0551527994646441,stop,-33.822857142855355,33.822857142855355,-1.0,2024
2024-09-10,long,2024-09-10 13:34:00+00:00,2024-09-10 19:59:00+00:00,18798.7,18832.7,18765.33642857143,18798.7,18726.7,333.63571428571413,1.0315666731447293,eod,34.0,33.36357142857014,1.019075552891345,2024
2024-09-11,short,2024-09-11 13:34:00+00:00,2024-09-11 16:05:00+00:00,18824.4,18859.040714285715,18859.040714285715,18886.3,18824.4,346.4071428571427,1.0642298519052638,stop,-34.64071428571333,34.64071428571333,-1.0,2024
2024-09-12,long,2024-09-12 13:34:00+00:00,2024-09-12 13:39:00+00:00,19263.7,19226.014285714286,19226.014285714286,19263.7,19193.5,376.8571428571426,1.0759112388426784,stop,-37.68571428571522,37.68571428571522,-1.0,2024
2024-09-13,long,2024-09-13 13:34:00+00:00,2024-09-13 14:00:00+00:00,19433.5,19395.503571428573,19395.503571428573,19433.5,19383.3,379.9642857142857,1.0449543303620557,stop,-37.996428571426804,37.996428571426804,-1.0,2024
2024-09-16,short,2024-09-16 13:34:00+00:00,2024-09-16 13:38:00+00:00,19337.0,19369.909285714286,19369.909285714286,19436.1,19337.0,329.0928571428568,1.0521631644004945,stop,-32.90928571428594,32.90928571428594,-1.0,2024
2024-09-17,short,2024-09-17 13:34:00+00:00,2024-09-17 13:48:00+00:00,19534.4,19567.235714285714,19567.235714285714,19591.7,19534.4,328.3571428571426,1.0363960994368906,stop,-32.83571428571304,32.83571428571304,-1.0,2024
2024-09-18,short,2024-09-18 13:34:00+00:00,2024-09-18 14:47:00+00:00,19455.3,19489.691428571427,19489.691428571427,19501.6,19455.3,343.91428571428565,1.031033063520373,stop,-34.39142857142724,34.39142857142724,-1.0,2024
2024-09-19,short,2024-09-19 13:34:00+00:00,2024-09-19 13:40:00+00:00,19796.9,19832.35142857143,19832.35142857143,19831.5,19796.9,354.514285714286,1.0207090014026017,stop,-35.45142857142855,35.45142857142855,-1.0,2024
2024-09-20,long,2024-09-20 13:34:00+00:00,2024-09-20 13:41:00+00:00,19851.4,19819.199285714287,19819.199285714287,19851.4,19807.9,322.00714285714304,1.0471149339729275,stop,-32.20071428571464,32.20071428571464,-1.0,2024
2024-10-01,short,2024-10-01 13:34:00+00:00,2024-10-01 19:59:00+00:00,19970.4,19787.7,19994.782857142858,20074.1,19970.4,243.8285714285721,1.0167973124300111,eod,182.70000000000073,24.382857142856665,7.492969299273671,2024
2024-10-02,long,2024-10-02 13:34:00+00:00,2024-10-02 14:06:00+00:00,19774.0,19746.501428571428,19746.501428571428,19774.0,19720.1,274.985714285715,1.0318226679826084,stop,-27.498571428572177,27.498571428572177,-1.0,2024
2024-10-03,long,2024-10-03 13:34:00+00:00,2024-10-03 13:40:00+00:00,19788.6,19761.07214285714,19761.07214285714,19788.6,19706.2,275.27857142857204,1.0125163459742201,stop,-27.5278571428571,27.5278571428571,-1.0,2024
2024-10-11,long,2024-10-11 13:34:00+00:00,2024-10-11 19:59:00+00:00,20180.4,20282.2,20152.707857142857,20180.4,20151.8,276.9214285714292,1.0112262754071881,eod,101.79999999999927,27.692142857144063,3.67613299285493,2024
2024-10-16,short,2024-10-16 13:34:00+00:00,2024-10-16 14:24:00+00:00,20148.5,20175.599285714285,20175.599285714285,20204.3,20148.5,270.99285714285753,1.0269992980182516,stop,-27.099285714284633,27.099285714284633,-1.0,2024
2024-10-17,short,2024-10-17 13:34:00+00:00,2024-10-17 13:53:00+00:00,20323.6,20350.092857142856,20350.092857142856,20426.7,20323.6,264.9285714285717,1.0140662894098627,stop,-26.492857142857247,26.492857142857247,-1.0,2024
2024-10-18,short,2024-10-18 13:34:00+00:00,2024-10-18 13:35:00+00:00,20287.8,20312.86,20312.86,20321.0,20287.8,250.60000000000036,1.0230508838858738,stop,-25.06000000000131,25.06000000000131,-1.0,2024
2024-10-23,short,2024-10-23 13:34:00+00:00,2024-10-23 14:34:00+00:00,20276.2,20299.786428571428,20299.786428571428,20329.7,20276.2,235.86428571428587,1.0063313306571113,stop,-23.58642857142695,23.58642857142695,-1.0,2024
2024-10-24,short,2024-10-24 13:34:00+00:00,2024-10-24 13:55:00+00:00,20183.2,20207.74785714286,20207.74785714286,20245.3,20183.2,245.47857142857174,1.0312609575185434,stop,-24.547857142857538,24.547857142857538,-1.0,2024
2024-10-28,short,2024-10-28 13:34:00+00:00,2024-10-28 14:09:00+00:00,20447.3,20470.476428571426,20470.476428571426,20507.7,20447.3,231.76428571428627,1.0284789644012946,stop,-23.176428571427095,23.176428571427095,-1.0,2024
2024-10-30,short,2024-10-30 13:34:00+00:00,2024-10-30 14:01:00+00:00,20504.3,20529.834285714285,20529.834285714285,20556.7,20504.3,255.3428571428576,1.0372041797620009,stop,-25.534285714285943,25.534285714285943,-1.0,2024
2024-10-31,short,2024-10-31 13:34:00+00:00,2024-10-31 19:59:00+00:00,20142.4,19902.1,20168.530000000002,20257.8,20142.4,261.3000000000006,1.029494494896729,eod,240.3000000000029,26.13000000000102,9.196326061997457,2024
2024-11-01,long,2024-11-01 13:34:00+00:00,2024-11-01 19:59:00+00:00,20009.2,20038.8,19982.999285714286,20009.2,19950.1,262.00714285714326,1.023668797304164,eod,29.599999999998545,26.20071428571464,1.1297401924701453,2024
2024-11-04,short,2024-11-04 14:34:00+00:00,2024-11-04 14:41:00+00:00,19944.8,19970.380714285715,19970.380714285715,20041.5,19944.8,255.80714285714333,1.016189157524763,stop,-25.580714285715658,25.580714285715658,-1.0,2024
2024-11-06,long,2024-11-06 14:34:00+00:00,2024-11-06 14:46:00+00:00,20651.5,20621.854285714286,20621.854285714286,20651.5,20575.5,296.4571428571435,1.0009564801530368,stop,-29.645714285714348,29.645714285714348,-1.0,2024
2024-11-18,short,2024-11-18 14:34:00+00:00,2024-11-18 15:02:00+00:00,20451.7,20479.588571428572,20479.588571428572,20488.1,20451.7,278.8857142857144,1.001903026079498,stop,-27.888571428571595,27.888571428571595,-1.0,2024
2024-11-20,short,2024-11-20 14:34:00+00:00,2024-11-20 20:50:00+00:00,20648.0,20677.93357142857,20677.93357142857,20690.7,20648.0,299.33571428571435,1.0007255528981809,stop,-29.93357142856985,29.93357142856985,-1.0,2024
2024-11-21,short,2024-11-21 14:34:00+00:00,2024-11-21 17:32:00+00:00,20714.9,20745.777142857143,20745.777142857143,20839.2,20714.9,308.77142857142854,1.0369532428355959,stop,-30.877142857141735,30.877142857141735,-1.0,2024
2024-11-22,long,2024-11-22 14:34:00+00:00,2024-11-22 14:37:00+00:00,20761.8,20732.109285714287,20732.109285714287,20761.8,20711.3,296.9071428571427,1.0331143657118242,stop,-29.690714285712602,29.690714285712602,-1.0,2024
2024-11-25,short,2024-11-25 14:34:00+00:00,2024-11-25 20:59:00+00:00,20900.5,20822.3,20926.42357142857,20965.4,20900.5,259.235714285714,1.0391022363357463,eod,78.20000000000073,25.92357142857145,3.016559667153471,2024
2024-11-26,long,2024-11-26 14:34:00+00:00,2024-11-26 14:41:00+00:00,20941.1,20913.890714285713,20913.890714285713,20941.1,20886.3,272.0928571428568,1.003088326127239,stop,-27.209285714285215,27.209285714285215,-1.0,2024
2024-12-02,long,2024-12-02 14:34:00+00:00,2024-12-02 20:59:00+00:00,21082.3,21177.8,21056.332857142857,21082.3,20987.7,259.6714285714282,1.0550281441653364,eod,95.5,25.96714285714188,3.677724597018348,2024
2024-12-03,long,2024-12-03 14:34:00+00:00,2024-12-03 20:59:00+00:00,21148.7,21241.7,21124.187857142857,21148.7,21097.8,245.1214285714281,1.058471686511264,eod,93.0,24.512142857143772,3.7940379403792623,2024
2024-12-04,short,2024-12-04 14:34:00+00:00,2024-12-04 14:49:00+00:00,21364.7,21389.509285714288,21389.509285714288,21401.1,21364.7,248.09285714285684,1.0551075643851668,stop,-24.809285714287398,24.809285714287398,-1.0,2024
2024-12-05,long,2024-12-05 14:34:00+00:00,2024-12-05 14:39:00+00:00,21517.1,21492.515714285713,21492.515714285713,21517.1,21486.4,245.84285714285684,1.0344961995712336,stop,-24.584285714285215,24.584285714285215,-1.0,2024
2024-12-06,long,2024-12-06 14:34:00+00:00,2024-12-06 20:59:00+00:00,21497.3,21625.9,21474.92714285714,21497.3,21452.3,223.72857142857123,1.029790077398519,eod,128.60000000000218,22.372857142858265,5.748036523848861,2024
2024-12-09,short,2024-12-09 14:34:00+00:00,2024-12-09 20:59:00+00:00,21557.9,21459.8,21576.860714285714,21616.8,21557.9,189.60714285714286,1.0520479242128726,eod,98.10000000000218,18.96071428571304,5.1738557167079335,2024
2024-12-10,short,2024-12-10 14:34:00+00:00,2024-12-10 20:59:00+00:00,21482.6,21384.0,21502.15714285714,21509.9,21482.6,195.57142857142884,1.0410615923885829,eod,98.59999999999854,19.557142857142026,5.04163623082556,2024
2024-12-11,long,2024-12-11 14:34:00+00:00,2024-12-11 14:38:00+00:00,21595.2,21574.530000000002,21574.530000000002,21595.2,21551.0,206.70000000000022,1.000194666147557,stop,-20.669999999998254,20.669999999998254,-1.0,2024
2024-12-12,short,2024-12-12 14:34:00+00:00,2024-12-12 15:04:00+00:00,21638.9,21660.225714285716,21660.225714285716,21678.6,21638.9,213.25714285714275,1.004080719995528,stop,-21.32571428571464,21.32571428571464,-1.0,2024
2024-12-13,long,2024-12-13 14:34:00+00:00,2024-12-13 15:40:00+00:00,21838.7,21817.415714285715,21817.415714285715,21838.7,21810.5,212.8428571428571,1.035362188579614,stop,-21.284285714285943,21.284285714285943,-1.0,2024
2024-12-16,long,2024-12-16 14:34:00+00:00,2024-12-16 14:42:00+00:00,22012.8,21992.177857142855,21992.177857142855,22012.8,21972.7,206.22142857142873,1.0622921246969952,stop,-20.622142857144354,20.622142857144354,-1.0,2024
2024-12-17,short,2024-12-17 14:34:00+00:00,2024-12-17 14:37:00+00:00,22068.4,22090.117142857143,22090.117142857143,22117.8,22068.4,217.17142857142866,1.0777420990366742,stop,-21.71714285714188,21.71714285714188,-1.0,2024
2024-12-18,short,2024-12-18 14:34:00+00:00,2024-12-18 14:39:00+00:00,22006.5,22029.317142857144,22029.317142857144,22084.9,22006.5,228.17142857142866,1.0454162216851217,stop,-22.817142857144063,22.817142857144063,-1.0,2024
2024-12-19,short,2024-12-19 14:34:00+00:00,2024-12-19 14:36:00+00:00,21434.8,21462.982857142855,21462.982857142855,21489.2,21434.8,281.8285714285716,1.0356061620897523,stop,-28.182857142855937,28.182857142855937,-1.0,2024
2024-12-20,short,2024-12-20 14:34:00+00:00,2024-12-20 14:51:00+00:00,20977.8,21007.922142857144,21007.922142857144,21017.4,20977.8,301.2214285714287,1.037245143682774,stop,-30.122142857144354,30.122142857144354,-1.0,2024
2024-12-23,long,2024-12-23 14:34:00+00:00,2024-12-23 14:37:00+00:00,21469.9,21435.42142857143,21435.42142857143,21469.9,21407.0,344.78571428571456,1.0048061518743991,stop,-34.47857142857174,34.47857142857174,-1.0,2024
2024-12-27,short,2024-12-27 14:34:00+00:00,2024-12-27 20:59:00+00:00,21574.5,21509.2,21609.75214285714,21667.8,21574.5,352.52142857142854,1.0060619008198253,eod,65.29999999999927,35.252142857141735,1.8523696634450164,2024
2024-12-30,short,2024-12-30 14:34:00+00:00,2024-12-30 14:38:00+00:00,21153.6,21188.52571428571,21188.52571428571,21229.5,21153.6,349.25714285714326,1.0499253253680392,stop,-34.925714285713184,34.925714285713184,-1.0,2024
2025-01-02,short,2025-01-02 14:34:00+00:00,2025-01-02 14:49:00+00:00,21086.4,21123.440000000002,21123.440000000002,21192.6,21086.4,370.40000000000043,1.030314301655198,stop,-37.04000000000087,37.04000000000087,-1.0,2025
2025-01-06,long,2025-01-06 14:34:00+00:00,2025-01-06 18:01:00+00:00,21613.4,21582.480000000003,21582.480000000003,21613.4,21552.0,309.2000000000002,1.0155306526038232,stop,-30.919999999998254,30.919999999998254,-1.0,2025
2025-01-08,long,2025-01-08 14:34:00+00:00,2025-01-08 14:36:00+00:00,21208.6,21178.137857142854,21178.137857142854,21208.6,21150.6,304.6214285714286,1.0256733674944158,stop,-30.4621428571445,30.4621428571445,-1.0,2025
2025-01-10,short,2025-01-10 14:34:00+00:00,2025-01-10 14:37:00+00:00,20953.4,20982.588571428572,20982.588571428572,21034.6,20953.4,291.88571428571464,1.0190501180792442,stop,-29.188571428570867,29.188571428570867,-1.0,2025
2025-01-13,short,2025-01-13 14:34:00+00:00,2025-01-13 14:43:00+00:00,20596.8,20628.637857142858,20628.637857142858,20638.4,20596.8,318.3785714285714,1.0232558139534884,stop,-31.83785714285841,31.83785714285841,-1.0,2025
2025-01-14,long,2025-01-14 14:34:00+00:00,2025-01-14 14:47:00+00:00,20937.2,20905.849285714285,20905.849285714285,20937.2,20873.6,313.50714285714275,1.0220073183481444,stop,-31.350714285716094,31.350714285716094,-1.0,2025
2025-01-15,long,2025-01-15 14:34:00+00:00,2025-01-15 16:53:00+00:00,21141.1,21107.620714285713,21107.620714285713,21141.1,21081.6,334.7928571428568,1.007470483753004,stop,-33.47928571428565,33.47928571428565,-1.0,2025
2025-01-16,short,2025-01-16 14:34:00+00:00,2025-01-16 14:39:00+00:00,21264.9,21299.137142857144,21299.137142857144,21355.6,21264.9,342.37142857142834,1.0100910015384215,stop,-34.23714285714232,34.23714285714232,-1.0,2025
2025-01-17,short,2025-01-17 14:34:00+00:00,2025-01-17 15:58:00+00:00,21407.6,21442.105,21442.105,21510.6,21407.6,345.0499999999998,1.020977564936755,stop,-34.50500000000102,34.50500000000102,-1.0,2025
2025-01-21,short,2025-01-21 14:34:00+00:00,2025-01-21 17:42:00+00:00,21554.8,21588.158571428572,21588.158571428572,21587.6,21554.8,333.58571428571406,1.024173027989822,stop,-33.35857142857276,33.35857142857276,-1.0,2025
2025-01-22,long,2025-01-22 14:34:00+00:00,2025-01-22 20:59:00+00:00,21853.9,21870.5,21818.47142857143,21853.9,21775.3,354.2857142857143,1.0293024737233252,eod,16.599999999998545,35.42857142857247,0.46854838709671937,2025
2025-01-27,long,2025-01-27 14:34:00+00:00,2025-01-27 15:19:00+00:00,21155.6,21121.70714285714,21121.70714285714,21155.6,20995.2,338.9285714285717,1.0609665427509294,stop,-33.8928571428587,33.8928571428587,-1.0,2025
2025-01-28,short,2025-01-28 14:34:00+00:00,2025-01-28 14:56:00+00:00,21129.5,21165.178571428572,21165.178571428572,21207.3,21129.5,356.78571428571456,1.0436141196409183,stop,-35.67857142857247,35.67857142857247,-1.0,2025
2025-01-29,short,2025-01-29 14:34:00+00:00,2025-01-29 19:47:00+00:00,21423.4,21461.125714285718,21461.125714285718,21493.6,21423.4,377.25714285714326,1.0113534350741935,stop,-37.725714285716094,37.725714285716094,-1.0,2025
2025-01-30,short,2025-01-30 14:34:00+00:00,2025-01-30 14:39:00+00:00,21510.7,21547.935,21547.935,21560.2,21510.7,372.35000000000036,1.0294008777959918,stop,-37.23500000000058,37.23500000000058,-1.0,2025
2025-01-31,long,2025-01-31 14:34:00+00:00,2025-01-31 18:30:00+00:00,21730.2,21692.974285714285,21692.974285714285,21730.2,21659.0,372.25714285714326,1.008485553411404,stop,-37.225714285716094,37.225714285716094,-1.0,2025
2025-02-03,long,2025-02-03 14:34:00+00:00,2025-02-03 14:35:00+00:00,21155.6,21117.570714285714,21117.570714285714,21155.6,21078.9,380.2928571428578,1.0444385593220338,stop,-38.029285714284924,38.029285714284924,-1.0,2025
2025-02-04,long,2025-02-04 14:34:00+00:00,2025-02-04 20:59:00+00:00,21368.4,21571.4,21329.14785714286,21368.4,21308.8,392.5214285714293,1.0170971839932248,eod,203.0,39.252142857141735,5.171692173311887,2025
2025-02-05,short,2025-02-05 14:34:00+00:00,2025-02-05 15:03:00+00:00,21425.4,21467.217142857146,21467.217142857146,21467.9,21425.4,418.1714285714292,1.001058929422354,stop,-41.81714285714406,41.81714285714406,-1.0,2025
2025-02-18,short,2025-02-18 14:34:00+00:00,2025-02-18 20:59:00+00:00,22158.2,22174.0,22190.294285714288,22202.2,22158.2,320.942857142858,1.035337812005025,eod,-15.799999999999272,32.09428571428725,-0.4922994747618161,2025
2025-02-19,short,2025-02-19 14:34:00+00:00,2025-02-19 15:47:00+00:00,22110.9,22140.21142857143,22140.21142857143,22146.6,22110.9,293.1142857142864,1.0292429625580761,stop,-29.311428571429133,29.311428571429133,-1.0,2025
2025-02-21,short,2025-02-21 14:34:00+00:00,2025-02-21 20:59:00+00:00,22074.4,21622.8,22099.448571428573,22126.6,22074.4,250.48571428571526,1.029123009652669,eod,451.6000000000022,25.04857142857145,18.028972282422792,2025
2025-02-24,short,2025-02-24 14:34:00+00:00,2025-02-24 20:59:00+00:00,21680.0,21370.9,21706.213571428572,21747.9,21680.0,262.1357142857149,1.052154946298904,eod,309.09999999999854,26.213571428572322,11.791601951006381,2025
2025-02-25,short,2025-02-25 14:34:00+00:00,2025-02-25 14:39:00+00:00,21282.6,21309.027857142857,21309.027857142857,21342.6,21282.6,264.2785714285718,1.0686816222787048,stop,-26.427857142858556,26.427857142858556,-1.0,2025
2025-02-26,short,2025-02-26 14:34:00+00:00,2025-02-26 14:36:00+00:00,21145.1,21172.792142857143,21172.792142857143,21192.8,21145.1,276.9214285714289,1.0599040211815325,stop,-27.692142857144063,27.692142857144063,-1.0,2025
2025-02-27,long,2025-02-27 14:34:00+00:00,2025-02-27 14:38:00+00:00,21324.3,21295.657857142858,21295.657857142858,21324.3,21276.4,286.4214285714287,1.0456207892204041,stop,-28.642142857141152,28.642142857141152,-1.0,2025
2025-03-04,short,2025-03-04 14:34:00+00:00,2025-03-04 14:59:00+00:00,20228.0,20264.90642857143,20264.90642857143,20330.7,20228.0,369.0642857142856,1.0967143830947512,stop,-36.9064285714303,36.9064285714303,-1.0,2025
2025-03-05,short,2025-03-05 14:34:00+00:00,2025-03-05 14:40:00+00:00,20352.8,20393.807142857142,20393.807142857142,20414.9,20352.8,410.0714285714283,1.073356138350437,stop,-41.00714285714275,41.00714285714275,-1.0,2025
2025-03-06,short,2025-03-06 14:34:00+00:00,2025-03-06 14:37:00+00:00,20209.3,20253.303571428572,20253.303571428572,20282.9,20209.3,440.03571428571405,1.0726127051951213,stop,-44.003571428573196,44.003571428573196,-1.0,2025
2025-03-07,long,2025-03-07 14:34:00+00:00,2025-03-07 14:36:00+00:00,20071.6,20024.52357142857,20024.52357142857,20071.6,19995.3,470.7642857142855,1.0529908099102487,stop,-47.07642857142855,47.07642857142855,-1.0,2025
2025-03-24,short,2025-03-24 13:34:00+00:00,2025-03-24 13:38:00+00:00,20036.9,20078.82642857143,20078.82642857143,20079.8,20036.9,419.2642857142858,1.058251574168985,stop,-41.926428571427095,41.926428571427095,-1.0,2025
2025-03-25,long,2025-03-25 13:34:00+00:00,2025-03-25 13:43:00+00:00,20231.0,20190.535,20190.535,20231.0,20197.3,404.65000000000015,1.0599356039346588,stop,-40.465000000000146,40.465000000000146,-1.0,2025
2025-03-26,short,2025-03-26 13:34:00+00:00,2025-03-26 19:59:00+00:00,20225.5,19925.4,20265.82214285714,20272.5,20225.5,403.2214285714287,1.049416527744701,eod,300.09999999999854,40.32214285714144,7.442560804946107,2025
2025-03-27,short,2025-03-27 13:34:00+00:00,2025-03-27 13:49:00+00:00,19792.0,19828.650714285715,19828.650714285715,19883.1,19792.0,366.50714285714304,1.0984764251585177,stop,-36.65071428571537,36.65071428571537,-1.0,2025
2025-03-28,short,2025-03-28 13:34:00+00:00,2025-03-28 14:00:00+00:00,19656.9,19691.98142857143,19691.98142857143,19733.1,19656.9,350.8142857142861,1.0979479585360694,stop,-35.08142857142957,35.08142857142957,-1.0,2025
2025-03-31,short,2025-03-31 13:34:00+00:00,2025-03-31 13:51:00+00:00,18840.0,18875.072857142855,18875.072857142855,19016.6,18840.0,350.72857142857174,1.162542687675993,stop,-35.072857142855355,35.072857142855355,-1.0,2025
2025-04-01,short,2025-04-01 13:34:00+00:00,2025-04-01 13:35:00+00:00,19176.2,19212.255714285715,19212.255714285715,19260.7,19176.2,360.55714285714305,1.1387361825382751,stop,-36.0557142857142,36.0557142857142,-1.0,2025
2025-04-02,long,2025-04-02 13:34:00+00:00,2025-04-02 19:59:00+00:00,19247.0,19566.2,19208.829285714284,19247.0,19147.3,381.70714285714297,1.1237294076410795,eod,319.2000000000007,38.1707142857158,8.362431931734935,2025
2025-04-03,long,2025-04-03 13:34:00+00:00,2025-04-03 13:40:00+00:00,18891.8,18848.235714285714,18848.235714285714,18891.8,18748.5,435.6428571428574,1.1504638967325536,stop,-43.56428571428478,43.56428571428478,-1.0,2025
2025-04-22,short,2025-04-22 13:34:00+00:00,2025-04-22 13:44:00+00:00,18000.1,18095.712857142855,18095.712857142855,18052.3,18000.1,956.1285714285707,1.1084546084546085,stop,-95.61285714285623,95.61285714285623,-1.0,2025
2025-04-23,long,2025-04-23 13:34:00+00:00,2025-04-23 15:27:00+00:00,18900.9,18808.268571428573,18808.268571428573,18900.9,18833.5,926.3142857142851,1.1289931257581884,stop,-92.63142857142884,92.63142857142884,-1.0,2025
2025-04-24,long,2025-04-24 13:34:00+00:00,2025-04-24 19:59:00+00:00,18789.8,19214.6,18701.00857142857,18789.8,18744.5,887.9142857142853,1.108982865055097,eod,424.7999999999993,88.7914285714287,4.784245583550521,2025
2025-04-25,long,2025-04-25 13:34:00+00:00,2025-04-25 13:52:00+00:00,19227.1,19145.491428571426,19145.491428571426,19227.1,19153.8,816.0857142857138,1.1172453703703704,stop,-81.60857142857276,81.60857142857276,-1.0,2025
2025-04-28,short,2025-04-28 13:34:00+00:00,2025-04-28 13:41:00+00:00,19390.2,19445.829285714288,19445.829285714288,19474.9,19390.2,556.2928571428567,1.0954578435640692,stop,-55.62928571428711,55.62928571428711,-1.0,2025
2025-04-29,long,2025-04-29 13:34:00+00:00,2025-04-29 19:59:00+00:00,19374.3,19549.1,19324.88357142857,19374.3,19315.2,494.16428571428514,1.0778814410793742,eod,174.79999999999927,49.416428571428696,3.5372851712125573,2025
2025-04-30,short,2025-04-30 13:34:00+00:00,2025-04-30 14:24:00+00:00,19136.5,19183.832857142857,19183.832857142857,19207.9,19136.5,473.3285714285708,1.0972510447167183,stop,-47.33285714285739,47.33285714285739,-1.0,2025
2025-05-01,short,2025-05-01 13:34:00+00:00,2025-05-01 13:47:00+00:00,19818.7,19869.96285714286,19869.96285714286,19894.0,19818.7,512.6285714285708,1.0735389018265482,stop,-51.26285714285768,51.26285714285768,-1.0,2025
2025-05-02,short,2025-05-02 13:34:00+00:00,2025-05-02 14:03:00+00:00,19981.0,20031.245714285713,20031.245714285713,20030.1,19981.0,502.45714285714246,1.0455529046218721,stop,-50.24571428571289,50.24571428571289,-1.0,2025
2025-05-12,short,2025-05-12 13:34:00+00:00,2025-05-12 13:54:00+00:00,20727.1,20764.01214285714,20764.01214285714,20845.5,20727.1,369.1214285714286,1.0971165064725819,stop,-36.91214285714159,36.91214285714159,-1.0,2025
2025-05-13,long,2025-05-13 13:34:00+00:00,2025-05-13 19:59:00+00:00,20964.6,21195.8,20926.85357142857,20964.6,20899.9,377.4642857142857,1.0081769548465782,eod,231.20000000000073,37.746428571426804,6.1250827892897375,2025
2025-05-14,long,2025-05-14 13:34:00+00:00,2025-05-14 13:40:00+00:00,21322.7,21282.306428571428,21282.306428571428,21322.7,21242.6,403.9357142857142,1.0030933868405651,stop,-40.39357142857261,40.39357142857261,-1.0,2025
2025-05-16,short,2025-05-16 13:34:00+00:00,2025-05-16 17:16:00+00:00,21341.4,21380.610714285714,21380.610714285714,21390.9,21341.4,392.10714285714283,1.0149388353345734,stop,-39.21071428571304,39.21071428571304,-1.0,2025
2025-05-27,short,2025-05-27 13:34:00+00:00,2025-05-27 13:46:00+00:00,21173.9,21207.522142857146,21207.522142857146,21234.3,21173.9,336.22142857142796,1.1491284699806326,stop,-33.622142857144354,33.622142857144354,-1.0,2025
2025-05-28,long,2025-05-28 13:34:00+00:00,2025-05-28 13:48:00+00:00,21478.6,21445.41571428571,21445.41571428571,21478.6,21444.1,331.8428571428566,1.0916610911745028,stop,-33.1842857142874,33.1842857142874,-1.0,2025
2025-05-29,short,2025-05-29 13:34:00+00:00,2025-05-29 19:59:00+00:00,21530.9,21365.7,21564.27,21632.7,21530.9,333.6999999999994,1.1485100735915068,eod,165.20000000000073,33.36999999999898,4.950554390170985,2025
2025-05-30,short,2025-05-30 13:34:00+00:00,2025-05-30 14:12:00+00:00,21283.8,21317.617857142857,21317.617857142857,21345.8,21283.8,338.17857142857093,1.1131396628110968,stop,-33.817857142857974,33.817857142857974,-1.0,2025
2025-06-05,short,2025-06-05 13:34:00+00:00,2025-06-05 14:26:00+00:00,21730.7,21764.780714285716,21764.780714285716,21808.2,21730.7,340.80714285714254,1.0249961756157258,stop,-34.08071428571566,34.08071428571566,-1.0,2025
2025-06-06,short,2025-06-06 13:34:00+00:00,2025-06-06 14:35:00+00:00,21736.5,21772.45857142857,21772.45857142857,21787.5,21736.5,359.58571428571406,1.0259029102319572,stop,-35.958571428571304,35.958571428571304,-1.0,2025
2025-06-16,long,2025-06-16 13:34:00+00:00,2025-06-16 13:47:00+00:00,21883.0,21853.589285714286,21853.589285714286,21883.0,21798.8,294.1071428571426,1.1062578748425032,stop,-29.410714285713766,29.410714285713766,-1.0,2025
2025-06-17,long,2025-06-17 13:34:00+00:00,2025-06-17 14:01:00+00:00,21896.3,21867.091428571428,21867.091428571428,21896.3,21843.0,292.08571428571406,1.0994654333593608,stop,-29.208571428571304,29.208571428571304,-1.0,2025
2025-06-18,short,2025-06-18 13:34:00+00:00,2025-06-18 19:04:00+00:00,21715.3,21745.470714285715,21745.470714285715,21783.9,21715.3,301.70714285714297,1.0965246334222916,stop,-30.170714285715803,30.170714285715803,-1.0,2025
2025-06-20,long,2025-06-20 13:34:00+00:00,2025-06-20 13:49:00+00:00,21891.2,21862.342142857142,21862.342142857142,21891.2,21832.0,288.5785714285718,1.172829532036542,stop,-28.857857142858848,28.857857142858848,-1.0,2025
2025-06-23,short,2025-06-23 13:34:00+00:00,2025-06-23 16:37:00+00:00,21558.8,21588.025714285715,21588.025714285715,21669.3,21558.8,292.25714285714326,1.0503871205604032,stop,-29.225714285716094,29.225714285716094,-1.0,2025
2025-06-24,long,2025-06-24 13:34:00+00:00,2025-06-24 13:58:00+00:00,22116.8,22085.67357142857,22085.67357142857,22116.8,22062.8,311.264285714286,1.0207842296978786,stop,-31.126428571427823,31.126428571427823,-1.0,2025
2025-06-26,short,2025-06-26 13:34:00+00:00,2025-06-26 14:00:00+00:00,22323.2,22354.587142857144,22354.587142857144,22371.8,22323.2,313.87142857142913,1.0097182323818839,stop,-31.387142857143772,31.387142857143772,-1.0,2025
2025-07-07,short,2025-07-07 13:34:00+00:00,2025-07-07 15:31:00+00:00,22719.3,22743.887857142858,22743.887857142858,22793.6,22719.3,245.87857142857214,1.0512022085968349,stop,-24.58785714285841,24.58785714285841,-1.0,2025
2025-07-08,short,2025-07-08 13:34:00+00:00,2025-07-08 13:53:00+00:00,22719.4,22742.95928571429,22742.95928571429,22764.2,22719.4,235.59285714285787,1.0338461538461539,stop,-23.559285714287398,23.559285714287398,-1.0,2025
2025-07-09,long,2025-07-09 13:34:00+00:00,2025-07-09 14:31:00+00:00,22853.0,22830.635,22830.635,22853.0,22803.2,223.6500000000007,1.0313328749631665,stop,-22.3650000000016,22.3650000000016,-1.0,2025
2025-07-10,short,2025-07-10 13:34:00+00:00,2025-07-10 18:07:00+00:00,22848.8,22869.251428571428,22869.251428571428,22916.2,22848.8,204.51428571428656,1.0502918724741805,stop,-20.45142857142855,20.45142857142855,-1.0,2025
2025-07-11,long,2025-07-11 13:34:00+00:00,2025-07-11 15:14:00+00:00,22787.9,22767.24642857143,22767.24642857143,22787.9,22740.9,206.53571428571507,1.0411083352259822,stop,-20.653571428571013,20.653571428571013,-1.0,2025
2025-07-15,short,2025-07-15 13:34:00+00:00,2025-07-15 13:36:00+00:00,23002.8,23023.790714285715,23023.790714285715,23063.8,23002.8,209.9071428571437,1.0144727773949,stop,-20.990714285715512,20.990714285715512,-1.0,2025
2025-07-16,short,2025-07-16 13:34:00+00:00,2025-07-16 13:36:00+00:00,22863.9,22885.58142857143,22885.58142857143,22932.8,22863.9,216.81428571428634,1.0174525816649103,stop,-21.681428571428114,21.681428571428114,-1.0,2025
2025-07-21,long,2025-07-21 13:34:00+00:00,2025-07-21 19:59:00+00:00,23157.7,23200.9,23137.80285714286,23157.7,23113.5,198.97142857142924,1.0400266622229628,eod,43.20000000000073,19.89714285714217,2.171165996553816,2025
2025-07-22,short,2025-07-22 13:34:00+00:00,2025-07-22 19:59:00+00:00,23139.8,23082.4,23160.18642857143,23207.8,23139.8,203.86428571428638,1.09377907749568,eod,57.39999999999782,20.38642857142986,2.8155986125220513,2025
2025-07-23,short,2025-07-23 13:34:00+00:00,2025-07-23 13:48:00+00:00,23046.4,23067.574285714287,23067.574285714287,23126.6,23046.4,211.74285714285776,1.142413325841954,stop,-21.17428571428536,21.17428571428536,-1.0,2025
2025-07-24,short,2025-07-24 13:34:00+00:00,2025-07-24 13:46:00+00:00,23210.0,23231.584285714285,23231.584285714285,23264.9,23210.0,215.84285714285787,1.1270313572899977,stop,-21.584285714285215,21.584285714285215,-1.0,2025
2025-07-25,long,2025-07-25 13:34:00+00:00,2025-07-25 13:37:00+00:00,23241.3,23219.61357142857,23219.61357142857,23241.3,23213.0,216.86428571428638,1.02900504844627,stop,-21.686428571429133,21.686428571429133,-1.0,2025
2025-07-30,short,2025-07-30 13:34:00+00:00,2025-07-30 18:56:00+00:00,23331.9,23352.402142857143,23352.402142857143,23371.7,23331.9,205.02142857142903,1.0045593183033046,stop,-20.502142857141735,20.502142857141735,-1.0,2025
2025-07-31,short,2025-07-31 13:34:00+00:00,2025-07-31 13:35:00+00:00,23538.0,23559.018571428573,23559.018571428573,23633.4,23538.0,210.18571428571497,1.0486990486990488,stop,-21.018571428572614,21.018571428572614,-1.0,2025
2025-08-01,short,2025-08-01 13:34:00+00:00,2025-08-01 13:37:00+00:00,22884.8,22908.44,22908.44,22978.8,22884.8,236.4000000000007,1.0529027393817543,stop,-23.639999999999418,23.639999999999418,-1.0,2025
2025-08-11,short,2025-08-11 13:34:00+00:00,2025-08-11 19:59:00+00:00,23592.6,23548.0,23623.125714285714,23640.9,23592.6,305.2571428571438,1.1293805528134253,eod,44.599999999998545,30.525714285715367,1.4610632721826038,2025
2025-08-12,long,2025-08-12 13:34:00+00:00,2025-08-12 13:44:00+00:00,23694.4,23663.357142857145,23663.357142857145,23694.4,23623.3,310.4285714285722,1.1313953488372093,stop,-31.04285714285652,31.04285714285652,-1.0,2025
2025-08-13,long,2025-08-13 13:34:00+00:00,2025-08-13 13:43:00+00:00,23982.9,23950.098571428574,23950.098571428574,23982.9,23945.2,328.01428571428653,1.0513210763423841,stop,-32.801428571427095,32.801428571427095,-1.0,2025
2025-08-14,long,2025-08-14 13:34:00+00:00,2025-08-14 15:27:00+00:00,23821.6,23788.55857142857,23788.55857142857,23821.6,23759.9,330.41428571428645,1.1129439693216057,stop,-33.041428571428696,33.041428571428696,-1.0,2025
2025-08-15,short,2025-08-15 13:34:00+00:00,2025-08-15 19:59:00+00:00,23770.1,23725.0,23803.01214285714,23828.8,23770.1,329.1214285714294,1.087033962264151,eod,45.099999999998545,32.91214285714159,1.3703149076545869,2025
2025-08-26,long,2025-08-26 13:34:00+00:00,2025-08-26 13:45:00+00:00,23460.3,23435.07642857143,23435.07642857143,23460.3,23413.3,252.23571428571373,1.0637244543725661,stop,-25.22357142857072,25.22357142857072,-1.0,2025
2025-08-27,long,2025-08-27 13:34:00+00:00,2025-08-27 13:42:00+00:00,23508.3,23482.042857142857,23482.042857142857,23508.3,23473.5,262.5714285714278,1.0734060402684564,stop,-26.257142857142753,26.257142857142753,-1.0,2025
2025-08-28,long,2025-08-28 13:34:00+00:00,2025-08-28 15:21:00+00:00,23692.7,23666.803571428572,23666.803571428572,23692.7,23581.0,258.9642857142849,1.073435921810944,stop,-25.89642857142826,25.89642857142826,-1.0,2025
2025-08-29,short,2025-08-29 13:34:00+00:00,2025-08-29 19:59:00+00:00,23582.8,23422.0,23607.899999999998,23619.3,23582.8,250.99999999999923,1.0383011220113965,eod,160.79999999999927,25.099999999998545,6.406374501992374,2025
2025-09-03,short,2025-09-03 13:34:00+00:00,2025-09-03 13:40:00+00:00,23345.7,23372.96,23372.96,23403.4,23345.7,272.59999999999934,1.089069072730598,stop,-27.2599999999984,27.2599999999984,-1.0,2025
2025-09-04,long,2025-09-04 13:34:00+00:00,2025-09-04 13:37:00+00:00,23501.7,23473.838571428572,23473.838571428572,23501.7,23424.3,278.6142857142851,1.0641299700726807,stop,-27.861428571428405,27.861428571428405,-1.0,2025
2025-09-05,short,2025-09-05 13:34:00+00:00,2025-09-05 13:42:00+00:00,23811.8,23838.720714285715,23838.720714285715,23867.3,23811.8,269.20714285714246,1.0929798242659892,stop,-26.920714285715803,26.920714285715803,-1.0,2025
2025-09-16,short,2025-09-16 13:34:00+00:00,2025-09-16 19:59:00+00:00,24332.3,24297.7,24354.16642857143,24372.4,24332.3,218.66428571428565,1.0119084156896445,eod,34.599999999998545,21.866428571429424,1.5823343024204122,2025
2025-09-18,long,2025-09-18 13:34:00+00:00,2025-09-18 13:38:00+00:00,24488.2,24464.23285714286,24464.23285714286,24488.2,24433.9,239.6714285714284,1.1901156087376523,stop,-23.96714285714188,23.96714285714188,-1.0,2025
2025-09-19,short,2025-09-19 13:34:00+00:00,2025-09-19 13:41:00+00:00,24526.4,24548.967142857146,24548.967142857146,24566.0,24526.4,225.6714285714284,1.1774323403728246,stop,-22.567142857144063,22.567142857144063,-1.0,2025
2025-09-29,long,2025-09-29 13:34:00+00:00,2025-09-29 15:18:00+00:00,24691.3,24669.344285714284,24669.344285714284,24691.3,24653.6,219.55714285714254,1.0597661730319563,stop,-21.955714285715658,21.955714285715658,-1.0,2025
2025-09-30,short,2025-09-30 13:34:00+00:00,2025-09-30 13:44:00+00:00,24564.5,24586.337142857144,24586.337142857144,24636.7,24564.5,218.3714285714281,1.0503797860796775,stop,-21.8371428571445,21.8371428571445,-1.0,2025
