entry_time,exit_time,direction,killzone,entry,stop,target,exit,outcome,r
2020-05-21 03:10:00-04:00,2020-05-21 03:30:00-04:00,short,london,9430.4,9450.463571428572,9390.272857142854,9450.463571428572,loss,-1.0996831499875332
2020-05-21 10:10:00-04:00,2020-05-21 12:10:00-04:00,short,am,9452.1,9514.430714285714,9327.438571428573,9434.9,expired,0.2438605136197606
2020-05-22 03:20:00-04:00,2020-05-22 05:15:00-04:00,short,london,9264.6,9308.732142857143,9176.335714285715,9308.732142857143,loss,-1.0453184429877802
2020-05-22 10:20:00-04:00,2020-05-22 12:20:00-04:00,short,am,9370.9,9403.377857142856,9305.944285714288,9374.1,expired,-0.16010908531089912
2020-05-22 14:15:00-04:00,2020-05-22 15:20:00-04:00,long,pm,9407.6,9385.274285714286,9452.25142857143,9385.274285714286,loss,-1.0895828001023788
2020-05-25 03:10:00-04:00,2020-05-25 04:40:00-04:00,short,london,9464.5,9477.062857142857,9439.374285714286,9477.062857142857,loss,-1.1591994541733024
2020-05-27 03:15:00-04:00,2020-05-27 03:35:00-04:00,long,london,9463.7,9455.093571428572,9480.91285714286,9480.91285714286,win,1.7676155697568434
2020-05-27 10:20:00-04:00,2020-05-27 10:35:00-04:00,long,am,9288.3,9260.285714285714,9344.32857142857,9260.285714285714,loss,-1.0713921468638454
2020-05-27 14:20:00-04:00,2020-05-27 16:30:00-04:00,long,pm,9368.8,9310.824999999999,9484.75,9448.6,expired,1.3419577404053575
2020-05-28 10:15:00-04:00,2020-05-28 12:15:00-04:00,long,am,9457.0,9360.886428571428,9649.227142857144,9523.1,expired,0.6669193439309152
2020-05-28 14:15:00-04:00,2020-05-28 15:15:00-04:00,short,pm,9542.2,9568.887142857142,9488.825714285718,9488.825714285718,win,1.9250575450992942
2020-05-29 10:05:00-04:00,2020-05-29 10:10:00-04:00,short,am,9460.7,9486.019285714287,9410.06142857143,9410.06142857143,win,1.9210088300843515
2020-06-02 10:10:00-04:00,2020-06-02 10:45:00-04:00,long,am,9587.0,9560.410714285714,9640.178571428572,9560.410714285714,loss,-1.075218267293484
2020-06-02 14:25:00-04:00,2020-06-02 14:30:00-04:00,long,pm,9607.9,9592.206428571428,9639.287142857143,9592.206428571428,loss,-1.1274407173091765
2020-06-03 14:10:00-04:00,2020-06-03 16:10:00-04:00,long,pm,9696.1,9666.641428571429,9755.017142857143,9686.7,expired,-0.3869841423791174
2020-06-08 03:10:00-04:00,2020-06-08 05:10:00-04:00,short,london,9816.2,9844.960714285715,9758.678571428572,9831.5,expired,-0.601514963367667
2020-06-08 10:10:00-04:00,2020-06-08 12:10:00-04:00,short,am,9767.9,9831.67,9640.359999999999,9795.5,expired,-0.46416810412419884
2020-06-11 03:25:00-04:00,2020-06-11 05:25:00-04:00,short,london,9971.0,10011.016428571429,9890.967142857142,9963.3,expired,0.14244149724222055
2020-06-12 03:25:00-04:00,2020-06-12 05:25:00-04:00,long,london,9718.8,9660.932142857144,9834.53571428571,9767.0,expired,0.7983706720977959
2020-06-12 10:20:00-04:00,2020-06-12 10:50:00-04:00,short,am,9792.2,9851.048571428571,9674.50285714286,9674.50285714286,win,1.9660144681264258
2020-06-16 14:20:00-04:00,2020-06-16 15:05:00-04:00,long,pm,9942.1,9916.307857142858,9993.684285714286,9916.307857142858,loss,-1.0775429948212365
2020-06-19 10:05:00-04:00,2020-06-19 10:45:00-04:00,short,am,10109.8,10124.221428571429,10080.95714285714,10080.95714285714,win,1.8613174839029332
2020-06-23 03:25:00-04:00,2020-06-23 05:25:00-04:00,long,london,10174.1,10130.379285714285,10261.54142857143,10187.6,expired,0.2630332140698216
2020-06-23 14:10:00-04:00,2020-06-23 15:30:00-04:00,short,pm,10278.6,10307.93,10219.94,10219.94,win,1.9318104330037502
2020-06-24 10:10:00-04:00,2020-06-24 12:10:00-04:00,short,am,10123.0,10233.892142857143,9901.215714285714,9964.9,expired,1.4076741235048231
2020-06-25 03:25:00-04:00,2020-06-25 04:20:00-04:00,short,london,9940.8,10014.950714285715,9792.498571428569,10014.950714285715,loss,-1.026972093516101
2020-06-26 03:25:00-04:00,2020-06-26 05:25:00-04:00,short,london,10066.3,10098.855,10001.189999999999,10090.5,expired,-0.8047918906466133
2020-06-26 10:25:00-04:00,2020-06-26 12:25:00-04:00,short,am,9941.6,10095.547857142858,9633.704285714286,9924.9,expired,0.09548687635424338
2020-06-29 10:05:00-04:00,2020-06-29 12:00:00-04:00,long,am,9802.3,9738.689285714287,9929.521428571425,9929.521428571425,win,1.9685587558250512
2020-06-30 03:15:00-04:00,2020-06-30 05:15:00-04:00,short,london,9985.3,10014.50857142857,9926.882857142857,9971.5,expired,0.4039910006847073
2020-06-30 10:25:00-04:00,2020-06-30 12:25:00-04:00,long,am,10032.6,9951.79,10194.22,10099.0,expired,0.7969310728870195
2020-07-06 10:05:00-04:00,2020-07-06 12:05:00-04:00,long,am,10524.5,10469.755000000001,10633.989999999998,10586.4,expired,1.0941638505799753
2020-07-09 10:25:00-04:00,2020-07-09 10:40:00-04:00,short,am,10728.5,10754.867142857143,10675.765714285713,10675.765714285713,win,1.9241480197215162
2020-07-13 03:15:00-04:00,2020-07-13 05:15:00-04:00,short,london,10898.7,10914.542142857143,10867.015714285717,10899.1,expired,-0.1514946571080616
2020-07-13 14:15:00-04:00,2020-07-13 15:30:00-04:00,short,pm,10904.3,11025.073571428571,10662.752857142856,10662.752857142856,win,1.9834400856384142
2020-07-14 14:25:00-04:00,2020-07-14 15:15:00-04:00,long,pm,10622.2,10547.559285714286,10771.481428571431,10547.559285714286,loss,-1.0267950276084479
2020-07-15 03:15:00-04:00,2020-07-15 05:15:00-04:00,short,london,10694.8,10720.502857142857,10643.394285714283,10695.6,expired,-0.10893730546913538
2020-07-15 14:15:00-04:00,2020-07-15 15:15:00-04:00,long,pm,10696.2,10638.822857142857,10810.954285714288,10638.822857142857,loss,-1.0348570859476143
2020-07-16 10:10:00-04:00,2020-07-16 12:10:00-04:00,short,am,10547.0,10611.209285714285,10418.58142857143,10550.2,expired,-0.08098517125917563
2020-07-17 14:20:00-04:00,2020-07-17 16:35:00-04:00,long,pm,10641.3,10603.277142857143,10717.345714285711,10634.3,expired,-0.23669972948603005
2020-07-21 10:25:00-04:00,2020-07-21 10:40:00-04:00,long,am,10907.0,10877.535714285714,10965.928571428572,10877.535714285714,loss,-1.0678787878787868
2020-07-21 14:15:00-04:00,2020-07-21 15:10:00-04:00,long,pm,10916.7,10836.541428571429,11077.017142857145,10836.541428571429,loss,-1.0249505444565234
2020-07-22 03:05:00-04:00,2020-07-22 03:35:00-04:00,long,london,10866.8,10849.93,10900.539999999997,10849.93,loss,-1.118553645524607
2020-07-23 10:25:00-04:00,2020-07-23 12:25:00-04:00,short,am,10822.1,10881.047857142858,10704.204285714286,10723.4,expired,1.6404328280441667
2020-07-24 14:15:00-04:00,2020-07-24 16:15:00-04:00,long,pm,10491.1,10388.795,10695.710000000001,10465.8,expired,-0.26684912760863116
2020-07-27 14:15:00-04:00,2020-07-27 16:15:00-04:00,long,pm,10630.8,10602.112142857144,10688.17571428571,10680.7,expired,1.6696959888456222
2020-07-28 03:05:00-04:00,2020-07-28 03:35:00-04:00,short,london,10711.1,10724.305714285714,10684.688571428573,10684.688571428573,win,1.8485504110774504
2020-07-28 14:10:00-04:00,2020-07-28 15:05:00-04:00,short,pm,10633.3,10658.004285714285,10583.891428571427,10583.891428571427,win,1.9190423870930444
2020-07-29 03:15:00-04:00,2020-07-29 05:15:00-04:00,long,london,10586.6,10550.375,10659.050000000001,10585.3,expired,-0.09109730848864205
2020-07-29 10:10:00-04:00,2020-07-29 12:10:00-04:00,long,am,10626.3,10577.374285714286,10724.151428571426,10605.9,expired,-0.4578369539827172
2020-07-31 10:25:00-04:00,2020-07-31 12:25:00-04:00,short,am,10765.2,10915.875714285714,10463.848571428574,10770.4,expired,-0.04778474111857321
2020-07-31 14:15:00-04:00,2020-07-31 14:40:00-04:00,short,pm,10732.8,10780.087142857143,10638.225714285712,10780.087142857143,loss,-1.0422947947191923
2020-08-04 03:20:00-04:00,2020-08-04 03:45:00-04:00,short,london,11079.7,11098.376428571428,11042.347142857147,11042.347142857147,win,1.8929131449114536
2020-08-06 10:05:00-04:00,2020-08-06 12:05:00-04:00,long,am,11114.5,11079.121428571429,11185.257142857143,11147.6,expired,0.8790631940238355
2020-08-07 10:25:00-04:00,2020-08-07 10:50:00-04:00,short,am,11231.4,11255.853571428572,11182.492857142855,11255.853571428572,loss,-1.0817876442237453
2020-08-10 03:10:00-04:00,2020-08-10 05:10:00-04:00,short,london,11118.4,11134.067142857142,11087.065714285714,11124.6,expired,-0.5233883468588129
2020-08-11 10:15:00-04:00,2020-08-11 11:05:00-04:00,short,am,10991.7,11048.84857142857,10877.40285714286,11048.84857142857,loss,-1.034996500349966
2020-08-12 03:25:00-04:00,2020-08-12 05:25:00-04:00,long,london,10958.5,10939.172857142858,10997.154285714285,10982.6,expired,1.1434695838569422
2020-08-12 14:05:00-04:00,2020-08-12 16:05:00-04:00,long,pm,11170.6,11115.877142857142,11280.045714285718,11127.5,expired,-0.8241528742233435
2020-08-13 03:25:00-04:00,2020-08-13 04:15:00-04:00,long,london,11128.2,11099.992857142857,11184.614285714288,11099.992857142857,loss,-1.0709040263357796
2020-08-14 03:15:00-04:00,2020-08-14 05:15:00-04:00,short,london,11199.7,11238.835,11121.430000000004,11163.2,expired,0.8815638175546547
2020-08-17 03:10:00-04:00,2020-08-17 05:10:00-04:00,long,london,11190.7,11178.965,11214.170000000002,11203.7,expired,0.9373668512994847
2020-08-17 10:05:00-04:00,2020-08-17 12:05:00-04:00,long,am,11266.4,11226.214285714286,11346.771428571426,11258.2,expired,-0.2538215428368074
2020-08-17 14:20:00-04:00,2020-08-17 16:35:00-04:00,long,pm,11288.1,11273.453571428572,11317.392857142857,11293.0,expired,0.19800048768590964
2020-08-18 10:15:00-04:00,2020-08-18 12:15:00-04:00,short,am,11333.5,11387.757857142857,11224.984285714287,11370.7,expired,-0.7224760074248826
2020-08-19 14:25:00-04:00,2020-08-19 16:40:00-04:00,short,pm,11360.9,11435.520714285714,11211.65857142857,11322.7,expired,0.4851199877475441
2020-08-21 03:25:00-04:00,2020-08-21 05:25:00-04:00,short,london,11477.7,11508.212142857143,11416.675714285717,11484.8,expired,-0.29824191773763
2020-08-27 10:15:00-04:00,2020-08-27 11:45:00-04:00,short,am,11969.4,12044.726428571428,11818.747142857143,12044.726428571428,loss,-1.0265511061380468
2020-08-28 03:20:00-04:00,2020-08-28 05:20:00-04:00,short,london,11958.1,12001.665714285715,11870.968571428572,11950.0,expired,0.14001836306401633
2020-08-28 10:05:00-04:00,2020-08-28 12:05:00-04:00,long,am,11992.8,11947.692142857142,12083.015714285713,12000.4,expired,0.12414688603506721
2020-09-01 10:10:00-04:00,2020-09-01 12:10:00-04:00,long,am,12210.7,12124.099999999999,12383.900000000005,12252.9,expired,0.46420323325632673
2020-09-03 03:15:00-04:00,2020-09-03 03:30:00-04:00,long,london,12369.8,12350.769999999999,12407.86,12407.86,win,1.894902785076199
2020-09-07 03:15:00-04:00,2020-09-07 05:15:00-04:00,long,london,11405.8,11369.337857142858,11478.724285714281,11447.1,expired,1.0778302348816686
2020-09-09 03:10:00-04:00,2020-09-09 05:10:00-04:00,long,london,11130.4,11058.615,11273.97,11245.1,expired,1.5699658703071806
2020-09-09 10:05:00-04:00,2020-09-09 11:00:00-04:00,long,am,11259.5,11187.455,11403.59,11403.59,win,1.9722395724894164
2020-09-09 14:05:00-04:00,2020-09-09 16:05:00-04:00,short,pm,11395.2,11482.569285714286,11220.46142857143,11393.2,expired,0.0
2020-09-10 10:10:00-04:00,2020-09-10 10:45:00-04:00,long,am,11538.1,11454.377857142857,11705.544285714286,11454.377857142857,loss,-1.0238885428842002
2020-09-11 10:05:00-04:00,2020-09-11 12:05:00-04:00,short,am,11166.4,11284.69142857143,10929.817142857139,11134.0,expired,0.2569924158253152
2020-09-11 14:20:00-04:00,2020-09-11 16:35:00-04:00,long,pm,11011.5,10937.471428571429,11159.557142857142,11072.6,expired,0.7983404091084618
2020-09-14 14:15:00-04:00,2020-09-14 16:15:00-04:00,long,pm,11267.2,11185.359999999999,11430.880000000005,11279.8,expired,0.1295210166177699
2020-09-16 10:25:00-04:00,2020-09-16 12:25:00-04:00,short,am,11429.0,11493.48142857143,11300.037142857142,11389.7,expired,0.5784611294503231
2020-09-16 14:25:00-04:00,2020-09-16 15:10:00-04:00,long,pm,11401.5,11319.585,11565.330000000002,11319.585,loss,-1.0244155527070742
2020-09-17 03:20:00-04:00,2020-09-17 05:20:00-04:00,long,london,11075.0,11013.191428571428,11198.617142857143,11153.9,expired,1.244164008690416
2020-09-18 10:10:00-04:00,2020-09-18 10:30:00-04:00,long,am,11088.8,11032.232857142857,11201.934285714284,11032.232857142857,loss,-1.0353562138545853
2020-09-22 03:20:00-04:00,2020-09-22 03:55:00-04:00,short,london,10941.7,10965.188571428573,10894.722857142857,10965.188571428573,loss,-1.085147792239385
2020-09-24 03:15:00-04:00,2020-09-24 05:15:00-04:00,long,london,10781.6,10736.512142857144,10871.775714285714,10790.6,expired,0.15525244364178065
2020-09-24 10:10:00-04:00,2020-09-24 12:10:00-04:00,long,am,10909.5,10683.185714285713,11362.128571428573,10970.8,expired,0.2620249968438286
2020-09-24 14:25:00-04:00,2020-09-24 16:40:00-04:00,short,pm,10936.0,11029.906428571428,10748.187142857143,10911.3,expired,0.24172998957930045
2020-09-25 03:10:00-04:00,2020-09-25 03:50:00-04:00,short,london,10922.2,10939.6,10887.400000000001,10887.400000000001,win,1.8850574712643655
2020-09-29 03:20:00-04:00,2020-09-29 05:20:00-04:00,short,london,11377.0,11422.927142857143,11285.145714285714,11372.1,expired,0.06314348813337106
2020-09-30 03:15:00-04:00,2020-09-30 05:15:00-04:00,long,london,11249.6,11186.66857142857,11375.46285714286,11228.3,expired,-0.3702442567874424
2020-09-30 10:05:00-04:00,2020-09-30 12:05:00-04:00,long,am,11421.1,11317.69,11627.92,11506.5,expired,0.8064984044096292
2020-09-30 14:15:00-04:00,2020-09-30 14:40:00-04:00,long,pm,11510.9,11434.924285714285,11662.851428571428,11434.924285714285,loss,-1.0263242013425342
2020-10-02 14:10:00-04:00,2020-10-02 14:40:00-04:00,long,pm,11331.3,11274.082142857143,11445.73571428571,11274.082142857143,loss,-1.0349541227139387
2020-10-05 03:20:00-04:00,2020-10-05 05:20:00-04:00,short,london,11322.5,11356.30357142857,11254.892857142859,11341.9,expired,-0.6330692023243567
2020-10-05 10:20:00-04:00,2020-10-05 12:20:00-04:00,long,am,11415.9,11333.806428571428,11580.087142857143,11459.9,expired,0.5116113146148553
2020-10-08 14:05:00-04:00,2020-10-08 16:05:00-04:00,short,pm,11537.5,11557.767142857143,11496.965714285714,11550.0,expired,-0.7154437160780956
2020-10-09 03:25:00-04:00,2020-10-09 05:25:00-04:00,long,london,11577.1,11564.277857142857,11602.744285714287,11586.4,expired,0.5693276140604233
2020-10-12 03:25:00-04:00,2020-10-12 03:55:00-04:00,long,london,11791.8,11784.341428571428,11806.717142857142,11806.717142857142,win,1.7318521356062013
2020-10-13 14:05:00-04:00,2020-10-13 15:35:00-04:00,short,pm,12059.0,12151.860714285714,11873.278571428571,12151.860714285714,loss,-1.021537633167955
2020-10-14 14:15:00-04:00,2020-10-14 16:15:00-04:00,long,pm,11992.1,11915.200714285715,12145.898571428572,11981.9,expired,-0.15864906789029265
2020-10-15 03:10:00-04:00,2020-10-15 04:20:00-04:00,short,london,11876.3,11907.627857142856,11813.644285714287,11813.644285714287,win,1.9361590551540147
2020-10-15 10:15:00-04:00,2020-10-15 12:15:00-04:00,short,am,11847.8,11895.702142857142,11751.995714285713,11822.7,expired,0.4822331240773263
2020-10-15 14:10:00-04:00,2020-10-15 16:10:00-04:00,long,pm,11855.1,11793.463571428572,11978.372857142856,11887.2,expired,0.4883475681125595
2020-10-19 10:15:00-04:00,2020-10-19 12:15:00-04:00,short,am,11855.9,11965.792142857143,11636.115714285714,11777.4,expired,0.6961371214632522
2020-10-20 10:15:00-04:00,2020-10-20 11:00:00-04:00,long,am,11722.7,11642.297142857144,11883.505714285715,11642.297142857144,loss,-1.0248747379268683
2020-10-20 14:10:00-04:00,2020-10-20 14:50:00-04:00,short,pm,11782.0,11806.012142857144,11733.975714285712,11733.975714285712,win,1.9167088080435526
2020-10-23 10:10:00-04:00,2020-10-23 12:10:00-04:00,short,am,11620.1,11695.947857142857,11468.404285714287,11606.9,expired,0.14766402666994158
2020-10-27 10:25:00-04:00,2020-10-27 11:10:00-04:00,short,am,11524.2,11592.445714285715,11387.708571428571,11592.445714285715,loss,-1.0293058695470148
2020-10-28 03:15:00-04:00,2020-10-28 04:15:00-04:00,short,london,11537.3,11574.470000000001,11462.959999999995,11462.959999999995,win,1.9461931665321524
2020-10-28 14:20:00-04:00,2020-10-28 14:50:00-04:00,short,pm,11241.4,11260.835714285713,11202.528571428573,11202.528571428573,win,1.8970966556413036
2020-10-29 03:10:00-04:00,2020-10-29 05:10:00-04:00,short,london,11269.0,11307.435714285713,11192.128571428573,11274.2,expired,-0.1873257758781128
2020-11-03 14:25:00-05:00,2020-11-03 15:35:00-05:00,long,pm,11259.7,11227.005714285715,11325.088571428572,11325.088571428572,win,1.9388272306213408
2020-11-06 03:15:00-05:00,2020-11-06 04:00:00-05:00,long,london,12012.4,11955.347142857143,12126.505714285713,11955.347142857143,loss,-1.0350552119588354
2020-11-09 10:25:00-05:00,2020-11-09 12:25:00-05:00,long,am,12238.2,12045.869285714287,12622.861428571428,12124.9,expired,-0.599488232694436
2020-11-10 14:20:00-05:00,2020-11-10 16:20:00-05:00,short,pm,11636.3,11702.753571428571,11503.392857142855,11630.5,expired,0.05718278067392839
2020-11-12 14:20:00-05:00,2020-11-12 16:20:00-05:00,short,pm,11836.1,11887.369999999999,11733.560000000003,11858.2,expired,-0.4700604642091089
2020-11-13 03:20:00-05:00,2020-11-13 05:20:00-05:00,long,london,11912.7,11875.425000000001,11987.25,11927.9,expired,0.35412474849091985
2020-11-16 03:10:00-05:00,2020-11-16 05:10:00-05:00,short,london,12019.5,12037.105714285713,11984.288571428573,12001.7,expired,0.8974358974358974
2020-11-17 03:10:00-05:00,2020-11-17 05:10:00-05:00,long,london,12039.7,12016.171428571428,12086.757142857146,12041.9,expired,0.008500303582223909
2020-11-20 03:25:00-05:00,2020-11-20 05:25:00-05:00,long,london,11985.1,11969.101428571428,12017.097142857145,11994.7,expired,0.4750424145012953
2020-11-24 03:15:00-05:00,2020-11-24 03:35:00-05:00,long,london,11971.9,11964.070714285715,11987.558571428568,11964.070714285715,loss,-1.2554511449685744
2020-11-24 10:05:00-05:00,2020-11-24 11:05:00-05:00,long,am,11923.3,11878.684285714286,12012.531428571427,12012.531428571427,win,1.955172745028977
2020-11-25 10:10:00-05:00,2020-11-25 12:10:00-05:00,short,am,12113.1,12153.281428571428,12032.737142857144,12117.1,expired,-0.1493227148291694
2020-11-26 03:20:00-05:00,2020-11-26 03:50:00-05:00,long,london,12209.4,12198.327857142856,12231.544285714286,12198.327857142856,loss,-1.1806335075156376
2020-11-27 03:15:00-05:00,2020-11-27 03:45:00-05:00,long,london,12196.3,12189.797857142856,12209.304285714286,12209.304285714286,win,1.6924090959024827
2020-11-30 03:05:00-05:00,2020-11-30 03:30:00-05:00,long,london,12224.0,12208.812142857143,12254.375714285714,12254.375714285714,win,1.8683158538305962
2020-12-01 03:20:00-05:00,2020-12-01 05:20:00-05:00,short,london,12374.1,12404.41,12313.480000000001,12375.4,expired,-0.10887495875946314
2020-12-01 10:25:00-05:00,2020-12-01 12:25:00-05:00,long,am,12406.6,12336.583571428571,12546.632857142858,12481.4,expired,1.039755975638353
2020-12-02 10:05:00-05:00,2020-12-02 12:05:00-05:00,long,am,12371.1,12315.865,12481.570000000002,12470.9,expired,1.7706164569566079
2020-12-02 14:25:00-05:00,2020-12-02 16:25:00-05:00,long,pm,12440.8,12413.855,12494.689999999999,12469.5,expired,0.9909074039710899
2020-12-03 10:25:00-05:00,2020-12-03 11:10:00-05:00,long,am,12518.5,12463.076428571429,12629.347142857143,12463.076428571429,loss,-1.0360857293828052
2020-12-10 14:20:00-05:00,2020-12-10 15:35:00-05:00,short,pm,12382.6,12420.602857142856,12306.594285714289,12420.602857142856,loss,-1.0526276219833115
2020-12-11 10:20:00-05:00,2020-12-11 11:35:00-05:00,long,am,12339.2,12277.257142857143,12463.085714285717,12277.257142857143,loss,-1.0322878228782284
2020-12-14 10:10:00-05:00,2020-12-14 12:10:00-05:00,long,am,12515.8,12426.763571428572,12693.872857142855,12536.0,expired,0.20441071471549585
2020-12-15 03:15:00-05:00,2020-12-15 05:15:00-05:00,long,london,12506.6,12475.261428571428,12569.277142857145,12523.5,expired,0.4754524319642361
2020-12-18 03:15:00-05:00,2020-12-18 03:45:00-05:00,long,london,12742.7,12733.975714285714,12760.148571428574,12760.148571428574,win,1.770754871459001
2020-12-18 10:10:00-05:00,2020-12-18 12:10:00-05:00,short,am,12727.0,12801.674285714285,12577.65142857143,12719.5,expired,0.073653198653199
2020-12-22 03:05:00-05:00,2020-12-22 03:30:00-05:00,short,london,12705.4,12715.814285714285,12684.57142857143,12715.814285714285,loss,-1.19204389574761
2020-12-24 03:20:00-05:00,2020-12-24 05:20:00-05:00,long,london,12682.1,12667.9,12710.500000000002,12682.8,expired,-0.09154929577472007
2020-12-28 03:20:00-05:00,2020-12-28 05:20:00-05:00,short,london,12797.1,12811.869285714285,12767.561428571431,12794.0,expired,0.07447888958749405
2020-12-28 10:25:00-05:00,2020-12-28 11:25:00-05:00,short,am,12791.0,12837.752142857142,12697.495714285717,12837.752142857142,loss,-1.0427787878324914
2020-12-29 10:20:00-05:00,2020-12-29 12:20:00-05:00,short,am,12871.5,12934.242857142857,12746.014285714286,12841.3,expired,0.44945355191257913
2020-12-31 03:25:00-05:00,2020-12-31 05:25:00-05:00,short,london,12858.4,12866.530714285715,12842.13857142857,12858.9,expired,-0.3074760607923854
2020-12-31 10:10:00-05:00,2020-12-31 11:40:00-05:00,long,am,12852.9,12835.31142857143,12888.07714285714,12835.31142857143,loss,-1.1137102014295057
2020-12-31 14:25:00-05:00,2020-12-31 15:55:00-05:00,long,pm,12842.6,12817.890714285715,12892.01857142857,12892.01857142857,win,1.9190587691151373
2021-01-04 03:15:00-05:00,2021-01-04 05:15:00-05:00,long,london,12953.4,12919.192857142858,13021.814285714283,12952.4,expired,-0.08770098141574748
2021-01-04 14:15:00-05:00,2021-01-04 14:50:00-05:00,short,pm,12669.0,12691.085714285715,12624.82857142857,12624.82857142857,win,1.9094437257438575
2021-01-05 10:25:00-05:00,2021-01-05 12:25:00-05:00,short,am,12756.4,12796.102857142858,12676.994285714283,12723.1,expired,0.7883563615428508
2021-01-07 03:20:00-05:00,2021-01-07 05:20:00-05:00,short,london,12698.2,12751.710000000001,12591.18,12707.6,expired,-0.21304429078676118
2021-01-11 03:20:00-05:00,2021-01-11 05:00:00-05:00,long,london,13070.9,13043.063571428573,13126.572857142854,13043.063571428573,loss,-1.0718482974519556
2021-01-12 14:10:00-05:00,2021-01-12 16:10:00-05:00,long,pm,12902.9,12853.798571428571,13001.102857142856,12898.6,expired,-0.12830583922491418
2021-01-13 03:25:00-05:00,2021-01-13 03:45:00-05:00,long,london,12938.8,12926.41142857143,12963.577142857139,12926.41142857143,loss,-1.1614391143911655
2021-01-13 10:10:00-05:00,2021-01-13 10:30:00-05:00,short,am,12929.3,12960.474285714286,12866.951428571425,12960.474285714286,loss,-1.0641554394647572
2021-01-13 14:10:00-05:00,2021-01-13 15:25:00-05:00,long,pm,13001.5,12976.680714285714,13051.138571428572,12976.680714285714,loss,-1.080582496330618
2021-01-15 10:15:00-05:00,2021-01-15 12:15:00-05:00,short,am,12849.9,12946.031428571428,12657.637142857142,12860.2,expired,-0.1279498305890855
2021-01-15 14:15:00-05:00,2021-01-15 15:40:00-05:00,short,pm,12873.7,12901.810714285713,12817.478571428575,12817.478571428575,win,1.9288527506034772
2021-01-18 10:05:00-05:00,2021-01-18 12:05:00-05:00,long,am,12822.6,12797.392142857143,12873.015714285715,12825.4,expired,0.031736136692045294
2021-01-20 10:20:00-05:00,2021-01-20 12:20:00-05:00,long,am,13238.5,13133.275000000001,13448.949999999997,13267.3,expired,0.25469232596816005
2021-01-21 03:25:00-05:00,2021-01-21 05:25:00-05:00,short,london,13365.8,13387.235714285713,13322.928571428572,13358.0,expired,0.27057647450847433
2021-01-21 10:20:00-05:00,2021-01-21 12:20:00-05:00,long,am,13378.0,13294.544285714286,13544.911428571428,13352.5,expired,-0.32951608209657995
2021-01-22 14:05:00-05:00,2021-01-22 14:50:00-05:00,short,pm,13376.8,13392.213571428572,13345.972857142853,13392.213571428572,loss,-1.129755781083447
2021-01-26 10:10:00-05:00,2021-01-26 12:10:00-05:00,long,am,13487.8,13439.042857142858,13585.314285714281,13502.8,expired,0.2666276003516073
2021-01-27 10:10:00-05:00,2021-01-27 12:10:00-05:00,long,am,13334.6,13181.964285714286,13639.871428571429,13284.4,expired,-0.34199073424119564
2021-01-28 14:15:00-05:00,2021-01-28 15:15:00-05:00,short,pm,13374.3,13410.327857142858,13302.244285714281,13302.244285714281,win,1.944487400622537
2021-02-01 03:15:00-05:00,2021-02-01 05:15:00-05:00,long,london,13035.0,12942.746428571429,13219.507142857143,13057.1,expired,0.2178777437962179
2021-02-02 03:25:00-05:00,2021-02-02 05:25:00-05:00,long,london,13357.3,13311.482857142857,13448.934285714284,13367.4,expired,0.17678972312298363
2021-02-02 10:25:00-05:00,2021-02-02 12:25:00-05:00,long,am,13395.9,13346.07,13495.56,13473.1,expired,1.5091310455549034
2021-02-03 03:25:00-05:00,2021-02-03 04:20:00-05:00,short,london,13577.5,13597.042142857143,13538.415714285715,13538.415714285715,win,1.8976570781095787
2021-02-08 14:10:00-05:00,2021-02-08 15:50:00-05:00,long,pm,13639.4,13623.831428571428,13670.537142857143,13670.537142857143,win,1.8715360616626942
2021-02-09 03:10:00-05:00,2021-02-09 03:30:00-05:00,short,london,13674.0,13680.955714285714,13660.088571428572,13680.955714285714,loss,-1.287533374409548
2021-02-10 03:15:00-05:00,2021-02-10 05:15:00-05:00,short,london,13758.3,13777.462142857143,13719.975714285712,13749.3,expired,0.36530361203264317
2021-02-17 03:20:00-05:00,2021-02-17 03:45:00-05:00,short,london,13750.8,13773.055,13706.289999999997,13773.055,loss,-1.089867445517857
2021-02-17 14:15:00-05:00,2021-02-17 16:15:00-05:00,long,pm,13679.0,13642.134285714284,13752.731428571431,13696.1,expired,0.4095946679066846
2021-02-18 03:10:00-05:00,2021-02-18 03:20:00-05:00,long,london,13637.7,13616.445,13680.210000000003,13616.445,loss,-1.094095506939539
2021-02-18 14:10:00-05:00,2021-02-18 16:10:00-05:00,long,pm,13618.9,13547.845,13761.01,13642.4,expired,0.30258250650904106
2021-02-22 03:25:00-05:00,2021-02-22 05:25:00-05:00,short,london,13412.0,13450.95,13334.099999999999,13431.0,expired,-0.5391527599486421
2021-02-23 03:15:00-05:00,2021-02-23 03:40:00-05:00,short,london,13287.0,13319.075714285715,13222.84857142857,13222.84857142857,win,1.9376475303968297
2021-02-24 03:10:00-05:00,2021-02-24 05:10:00-05:00,long,london,13153.1,13099.33142857143,13260.637142857142,13229.7,expired,1.3874275997662169
2021-02-25 03:25:00-05:00,2021-02-25 05:25:00-05:00,short,london,13272.1,13329.400714285715,13157.49857142857,13220.6,expired,0.8638635768688888
2021-02-25 10:20:00-05:00,2021-02-25 12:20:00-05:00,short,am,13177.5,13296.954285714286,12938.591428571428,12989.5,expired,1.557081011265513
2021-03-02 03:20:00-05:00,2021-03-02 03:55:00-05:00,long,london,13212.8,13184.607857142857,13269.184285714284,13184.607857142857,loss,-1.070941751754543
2021-03-02 14:20:00-05:00,2021-03-02 15:55:00-05:00,short,pm,13165.7,13218.578571428572,13059.942857142858,13059.942857142858,win,1.9621774956098879
2021-03-03 10:05:00-05:00,2021-03-03 12:05:00-05:00,short,am,12919.6,13059.81357142857,12639.17285714286,12893.7,expired,0.1704542560074158
2021-03-04 03:15:00-05:00,2021-03-04 04:10:00-05:00,long,london,12686.0,12639.187857142857,12779.624285714286,12639.187857142857,loss,-1.0427239574591451
2021-03-08 03:10:00-05:00,2021-03-08 05:10:00-05:00,short,london,12446.5,12530.174285714285,12279.15142857143,12433.5,expired,0.1314621320767608
2021-03-09 03:15:00-05:00,2021-03-09 05:15:00-05:00,long,london,12479.8,12383.220000000001,12672.959999999995,12544.9,expired,0.6533443777179706
2021-03-12 03:10:00-05:00,2021-03-12 05:10:00-05:00,short,london,12875.3,12974.238571428572,12677.422857142854,12811.4,expired,0.6256407294569385
2021-03-15 03:25:00-04:00,2021-03-15 04:05:00-04:00,short,london,12894.3,12935.975,12810.949999999997,12935.975,loss,-1.047990401919615
2021-03-16 03:25:00-04:00,2021-03-16 04:00:00-04:00,long,london,13172.9,13125.285,13268.13,13125.285,loss,-1.042003570303476
2021-03-17 14:20:00-04:00,2021-03-17 16:20:00-04:00,long,pm,13108.4,12981.897857142856,13361.404285714287,13202.3,expired,0.7264699073420483
2021-03-18 10:15:00-04:00,2021-03-18 12:15:00-04:00,short,am,12961.6,13041.087857142857,12802.624285714288,13003.2,expired,-0.5485114527825563
2021-03-19 10:10:00-04:00,2021-03-19 10:50:00-04:00,short,am,12747.0,12856.357142857143,12528.285714285714,12856.357142857143,loss,-1.0182887001959504
2021-03-22 03:10:00-04:00,2021-03-22 03:20:00-04:00,short,london,12913.7,12940.635,12859.830000000002,12940.635,loss,-1.074252830889179
2021-03-23 10:15:00-04:00,2021-03-23 12:15:00-04:00,long,am,13130.7,13065.277857142857,13261.544285714288,13107.8,expired,-0.38060508128529685
2021-03-24 10:25:00-04:00,2021-03-24 12:25:00-04:00,short,am,12961.8,13101.18642857143,12683.02714285714,12995.6,expired,-0.2568399260022295
2021-03-25 03:10:00-04:00,2021-03-25 04:00:00-04:00,long,london,12837.9,12818.07142857143,12877.55714285714,12818.07142857143,loss,-1.1008645533141268
2021-03-25 10:10:00-04:00,2021-03-25 10:45:00-04:00,long,am,12816.5,12701.307142857142,13046.885714285716,12701.307142857142,loss,-1.017362187635642
2021-03-26 14:25:00-04:00,2021-03-26 15:40:00-04:00,short,pm,12770.2,12886.165714285715,12538.268571428573,12886.165714285715,loss,-1.0172464767911698
2021-03-29 10:10:00-04:00,2021-03-29 12:10:00-04:00,short,am,12880.9,12997.048571428571,12648.602857142856,12882.0,expired,-0.026689953753815894
2021-03-30 10:25:00-04:00,2021-03-30 11:30:00-04:00,short,am,12839.3,12906.350714285714,12705.19857142857,12906.350714285714,loss,-1.029828168443928
2021-03-30 14:05:00-04:00,2021-03-30 14:40:00-04:00,short,pm,12870.7,12897.522142857142,12817.055714285718,12897.522142857142,loss,-1.074565257915905
2021-03-31 03:20:00-04:00,2021-03-31 05:20:00-04:00,long,london,12904.0,12883.360714285714,12945.278571428571,12915.4,expired,0.45544211801348405
2021-03-31 14:25:00-04:00,2021-03-31 15:15:00-04:00,short,pm,13131.2,13169.503571428571,13054.59285714286,13169.503571428571,loss,-1.0522144522144532
2021-04-01 10:20:00-04:00,2021-04-01 12:20:00-04:00,long,am,13319.7,13249.272857142856,13460.55428571429,13305.2,expired,-0.2342846710886571
2021-04-02 03:10:00-04:00,2021-04-02 03:30:00-04:00,long,london,13370.1,13365.1,13380.1,13380.1,win,1.6
2021-04-05 03:25:00-04:00,2021-04-05 04:10:00-04:00,short,london,13332.7,13346.695000000002,13304.71,13346.695000000002,loss,-1.1429081814933824
2021-04-05 14:15:00-04:00,2021-04-05 15:30:00-04:00,long,pm,13612.8,13582.205,13673.989999999998,13582.205,loss,-1.0653701585226358
2021-04-07 03:10:00-04:00,2021-04-07 05:10:00-04:00,long,london,13607.2,13585.319285714286,13650.96142857143,13599.7,expired,-0.4341722978487125
2021-04-07 14:20:00-04:00,2021-04-07 16:20:00-04:00,long,pm,13647.4,13581.19642857143,13779.80714285714,13627.3,expired,-0.3338188487889199
2021-04-08 10:15:00-04:00,2021-04-08 12:15:00-04:00,short,am,13733.7,13770.984285714285,13659.131428571432,13755.8,expired,-0.6463849189624009
2021-04-12 03:10:00-04:00,2021-04-12 03:50:00-04:00,short,london,13823.8,13833.464285714284,13804.471428571429,13833.464285714284,loss,-1.206947524020707
2021-04-12 10:10:00-04:00,2021-04-12 10:40:00-04:00,long,am,13797.2,13754.888571428572,13881.822857142859,13754.888571428572,loss,-1.0472685529070154
2021-04-13 03:10:00-04:00,2021-04-13 03:30:00-04:00,long,london,13796.5,13788.457142857143,13812.585714285713,13812.585714285713,win,1.7513321492006912
2021-04-13 10:25:00-04:00,2021-04-13 12:25:00-04:00,short,am,13939.8,13964.576428571429,13890.24714285714,13925.1,expired,0.5125839651742141
2021-04-14 03:20:00-04:00,2021-04-14 05:20:00-04:00,long,london,13992.9,13974.219285714285,14030.261428571428,14009.8,expired,0.797614040454234
2021-04-14 14:20:00-04:00,2021-04-14 16:20:00-04:00,short,pm,13860.0,13919.946428571428,13740.107142857145,13832.6,expired,0.4237116473041419
2021-04-15 03:20:00-04:00,2021-04-15 05:20:00-04:00,long,london,13879.5,13851.572142857141,13935.355714285717,13899.3,expired,0.6373564541292033
2021-04-15 10:10:00-04:00,2021-04-15 10:25:00-04:00,short,am,13981.9,13998.65,13948.4,13998.65,loss,-1.1194029850746268
2021-04-16 10:15:00-04:00,2021-04-16 12:15:00-04:00,long,am,14024.4,13957.24,14158.72,14039.1,expired,0.18910065515188737
2021-04-16 14:15:00-04:00,2021-04-16 16:15:00-04:00,long,pm,14029.6,14009.90857142857,14068.98285714286,14031.0,expired,-0.030470110272796058
2021-04-19 10:20:00-04:00,2021-04-19 12:20:00-04:00,short,am,13943.5,14030.290714285715,13769.91857142857,13898.4,expired,0.4965969038820822
2021-04-23 14:25:00-04:00,2021-04-23 14:55:00-04:00,short,pm,13963.0,13978.252857142857,13932.494285714285,13978.252857142857,loss,-1.1311229746183358
2021-04-26 03:25:00-04:00,2021-04-26 03:35:00-04:00,long,london,13938.1,13926.408571428572,13961.482857142857,13926.408571428572,loss,-1.1710654936461422
2021-04-27 14:10:00-04:00,2021-04-27 15:35:00-04:00,short,pm,13964.7,13986.204285714286,13921.69142857143,13986.204285714286,loss,-1.0930047166677757
2021-04-28 03:15:00-04:00,2021-04-28 03:20:00-04:00,short,london,13964.1,13980.795714285714,13930.708571428573,13930.708571428573,win,1.8802087789851925
2021-04-28 10:10:00-04:00,2021-04-28 12:00:00-04:00,long,am,13977.4,13898.45,14135.299999999997,13898.45,loss,-1.0253324889170365
2021-04-28 14:25:00-04:00,2021-04-28 14:40:00-04:00,long,pm,13920.3,13886.849285714285,13987.201428571429,13987.201428571429,win,1.9402105442975812
2021-04-30 10:05:00-04:00,2021-04-30 12:05:00-04:00,long,am,13911.0,13847.35,14038.3,13921.8,expired,0.13825608798113626
2021-05-04 10:05:00-04:00,2021-05-04 12:05:00-04:00,short,am,13556.2,13711.515714285715,13245.568571428572,13440.1,expired,0.7346326836581726
2021-05-04 14:20:00-04:00,2021-05-04 15:55:00-04:00,long,pm,13472.6,13433.988571428572,13549.822857142857,13549.822857142857,win,1.9482018647328694
2021-05-05 10:10:00-04:00,2021-05-05 12:10:00-04:00,short,am,13574.2,13680.974285714286,13360.65142857143,13625.7,expired,-0.501056969307752
2021-05-07 03:25:00-04:00,2021-05-07 04:45:00-04:00,short,london,13615.8,13634.323571428571,13578.752857142856,13634.323571428571,loss,-1.107970539467086
2021-05-11 03:20:00-04:00,2021-05-11 05:20:00-04:00,short,london,13230.6,13285.010714285714,13121.778571428573,13205.4,expired,0.426386609780129
2021-05-13 03:05:00-04:00,2021-05-13 03:40:00-04:00,short,london,13041.6,13070.120714285713,12984.558571428575,12984.558571428575,win,1.9298755290640845
2021-05-13 10:10:00-04:00,2021-05-13 11:40:00-04:00,long,am,13184.6,13093.623571428572,13366.552857142857,13093.623571428572,loss,-1.0219837163472485
2021-05-13 14:20:00-04:00,2021-05-13 16:20:00-04:00,long,pm,13112.0,13003.804285714285,13328.39142857143,13081.8,expired,-0.2976088305583832
2021-05-17 03:15:00-04:00,2021-05-17 03:30:00-04:00,long,london,13377.4,13362.933571428572,13406.332857142856,13362.933571428572,loss,-1.1382511232903825
2021-05-17 10:25:00-04:00,2021-05-17 11:50:00-04:00,long,am,13286.9,13243.387142857144,13373.925714285711,13243.387142857144,loss,-1.0459634262451178
2021-05-19 14:10:00-04:00,2021-05-19 14:20:00-04:00,short,pm,13148.7,13206.167857142857,13033.76428571429,13206.167857142857,loss,-1.0348020632651802
2021-05-21 03:25:00-04:00,2021-05-21 05:25:00-04:00,long,london,13534.8,13505.710000000001,13592.979999999996,13525.6,expired,-0.385012031625973
2021-05-21 10:05:00-04:00,2021-05-21 10:15:00-04:00,long,am,13514.4,13488.316428571428,13566.567142857142,13488.316428571428,loss,-1.076676616370458
2021-05-25 14:10:00-04:00,2021-05-25 16:10:00-04:00,short,pm,13642.9,13669.486428571428,13589.727142857142,13658.1,expired,-0.6469466161575681
2021-05-26 14:25:00-04:00,2021-05-26 16:25:00-04:00,long,pm,13709.0,13680.545,13765.91,13707.1,expired,-0.13705851344226486
2021-05-27 14:20:00-04:00,2021-05-27 16:20:00-04:00,short,pm,13666.2,13715.517857142857,13567.564285714288,13680.9,expired,-0.3386197407487717
2021-06-01 10:25:00-04:00,2021-06-01 12:25:00-04:00,short,am,13668.5,13779.580714285714,13446.338571428572,13666.2,expired,0.0027007388449774815
2021-06-02 03:15:00-04:00,2021-06-02 03:25:00-04:00,long,london,13644.4,13636.144999999999,13660.910000000002,13636.144999999999,loss,-1.2422774076317085
2021-06-02 10:05:00-04:00,2021-06-02 10:40:00-04:00,short,am,13688.7,13713.227857142856,13639.64428571429,13713.227857142856,loss,-1.0815399400099075
2021-06-03 10:15:00-04:00,2021-06-03 12:15:00-04:00,long,am,13527.7,13462.240714285714,13658.618571428575,13543.3,expired,0.20776273146882554
2021-06-04 10:15:00-04:00,2021-06-04 12:15:00-04:00,long,am,13722.9,13606.04357142857,13956.612857142858,13760.2,expired,0.30208008606410347
2021-06-07 03:20:00-04:00,2021-06-07 05:20:00-04:00,short,london,13720.9,13748.34142857143,13666.01714285714,13704.7,expired,0.517465771252989
2021-06-07 14:15:00-04:00,2021-06-07 15:15:00-04:00,long,pm,13752.6,13731.929999999998,13793.940000000004,13793.940000000004,win,1.9032414126753838
2021-06-10 03:20:00-04:00,2021-06-10 05:20:00-04:00,short,london,13794.2,13820.004285714285,13742.591428571432,13782.3,expired,0.38365719980077106
2021-06-10 14:05:00-04:00,2021-06-10 16:05:00-04:00,long,pm,13951.3,13920.334285714287,14013.231428571424,13966.2,expired,0.416589776711645
2021-06-14 03:10:00-04:00,2021-06-14 05:10:00-04:00,long,london,14031.2,14014.499285714286,14064.60142857143,14032.9,expired,-0.01796330353712497
2021-06-15 14:20:00-04:00,2021-06-15 16:20:00-04:00,short,pm,14041.9,14063.397857142856,13998.904285714287,14045.2,expired,-0.24653619962128348
2021-06-24 03:15:00-04:00,2021-06-24 04:00:00-04:00,long,london,14320.8,14310.467857142858,14341.464285714283,14341.464285714283,win,1.8064293121327117
2021-06-25 14:25:00-04:00,2021-06-25 16:25:00-04:00,long,pm,14352.0,14332.597142857143,14390.805714285714,14335.2,expired,-0.9689294654689676
2021-06-29 03:15:00-04:00,2021-06-29 04:00:00-04:00,long,london,14506.5,14486.093571428572,14547.312857142857,14486.093571428572,loss,-1.0980083307081105
2021-06-29 14:15:00-04:00,2021-06-29 14:40:00-04:00,long,pm,14570.8,14552.265714285715,14607.868571428568,14552.265714285715,loss,-1.1079081239401973
2021-06-30 14:15:00-04:00,2021-06-30 15:25:00-04:00,short,pm,14552.1,14571.529285714285,14513.241428571431,14571.529285714285,loss,-1.1029373920076528
2021-07-01 10:25:00-04:00,2021-07-01 12:25:00-04:00,short,am,14547.3,14586.617142857143,14468.665714285711,14529.1,expired,0.4120340091562709
2021-07-01 14:15:00-04:00,2021-07-01 16:15:00-04:00,long,pm,14544.0,14502.77357142857,14626.45285714286,14554.2,expired,0.19890153680892317
2021-07-05 10:10:00-04:00,2021-07-05 12:10:00-04:00,long,am,14710.8,14705.242857142857,14721.914285714283,14709.9,expired,-0.5218508997429432
2021-07-06 03:10:00-04:00,2021-07-06 04:10:00-04:00,short,london,14702.4,14717.552142857143,14672.095714285713,14717.552142857143,loss,-1.1319945316551143
2021-07-06 10:15:00-04:00,2021-07-06 10:30:00-04:00,long,am,14780.8,14744.940714285714,14852.518571428569,14744.940714285714,loss,-1.0557735593490443
2021-07-07 03:10:00-04:00,2021-07-07 04:05:00-04:00,long,london,14808.0,14783.65,14856.7,14856.7,win,1.9178644763860382
2021-07-07 10:10:00-04:00,2021-07-07 10:40:00-04:00,short,am,14846.4,14897.364285714286,14744.471428571427,14744.471428571427,win,1.9607568325157678
2021-07-08 03:10:00-04:00,2021-07-08 03:45:00-04:00,short,london,14764.6,14802.030714285715,14689.738571428572,14689.738571428572,win,1.9465679445833253
2021-07-09 03:25:00-04:00,2021-07-09 05:25:00-04:00,long,london,14730.5,14699.467857142858,14792.564285714285,14745.8,expired,0.42858786972031904
2021-07-13 14:10:00-04:00,2021-07-13 16:10:00-04:00,short,pm,14891.6,14967.567142857144,14739.665714285713,14881.3,expired,0.10925776181433139
2021-07-14 10:10:00-04:00,2021-07-14 11:25:00-04:00,long,am,14988.1,14945.472857142857,15073.354285714287,14945.472857142857,loss,-1.0469184624149594
2021-07-14 14:25:00-04:00,2021-07-14 15:50:00-04:00,long,pm,14945.5,14904.308571428572,15027.882857142857,14904.308571428572,loss,-1.0485537906638
2021-07-15 14:15:00-04:00,2021-07-15 14:55:00-04:00,long,pm,14742.7,14718.954285714284,14790.191428571434,14790.191428571434,win,1.9157742750571611
2021-07-16 03:20:00-04:00,2021-07-16 05:20:00-04:00,long,london,14802.4,14778.600714285714,14849.99857142857,14820.7,expired,0.6848945046370499
2021-07-16 14:15:00-04:00,2021-07-16 16:15:00-04:00,short,pm,14749.5,14795.74,14657.02,14678.7,expired,1.4878892733563929
2021-07-19 03:15:00-04:00,2021-07-19 03:35:00-04:00,short,london,14666.5,14678.175714285713,14643.148571428574,14643.148571428574,win,1.8287042701578207
2021-07-20 10:25:00-04:00,2021-07-20 12:25:00-04:00,long,am,14602.5,14525.059285714286,14757.381428571429,14722.5,expired,1.5237462759530307
2021-07-20 14:15:00-04:00,2021-07-20 16:00:00-04:00,long,pm,14754.0,14722.082142857142,14817.835714285717,14722.082142857142,loss,-1.0626608481593351
2021-07-22 03:10:00-04:00,2021-07-22 05:10:00-04:00,long,london,14882.2,14847.660714285716,14951.278571428571,14865.7,expired,-0.5356219625685126
2021-07-23 14:15:00-04:00,2021-07-23 15:10:00-04:00,long,pm,15118.0,15097.345714285713,15159.308571428573,15097.345714285713,loss,-1.0968322036242861
2021-07-26 10:10:00-04:00,2021-07-26 12:10:00-04:00,long,am,15108.8,15051.18142857143,15224.037142857138,15133.2,expired,0.3887635435003988
2021-07-26 14:25:00-04:00,2021-07-26 14:55:00-04:00,short,pm,15116.9,15132.528571428573,15085.642857142853,15132.528571428573,loss,-1.1279707495429472
2021-07-27 10:20:00-04:00,2021-07-27 12:20:00-04:00,short,am,14992.4,15123.575714285715,14730.04857142857,14858.6,expired,1.0047591562026834
2021-07-27 14:25:00-04:00,2021-07-27 16:25:00-04:00,long,pm,14877.5,14788.350714285714,15055.798571428571,14940.5,expired,0.6842455271655089
2021-07-29 14:25:00-04:00,2021-07-29 16:00:00-04:00,short,pm,15068.7,15085.150000000001,15035.8,15035.8,win,1.8784194528875433
2021-07-30 10:10:00-04:00,2021-07-30 12:10:00-04:00,long,am,14980.1,14867.015,15206.270000000002,14953.7,expired,-0.25113852411902016
2021-08-02 03:10:00-04:00,2021-08-02 04:10:00-04:00,long,london,15059.4,15045.773571428572,15086.652857142855,15045.773571428572,loss,-1.146773601719356
2021-08-03 10:15:00-04:00,2021-08-03 11:55:00-04:00,short,am,14915.6,15023.217857142858,14700.364285714286,15023.217857142858,loss,-1.0185842763747386
2021-08-04 14:25:00-04:00,2021-08-04 15:10:00-04:00,long,pm,15107.0,15084.315714285714,15152.368571428571,15084.315714285714,loss,-1.0881667611310541
2021-08-05 14:05:00-04:00,2021-08-05 16:05:00-04:00,long,pm,15167.7,15149.008571428572,15205.082857142857,15174.0,expired,0.23005197187400866
2021-08-06 14:20:00-04:00,2021-08-06 16:20:00-04:00,short,pm,15105.6,15117.773571428572,15081.252857142857,15101.0,expired,0.21357742181543757
2021-08-09 14:10:00-04:00,2021-08-09 16:10:00-04:00,long,pm,15133.1,15117.426428571429,15164.447142857143,15134.2,expired,-0.05742150116207852
2021-08-10 14:20:00-04:00,2021-08-10 16:20:00-04:00,short,pm,15048.3,15072.435714285713,15000.028571428571,15055.1,expired,-0.3646049126961115
2021-08-11 10:20:00-04:00,2021-08-11 12:20:00-04:00,short,am,15062.5,15131.395,14924.71,15008.6,expired,0.7533202699760404
2021-08-13 03:10:00-04:00,2021-08-13 05:10:00-04:00,long,london,15092.5,15076.743571428571,15124.012857142858,15098.2,expired,0.2348247880684043
2021-08-13 10:25:00-04:00,2021-08-13 12:25:00-04:00,long,am,15124.3,15076.373571428572,15220.152857142853,15114.5,expired,-0.24621070986779572
2021-08-13 14:10:00-04:00,2021-08-13 14:35:00-04:00,long,pm,15121.4,15115.130714285715,15133.938571428569,15115.130714285715,loss,-1.319015608978062
2021-08-16 03:25:00-04:00,2021-08-16 05:25:00-04:00,long,london,15119.0,15097.252857142856,15162.494285714289,15115.1,expired,-0.271300006568972
2021-08-16 14:25:00-04:00,2021-08-16 16:25:00-04:00,long,pm,15086.1,15039.095000000001,15180.109999999999,15141.5,expired,1.1360493564514529
2021-08-17 03:20:00-04:00,2021-08-17 05:20:00-04:00,short,london,15079.4,15117.765714285715,15002.668571428569,15098.4,expired,-0.5473637176049869
2021-08-17 14:10:00-04:00,2021-08-17 16:10:00-04:00,long,pm,14966.1,14909.932857142858,15078.434285714286,14988.2,expired,0.35786046748226763
2021-08-18 03:15:00-04:00,2021-08-18 03:25:00-04:00,long,london,15018.1,15010.707142857143,15032.885714285714,15010.707142857143,loss,-1.2705314009661932
2021-08-18 14:10:00-04:00,2021-08-18 14:15:00-04:00,long,pm,14958.4,14945.628571428571,14983.942857142856,14945.628571428571,loss,-1.1565995525727109
2021-08-19 03:05:00-04:00,2021-08-19 05:05:00-04:00,short,london,14757.0,14809.123571428572,14652.752857142856,14724.7,expired,0.581310895810757
2021-08-20 14:10:00-04:00,2021-08-20 15:50:00-04:00,long,pm,15068.3,15051.64357142857,15101.612857142856,15101.612857142856,win,1.8799262404048194
2021-08-23 03:20:00-04:00,2021-08-23 05:20:00-04:00,short,london,15141.9,15150.257142857143,15125.185714285713,15136.5,expired,0.40683760683755066
2021-08-23 10:10:00-04:00,2021-08-23 12:10:00-04:00,long,am,15232.6,15127.715,15442.37,15313.2,expired,0.749392191447778
2021-08-25 14:15:00-04:00,2021-08-25 15:30:00-04:00,long,pm,15359.1,15350.887142857144,15375.525714285714,15375.525714285714,win,1.756479387719587
2021-08-26 14:15:00-04:00,2021-08-26 16:15:00-04:00,short,pm,15316.8,15342.8,15264.8,15279.8,expired,1.3461538461538463
2021-08-27 03:10:00-04:00,2021-08-27 05:10:00-04:00,short,london,15327.1,15342.39357142857,15296.51285714286,15322.5,expired,0.17000607164545078
2021-08-27 10:25:00-04:00,2021-08-27 12:25:00-04:00,long,am,15394.1,15273.309285714286,15635.68142857143,15411.9,expired,0.1308047567516359
2021-08-30 10:10:00-04:00,2021-08-30 12:10:00-04:00,long,am,15546.0,15448.437142857143,15741.125714285714,15578.9,expired,0.3167188918499398
2021-09-01 03:05:00-04:00,2021-09-01 03:55:00-04:00,long,london,15642.5,15629.150714285715,15669.19857142857,15629.150714285715,loss,-1.1498207501739113
2021-09-03 10:15:00-04:00,2021-09-03 12:15:00-04:00,long,am,15627.8,15551.502857142857,15780.394285714283,15650.3,expired,0.2686863391252284
2021-09-06 03:25:00-04:00,2021-09-06 05:25:00-04:00,long,london,15699.0,15685.225,15726.55,15696.6,expired,-0.3194192377495283
2021-09-06 10:10:00-04:00,2021-09-06 12:10:00-04:00,long,am,15704.6,15686.602857142856,15740.594285714289,15698.6,expired,-0.4445150023812934
2021-09-13 14:20:00-04:00,2021-09-13 15:30:00-04:00,short,pm,15390.6,15437.314999999999,15297.170000000004,15437.314999999999,loss,-1.0428128010275088
2021-09-15 10:20:00-04:00,2021-09-15 12:20:00-04:00,short,am,15345.9,15450.162857142857,15137.374285714284,15392.0,expired,-0.46133399101172967
2021-09-15 14:15:00-04:00,2021-09-15 16:15:00-04:00,long,pm,15481.2,15452.727142857142,15538.145714285718,15514.2,expired,1.08875620892072
2021-09-21 10:05:00-04:00,2021-09-21 12:05:00-04:00,short,am,15098.4,15152.201428571429,14990.797142857142,15131.6,expired,-0.6542577201880023
2021-09-21 14:10:00-04:00,2021-09-21 16:05:00-04:00,long,pm,15054.1,15018.507142857143,15125.285714285716,15018.507142857143,loss,-1.0561910495685323
2021-09-22 10:10:00-04:00,2021-09-22 12:10:00-04:00,long,am,15108.2,15031.490000000002,15261.619999999999,15182.1,expired,0.937296310780869
2021-09-22 14:20:00-04:00,2021-09-22 16:20:00-04:00,long,pm,15194.6,15092.971428571429,15397.857142857143,15190.1,expired,-0.06395839190328932
2021-09-23 10:10:00-04:00,2021-09-23 12:10:00-04:00,long,am,15328.7,15191.777142857141,15602.54571428572,15307.8,expired,-0.16724745946623498
2021-09-23 14:20:00-04:00,2021-09-23 15:55:00-04:00,short,pm,15350.1,15366.016428571429,15318.267142857143,15318.267142857143,win,1.8743436700623803
2021-09-24 03:10:00-04:00,2021-09-24 05:10:00-04:00,short,london,15263.6,15305.08,15180.640000000001,15258.6,expired,0.07232401157184262
2021-09-24 10:05:00-04:00,2021-09-24 12:05:00-04:00,long,am,15261.2,15200.164285714287,15383.271428571428,15270.2,expired,0.11468695143358787
2021-09-27 14:10:00-04:00,2021-09-27 16:10:00-04:00,long,pm,15217.8,15183.769285714287,15285.861428571425,15203.6,expired,-0.47604055160253334
2021-09-28 10:25:00-04:00,2021-09-28 12:25:00-04:00,short,am,14892.6,15050.24857142857,14577.30285714286,14835.2,expired,0.35141453866647426
2021-09-29 14:20:00-04:00,2021-09-29 16:20:00-04:00,long,pm,14844.8,14727.855,15078.689999999999,14781.6,expired,-0.5575270426268679
2021-09-30 03:15:00-04:00,2021-09-30 03:45:00-04:00,short,london,14865.9,14896.015,14805.67,14896.015,loss,-1.0664120869998344
2021-09-30 14:15:00-04:00,2021-09-30 15:50:00-04:00,long,pm,14805.9,14734.212857142857,14949.274285714286,14734.212857142857,loss,-1.0278990055997288
2021-10-06 03:15:00-04:00,2021-10-06 05:15:00-04:00,short,london,14547.0,14608.849285714286,14423.301428571427,14468.6,expired,1.2352608298975414
2021-10-06 10:10:00-04:00,2021-10-06 10:20:00-04:00,short,am,14596.4,14656.382142857143,14476.435714285713,14656.382142857143,loss,-1.0333432569217027
2021-10-06 14:20:00-04:00,2021-10-06 16:20:00-04:00,long,pm,14735.7,14612.878571428571,14981.34285714286,14778.0,expired,0.32811863913927664
2021-10-07 14:15:00-04:00,2021-10-07 15:50:00-04:00,short,pm,14966.5,15000.187857142857,14899.124285714286,14899.124285714286,win,1.9406314271780842
2021-10-08 03:15:00-04:00,2021-10-08 03:20:00-04:00,long,london,14890.5,14879.892857142857,14911.714285714286,14879.892857142857,loss,-1.188552188552184
2021-10-11 03:15:00-04:00,2021-10-11 05:15:00-04:00,long,london,14774.9,14733.905714285715,14856.88857142857,14766.2,expired,-0.2610119877334595
2021-10-11 14:20:00-04:00,2021-10-11 15:25:00-04:00,long,pm,14803.9,14771.925714285713,14867.848571428573,14771.925714285713,loss,-1.0625502636046809
2021-10-12 03:20:00-04:00,2021-10-12 05:05:00-04:00,long,london,14644.7,14600.472857142857,14733.154285714289,14733.154285714289,win,1.9547789011272985
2021-10-13 03:25:00-04:00,2021-10-13 03:30:00-04:00,short,london,14640.8,14654.169285714286,14614.061428571425,14654.169285714286,loss,-1.1495966233904875
2021-10-13 10:20:00-04:00,2021-10-13 12:20:00-04:00,short,am,14717.6,14796.661428571428,14559.477142857146,14731.4,expired,-0.19984460546048582
2021-10-14 10:25:00-04:00,2021-10-14 12:25:00-04:00,long,am,14987.6,14903.687142857143,15155.425714285715,15043.1,expired,0.6375661826044011
2021-10-14 14:10:00-04:00,2021-10-14 14:20:00-04:00,short,pm,15045.2,15055.970714285715,15023.658571428572,15055.970714285715,loss,-1.1856887061476216
2021-10-18 03:25:00-04:00,2021-10-18 04:00:00-04:00,short,london,15080.9,15094.375,15053.949999999999,15094.375,loss,-1.1484230055658586
2021-10-19 10:05:00-04:00,2021-10-19 10:55:00-04:00,short,am,15361.1,15381.32142857143,15320.657142857142,15381.32142857143,loss,-1.098904980572234
2021-10-19 14:10:00-04:00,2021-10-19 14:25:00-04:00,long,pm,15407.9,15397.979285714286,15427.741428571428,15397.979285714286,loss,-1.2015983872129083
2021-10-20 14:20:00-04:00,2021-10-20 16:20:00-04:00,long,pm,15376.7,15333.627857142856,15462.84428571429,15371.2,expired,-0.1741264655644095
2021-10-22 03:05:00-04:00,2021-10-22 04:50:00-04:00,long,london,15421.4,15408.070714285714,15448.058571428572,15448.058571428572,win,1.8499544504581782
2021-10-22 14:15:00-04:00,2021-10-22 16:15:00-04:00,long,pm,15354.6,15325.409285714286,15412.98142857143,15348.8,expired,-0.2672082609440741
2021-10-25 10:05:00-04:00,2021-10-25 12:05:00-04:00,long,am,15399.9,15336.170714285714,15527.358571428571,15475.4,expired,1.153315923381268
2021-10-26 10:25:00-04:00,2021-10-26 12:00:00-04:00,long,am,15697.5,15593.817857142858,15904.864285714284,15593.817857142858,loss,-1.0192897247769628
2021-10-27 03:10:00-04:00,2021-10-27 04:50:00-04:00,long,london,15595.1,15577.639285714286,15630.02142857143,15577.639285714286,loss,-1.1145428512988305
2021-10-27 10:10:00-04:00,2021-10-27 10:50:00-04:00,short,am,15606.9,15665.831428571428,15489.037142857143,15665.831428571428,loss,-1.0339377484728016
2021-10-28 14:10:00-04:00,2021-10-28 16:10:00-04:00,long,pm,15750.5,15717.385,15816.73,15733.4,expired,-0.5767778952136642
2021-10-29 03:20:00-04:00,2021-10-29 05:20:00-04:00,long,london,15659.9,15631.566428571428,15716.567142857142,15648.8,expired,-0.4623490558903015
2021-11-01 03:15:00-04:00,2021-11-01 05:05:00-04:00,long,london,15889.0,15872.452142857142,15922.095714285715,15922.095714285715,win,1.8791384296628855
2021-11-01 14:20:00-04:00,2021-11-01 15:30:00-04:00,short,pm,15828.5,15875.831428571428,15733.837142857144,15875.831428571428,loss,-1.0422552215380907
2021-11-02 10:15:00-04:00,2021-11-02 11:40:00-04:00,short,am,15940.7,15984.625714285716,15852.84857142857,15984.625714285716,loss,-1.0455314166775067
2021-11-02 14:15:00-04:00,2021-11-02 15:05:00-04:00,short,pm,15939.5,15974.742142857143,15869.015714285713,15974.742142857143,loss,-1.05675023814832
2021-11-03 14:10:00-04:00,2021-11-03 14:45:00-04:00,long,pm,15996.8,15962.68857142857,16065.022857142856,16065.022857142856,win,1.941368623837842
2021-11-04 03:20:00-04:00,2021-11-04 04:10:00-04:00,long,london,16184.3,16173.081428571428,16206.737142857142,16206.737142857142,win,1.8217241818413359
2021-11-05 10:05:00-04:00,2021-11-05 12:05:00-04:00,long,am,16413.4,16383.637142857144,16472.925714285717,16439.0,expired,0.7929346260919018
2021-11-08 03:10:00-05:00,2021-11-08 03:15:00-05:00,long,london,16315.4,16300.477142857142,16345.245714285715,16345.245714285715,win,1.8659774076201452
2021-11-09 03:20:00-05:00,2021-11-09 05:20:00-05:00,long,london,16334.7,16312.55,16379.000000000004,16370.3,expired,1.516930022573198
2021-11-09 10:15:00-05:00,2021-11-09 12:15:00-05:00,short,am,16264.3,16405.34571428571,15982.208571428575,16228.8,expired,0.23751164769274757
2021-11-09 14:25:00-05:00,2021-11-09 16:25:00-05:00,long,pm,16219.0,16168.818571428572,16319.362857142856,16209.8,expired,-0.22319013863980927
2021-11-12 03:10:00-05:00,2021-11-12 04:30:00-05:00,long,london,16071.0,16048.235,16116.529999999999,16048.235,loss,-1.0878541620909312
2021-11-15 03:10:00-05:00,2021-11-15 04:35:00-05:00,long,london,16230.8,16220.053571428572,16252.292857142853,16220.053571428572,loss,-1.1861083416417721
2021-11-15 14:05:00-05:00,2021-11-15 14:40:00-05:00,short,pm,16140.5,16170.480000000001,16080.539999999997,16170.480000000001,loss,-1.0667111407605039
2021-11-17 10:15:00-05:00,2021-11-17 11:55:00-05:00,long,am,16313.1,16273.013571428572,16393.27285714286,16393.27285714286,win,1.9501078027832721
2021-11-19 03:10:00-05:00,2021-11-19 04:25:00-05:00,short,london,16562.3,16577.062142857143,16532.77571428571,16577.062142857143,loss,-1.1354816857792533
2021-11-22 03:25:00-05:00,2021-11-22 03:50:00-05:00,long,london,16627.5,16620.30642857143,16641.887142857136,16620.30642857143,loss,-1.278026015291554
2021-11-23 03:10:00-05:00,2021-11-23 03:30:00-05:00,short,london,16331.8,16357.865,16279.669999999998,16279.669999999998,win,1.9232687511989273
2021-11-25 03:25:00-05:00,2021-11-25 05:25:00-05:00,long,london,16425.6,16409.81142857143,16457.177142857137,16417.2,expired,-0.6587043069127219
2021-11-26 03:10:00-05:00,2021-11-26 05:10:00-05:00,short,london,16204.8,16251.31142857143,16111.77714285714,16183.5,expired,0.4149517783647373
2021-11-30 03:20:00-05:00,2021-11-30 04:30:00-05:00,short,london,16321.7,16346.002142857144,16273.095714285715,16273.095714285715,win,1.9177027305058343
2021-11-30 10:20:00-05:00,2021-11-30 10:45:00-05:00,long,am,16394.9,16319.37,16545.960000000003,16319.37,loss,-1.0264795445518335
2021-12-01 03:15:00-05:00,2021-12-01 05:15:00-05:00,short,london,16363.4,16400.482857142855,16289.234285714288,16366.4,expired,-0.13483319207951877
2021-12-01 10:20:00-05:00,2021-12-01 12:20:00-05:00,long,am,16325.2,16270.442857142858,16434.714285714286,16348.0,expired,0.3798591181841774
2021-12-02 03:15:00-05:00,2021-12-02 04:15:00-05:00,short,london,15946.7,15979.717142857142,15880.665714285718,15979.717142857142,loss,-1.0605745932848767
2021-12-06 03:15:00-05:00,2021-12-06 04:55:00-05:00,long,london,15764.1,15691.53357142857,15909.23285714286,15691.53357142857,loss,-1.0275609540027357
2021-12-09 14:05:00-05:00,2021-12-09 14:50:00-05:00,long,pm,16239.0,16204.177857142857,16308.644285714287,16204.177857142857,loss,-1.0574347192878089
2021-12-10 03:10:00-05:00,2021-12-10 03:50:00-05:00,long,london,16167.6,16150.380000000001,16202.039999999999,16202.039999999999,win,1.8838559814169527
2021-12-10 10:25:00-05:00,2021-12-10 10:45:00-05:00,long,am,16297.8,16199.405,16494.589999999997,16199.405,loss,-1.0203262360892325
2021-12-13 03:20:00-05:00,2021-12-13 03:50:00-05:00,short,london,16380.2,16391.802142857145,16356.995714285713,16391.802142857145,loss,-1.1723819491473093
2021-12-14 14:15:00-05:00,2021-12-14 15:30:00-05:00,long,pm,15830.6,15765.264285714286,15961.27142857143,15961.27142857143,win,1.9693888706679787
2021-12-15 14:25:00-05:00,2021-12-15 15:20:00-05:00,long,pm,15917.2,15752.965714285714,16245.668571428574,16245.668571428574,win,1.9878222747990677
2021-12-16 10:15:00-05:00,2021-12-16 12:15:00-05:00,short,am,16161.5,16363.760714285716,15756.978571428568,15979.1,expired,0.8919181396005771
2021-12-16 14:25:00-05:00,2021-12-16 16:25:00-05:00,short,pm,15875.2,15996.739285714286,15632.12142857143,15880.1,expired,-0.0567717669183952
2021-12-17 10:20:00-05:00,2021-12-17 10:45:00-05:00,short,am,15709.3,15863.708571428571,15400.482857142855,15863.708571428571,loss,-1.012952648816683
2021-12-21 03:10:00-05:00,2021-12-21 05:10:00-05:00,short,london,15781.1,15837.931428571428,15667.437142857145,15750.2,expired,0.5085214418581278
2021-12-21 14:20:00-05:00,2021-12-21 16:20:00-05:00,long,pm,15937.8,15872.297857142856,16068.804285714286,15992.0,expired,0.7969204933317365
2021-12-22 10:10:00-05:00,2021-12-22 10:35:00-05:00,short,am,15995.7,16061.335000000001,15864.43,16061.335000000001,loss,-1.0304715471928085
2021-12-27 03:15:00-05:00,2021-12-27 05:15:00-05:00,long,london,16340.9,16317.635,16387.43,16360.1,expired,0.7393079733505763
2021-12-28 03:15:00-05:00,2021-12-28 03:25:00-05:00,long,london,16571.0,16555.202142857142,16602.595714285715,16602.595714285715,win,1.8734005516118855
2021-12-28 10:25:00-05:00,2021-12-28 12:25:00-05:00,short,am,16563.3,16625.202857142856,16439.494285714285,16521.9,expired,0.636481122496042
2021-12-28 14:10:00-05:00,2021-12-28 15:10:00-05:00,short,pm,16479.2,16519.182142857146,16399.23571428571,16519.182142857146,loss,-1.0500223313979429
2021-12-29 10:20:00-05:00,2021-12-29 12:20:00-05:00,short,am,16450.2,16565.517857142855,16219.564285714292,16448.0,expired,0.001734336771042927
2021-12-30 14:10:00-05:00,2021-12-30 15:40:00-05:00,short,pm,16533.6,16563.61857142857,16473.562857142853,16473.562857142853,win,1.9333745776424145
2022-01-06 10:15:00-05:00,2022-01-06 10:55:00-05:00,short,am,15694.7,15865.73142857143,15352.637142857144,15865.73142857143,loss,-1.0116937572041897
2022-01-07 03:10:00-05:00,2022-01-07 03:40:00-05:00,short,london,15746.3,15780.378571428571,15678.142857142855,15678.142857142855,win,1.941312093900651
2022-01-11 03:15:00-05:00,2022-01-11 04:15:00-05:00,short,london,15628.1,15656.128571428571,15572.042857142858,15656.128571428571,loss,-1.071355759429155
2022-01-11 10:10:00-05:00,2022-01-11 12:10:00-05:00,long,am,15614.3,15481.357142857141,15880.185714285715,15822.2,expired,1.5487857296367946
2022-01-14 14:05:00-05:00,2022-01-14 16:05:00-05:00,long,pm,15520.9,15415.786428571428,15731.127142857144,15605.7,expired,0.7877194055409519
2022-01-17 03:15:00-05:00,2022-01-17 03:35:00-05:00,short,london,15562.7,15594.850714285714,15498.398571428574,15594.850714285714,loss,-1.0622070160627417
2022-01-17 10:20:00-05:00,2022-01-17 12:20:00-05:00,long,am,15573.5,15555.128571428571,15610.242857142857,15583.5,expired,0.43545878693623513
2022-01-18 03:25:00-05:00,2022-01-18 05:25:00-05:00,short,london,15361.7,15473.085,15138.930000000004,15354.5,expired,0.046684921668095375
2022-01-18 10:15:00-05:00,2022-01-18 11:30:00-05:00,long,am,15409.7,15282.150714285715,15664.798571428571,15282.150714285715,loss,-1.0156802132509002
2022-01-20 14:10:00-05:00,2022-01-20 14:30:00-05:00,long,pm,15164.9,15135.199999999999,15224.300000000001,15135.199999999999,loss,-1.0673400673400657
2022-01-21 03:25:00-05:00,2022-01-21 05:15:00-05:00,short,london,14761.8,14805.690714285714,14674.018571428569,14805.690714285714,loss,-1.0455677250313269
2022-01-24 03:25:00-05:00,2022-01-24 04:00:00-05:00,long,london,14568.0,14490.355714285713,14723.288571428573,14490.355714285713,loss,-1.0257584957038506
2022-01-26 10:10:00-05:00,2022-01-26 10:40:00-05:00,long,am,14456.9,14361.759285714284,14647.18142857143,14361.759285714284,loss,-1.0210214944781038
2022-01-26 14:10:00-05:00,2022-01-26 14:25:00-05:00,long,pm,14435.0,14391.785714285714,14521.428571428572,14521.428571428572,win,1.9537190082644633
2022-01-27 03:25:00-05:00,2022-01-27 05:25:00-05:00,long,london,14095.8,13953.003571428571,14381.392857142855,14212.0,expired,0.7997398894530263
2022-01-28 03:25:00-05:00,2022-01-28 05:25:00-05:00,short,london,14059.8,14179.25,13820.899999999998,14052.4,expired,0.04520719966512854
2022-01-31 03:10:00-05:00,2022-01-31 03:15:00-05:00,short,london,14479.1,14499.314285714287,14438.671428571428,14499.314285714287,loss,-1.0989399293286193
2022-02-01 03:15:00-05:00,2022-02-01 04:25:00-05:00,long,london,14950.0,14892.962857142857,15064.074285714287,14892.962857142857,loss,-1.0350648700095173
2022-02-03 10:25:00-05:00,2022-02-03 11:55:00-05:00,long,am,14801.7,14682.695714285714,15039.708571428575,14682.695714285714,loss,-1.016806117426743
2022-02-07 10:20:00-05:00,2022-02-07 11:40:00-05:00,short,am,14743.4,14822.529999999999,14585.140000000001,14585.140000000001,win,1.9747251358523945
2022-02-08 10:25:00-05:00,2022-02-08 10:45:00-05:00,long,am,14515.3,14475.492857142857,14594.914285714283,14594.914285714283,win,1.9497577606316157
2022-02-08 14:10:00-05:00,2022-02-08 14:20:00-05:00,long,pm,14714.8,14672.333571428571,14799.732857142855,14672.333571428571,loss,-1.0470960254318544
2022-02-09 03:25:00-05:00,2022-02-09 03:50:00-05:00,long,london,14804.5,14769.550714285715,14874.39857142857,14874.39857142857,win,1.9427742238754102
2022-02-09 14:15:00-05:00,2022-02-09 15:15:00-05:00,long,pm,15015.6,14969.988571428572,15106.822857142857,14969.988571428572,loss,-1.0438486594838388
2022-02-11 03:15:00-05:00,2022-02-11 04:50:00-05:00,long,london,14656.8,14590.67142857143,14789.057142857138,14590.67142857143,loss,-1.030244113199396
2022-02-11 10:05:00-05:00,2022-02-11 12:05:00-05:00,short,am,14685.5,14779.627142857144,14497.245714285713,14577.5,expired,1.1261363808829918
2022-02-14 10:10:00-05:00,2022-02-14 11:15:00-05:00,short,am,14287.7,14346.679999999998,14169.740000000005,14346.679999999998,loss,-1.0339097999321818
2022-02-16 03:25:00-05:00,2022-02-16 05:25:00-05:00,long,london,14646.8,14561.042142857143,14818.315714285713,14588.8,expired,-0.6996443474567134
2022-02-17 03:15:00-05:00,2022-02-17 03:25:00-05:00,long,london,14554.8,14522.035714285714,14620.32857142857,14522.035714285714,loss,-1.061042075430565
2022-02-17 14:10:00-05:00,2022-02-17 15:05:00-05:00,short,pm,14298.5,14337.527142857143,14220.445714285714,14220.445714285714,win,1.948753614700392
2022-02-23 10:10:00-05:00,2022-02-23 12:10:00-05:00,short,am,13886.0,14040.286428571428,13577.427142857145,13810.9,expired,0.4737941028050847
2022-02-24 03:15:00-05:00,2022-02-24 05:15:00-05:00,long,london,13134.1,13026.465,13349.37,13164.4,expired,0.2629256282807564
2022-02-24 10:25:00-05:00,2022-02-24 12:25:00-05:00,long,am,13370.9,13055.685,14001.33,13454.1,expired,0.2576019542217239
2022-02-24 14:05:00-05:00,2022-02-24 14:30:00-05:00,short,pm,13619.1,13709.954285714286,13437.391428571429,13709.954285714286,loss,-1.0220132708575742
2022-02-25 10:05:00-05:00,2022-02-25 10:45:00-05:00,short,am,13926.2,14048.190714285714,13682.218571428573,14048.190714285714,loss,-1.0163946904623888
2022-02-28 14:15:00-05:00,2022-02-28 15:50:00-05:00,short,pm,14054.4,14175.892857142859,13811.414285714282,14175.892857142859,loss,-1.0164618731259918
2022-03-01 03:10:00-05:00,2022-03-01 03:20:00-05:00,long,london,14270.1,14248.764285714286,14312.77142857143,14248.764285714286,loss,-1.0937395379979888
2022-03-01 10:25:00-05:00,2022-03-01 10:55:00-05:00,long,am,14235.3,14147.007857142857,14411.884285714284,14147.007857142857,loss,-1.0226520722601107
2022-03-02 10:20:00-05:00,2022-03-02 11:00:00-05:00,short,am,14007.6,14137.687857142859,13747.424285714284,14137.687857142859,loss,-1.0153742251116002
2022-03-03 14:20:00-05:00,2022-03-03 14:40:00-05:00,long,pm,14136.3,14099.153571428573,14210.592857142852,14099.153571428573,loss,-1.0538409768291541
2022-03-04 03:15:00-05:00,2022-03-04 04:00:00-05:00,long,london,14018.9,13931.845714285713,14193.008571428572,13931.845714285713,loss,-1.0229741704683446
2022-03-04 10:05:00-05:00,2022-03-04 10:10:00-05:00,long,am,13863.9,13822.557142857142,13946.585714285715,13822.557142857142,loss,-1.0483759502418792
2022-03-04 14:20:00-05:00,2022-03-04 16:20:00-05:00,short,pm,13827.2,13919.482142857143,13642.635714285716,13811.7,expired,0.14629049111807807
2022-03-07 03:15:00-05:00,2022-03-07 05:15:00-05:00,long,london,13583.6,13545.197857142857,13660.404285714287,13623.7,expired,0.9921321354835118
2022-03-07 10:05:00-05:00,2022-03-07 12:05:00-05:00,short,am,13687.7,13885.904285714285,13291.291428571432,13545.2,expired,0.708864591366777
2022-03-08 10:10:00-05:00,2022-03-08 12:10:00-05:00,short,am,13186.9,13380.273571428572,12800.152857142855,13380.273571428572,loss,-1.0103426749851323
2022-03-08 14:05:00-05:00,2022-03-08 16:05:00-05:00,short,pm,13363.9,13671.292857142857,12749.114285714286,13213.1,expired,0.4840711049146024
2022-03-09 14:10:00-05:00,2022-03-09 16:10:00-05:00,long,pm,13713.3,13656.703571428572,13826.492857142854,13728.1,expired,0.22616268063358327
2022-03-10 14:10:00-05:00,2022-03-10 16:10:00-05:00,long,pm,13559.7,13424.838571428572,13829.422857142858,13576.4,expired,0.10900077328050219
2022-03-11 03:25:00-05:00,2022-03-11 04:20:00-05:00,short,london,13562.1,13629.837857142858,13426.624285714284,13629.837857142858,loss,-1.0295255870846642
2022-03-15 03:20:00-04:00,2022-03-15 05:20:00-04:00,short,london,13001.3,13090.702857142856,12822.494285714285,12997.4,expired,0.02125211722220041
2022-03-15 10:10:00-04:00,2022-03-15 11:05:00-04:00,long,am,13166.1,13086.557142857142,13325.185714285717,13325.185714285717,win,1.9748563218390809
2022-03-16 03:20:00-04:00,2022-03-16 05:20:00-04:00,long,london,13607.4,13558.442142857144,13705.31571428571,13682.2,expired,1.4869931865599393
2022-03-17 10:10:00-04:00,2022-03-17 12:10:00-04:00,long,am,13961.7,13818.719285714285,14247.661428571431,13937.3,expired,-0.184640286152487
2022-03-18 03:25:00-04:00,2022-03-18 05:25:00-04:00,short,london,14009.3,14066.096428571429,13895.70714285714,14018.8,expired,-0.20247751996478244
2022-03-23 03:10:00-04:00,2022-03-23 05:10:00-04:00,short,london,14659.8,14681.842857142858,14615.714285714283,14631.6,expired,1.1885936487361142
2022-03-23 10:20:00-04:00,2022-03-23 12:20:00-04:00,long,am,14568.2,14462.278571428573,14780.042857142857,14625.9,expired,0.5258614876255916
2022-03-23 14:15:00-04:00,2022-03-23 16:15:00-04:00,short,pm,14505.2,14597.785,14320.030000000002,14462.1,expired,0.44391640114490205
2022-03-25 10:05:00-04:00,2022-03-25 11:25:00-04:00,short,am,14740.9,14813.634285714284,14595.43142857143,14595.43142857143,win,1.9725026515300308
2022-03-28 03:10:00-04:00,2022-03-28 05:10:00-04:00,long,london,14714.8,14663.20642857143,14817.987142857139,14707.2,expired,-0.18606969306805127
2022-03-29 03:10:00-04:00,2022-03-29 03:25:00-04:00,short,london,15015.8,15043.497857142856,14960.404285714285,15043.497857142856,loss,-1.0722077520179487
2022-03-30 03:10:00-04:00,2022-03-30 05:10:00-04:00,short,london,15207.8,15247.095714285713,15129.208571428571,15173.6,expired,0.8194277820191009
2022-03-31 03:05:00-04:00,2022-03-31 03:15:00-04:00,long,london,15142.1,15122.674285714285,15180.95142857143,15180.95142857143,win,1.8970436828945472
2022-03-31 14:20:00-04:00,2022-03-31 15:00:00-04:00,short,pm,14992.4,15037.641428571429,14901.91714285714,15037.641428571429,loss,-1.0442072689380775
2022-04-01 14:10:00-04:00,2022-04-01 16:10:00-04:00,long,pm,14789.0,14727.867142857143,14911.265714285713,14835.8,expired,0.7328301357698627
2022-04-04 10:05:00-04:00,2022-04-04 12:05:00-04:00,long,am,15045.5,14886.977857142858,15362.544285714284,15110.3,expired,0.3961591665878105
2022-04-04 14:15:00-04:00,2022-04-04 14:30:00-04:00,short,pm,15099.8,15128.21,15042.98,15128.21,loss,-1.0703977472720876
2022-04-05 14:25:00-04:00,2022-04-05 15:05:00-04:00,long,pm,14886.4,14847.069285714286,14965.061428571427,14847.069285714286,loss,-1.0508508435791735
2022-04-06 10:10:00-04:00,2022-04-06 12:10:00-04:00,short,am,14479.7,14646.049285714285,14147.001428571431,14460.9,expired,0.10099231822886304
2022-04-06 14:25:00-04:00,2022-04-06 15:00:00-04:00,short,pm,14443.7,14637.973571428573,14055.152857142857,14637.973571428573,loss,-1.0102947610696256
2022-04-07 14:05:00-04:00,2022-04-07 16:05:00-04:00,long,pm,14493.3,14376.355000000001,14727.189999999995,14546.4,expired,0.4369575441446944
2022-04-08 03:10:00-04:00,2022-04-08 03:35:00-04:00,short,london,14601.0,14614.171428571428,14574.657142857144,14614.171428571428,loss,-1.1518438177874264
2022-04-11 03:20:00-04:00,2022-04-11 03:25:00-04:00,short,london,14235.7,14270.847857142857,14165.404285714289,14270.847857142857,loss,-1.0569024732253558
2022-04-13 03:15:00-04:00,2022-04-13 05:15:00-04:00,short,london,14039.7,14092.239285714286,13934.62142857143,14059.2,expired,-0.4092175922778918
2022-04-13 10:25:00-04:00,2022-04-13 12:25:00-04:00,long,am,14074.8,13920.579285714286,14383.241428571426,14166.6,expired,0.5822823504346848
2022-04-14 03:15:00-04:00,2022-04-14 05:15:00-04:00,short,london,14244.7,14287.788571428571,14158.52285714286,14231.8,expired,0.25296730986012805
2022-04-14 10:15:00-04:00,2022-04-14 12:15:00-04:00,short,am,14066.1,14251.635714285714,13695.028571428573,14013.9,expired,0.2705678537054907
2022-04-14 14:25:00-04:00,2022-04-14 14:55:00-04:00,short,pm,14015.7,14051.867857142857,13943.364285714288,13943.364285714288,win,1.9447022810309065
2022-04-18 03:10:00-04:00,2022-04-18 04:00:00-04:00,short,london,13780.8,13809.709285714285,13722.981428571427,13809.709285714285,loss,-1.0691819237516365
2022-04-18 10:10:00-04:00,2022-04-18 12:10:00-04:00,long,am,13893.7,13827.88357142857,14025.332857142861,13827.88357142857,loss,-1.0303875497867439
2022-04-19 03:25:00-04:00,2022-04-19 05:25:00-04:00,short,london,13934.2,14008.678571428572,13785.242857142857,13843.2,expired,1.194974585211465
2022-04-19 14:20:00-04:00,2022-04-19 15:05:00-04:00,short,pm,14127.8,14175.306428571428,14032.787142857142,14175.306428571428,loss,-1.042099565472342
2022-04-20 03:20:00-04:00,2022-04-20 05:20:00-04:00,long,london,14116.1,14069.465714285714,14209.368571428573,14190.2,expired,1.5460727851978806
2022-04-22 14:25:00-04:00,2022-04-22 14:45:00-04:00,long,pm,13449.4,13416.660714285714,13514.878571428571,13416.660714285714,loss,-1.061088687684084
2022-04-27 10:20:00-04:00,2022-04-27 12:20:00-04:00,short,am,13015.0,13265.652857142857,12513.694285714286,13200.1,expired,-0.7464506973218525
2022-04-29 03:10:00-04:00,2022-04-29 05:10:00-04:00,short,london,13357.3,13429.121428571429,13213.65714285714,13332.8,expired,0.3132769766285396
2022-05-02 14:10:00-04:00,2022-05-02 14:50:00-04:00,long,pm,12747.6,12711.264285714286,12820.27142857143,12820.27142857143,win,1.9449577354039718
2022-05-03 10:05:00-04:00,2022-05-03 12:05:00-04:00,long,am,13071.0,12971.371428571429,13270.257142857143,13047.5,expired,-0.2559506739317466
2022-05-03 14:25:00-04:00,2022-05-03 16:25:00-04:00,short,pm,13056.5,13191.858571428571,12785.782857142858,13105.2,expired,-0.3745606906523481
2022-05-04 10:20:00-04:00,2022-05-04 12:20:00-04:00,short,am,12968.6,13125.581428571428,12654.637142857146,13037.6,expired,-0.4522827996032322
2022-05-05 10:10:00-04:00,2022-05-05 12:10:00-04:00,short,am,13113.2,13389.417857142857,12560.76428571429,12893.0,expired,0.78995616813851
2022-05-06 10:10:00-04:00,2022-05-06 10:15:00-04:00,long,am,12603.0,12516.40142857143,12776.197142857141,12776.197142857141,win,1.9769049307972746
2022-05-10 10:10:00-04:00,2022-05-10 10:40:00-04:00,long,am,12468.2,12338.204285714284,12728.191428571434,12338.204285714284,loss,-1.0153851225864585
2022-05-12 03:15:00-04:00,2022-05-12 05:15:00-04:00,short,london,11896.5,11973.762142857142,11741.975714285716,11853.3,expired,0.5332495123281749
2022-05-13 03:10:00-04:00,2022-05-13 03:20:00-04:00,short,london,12108.8,12127.492857142857,12071.414285714283,12127.492857142857,loss,-1.1069927397783674
2022-05-13 14:10:00-04:00,2022-05-13 15:10:00-04:00,short,pm,12264.9,12388.780714285715,12017.13857142857,12388.780714285715,loss,-1.0161445630301038
2022-05-20 10:15:00-04:00,2022-05-20 12:10:00-04:00,short,am,11912.6,12054.106428571427,11629.587142857146,11629.587142857146,win,1.985866366495212
2022-05-23 10:10:00-04:00,2022-05-23 11:30:00-04:00,short,am,11843.0,11981.440714285714,11566.118571428571,11981.440714285714,loss,-1.0144466171698046
2022-05-24 10:20:00-04:00,2022-05-24 12:20:00-04:00,short,am,11613.4,11853.492142857142,11133.215714285716,11744.9,expired,-0.5560365216925668
2022-05-27 03:25:00-04:00,2022-05-27 04:15:00-04:00,short,london,12253.7,12280.93642857143,12199.227142857144,12280.93642857143,loss,-1.0734310665862425
2022-06-02 14:10:00-04:00,2022-06-02 16:10:00-04:00,long,pm,12838.9,12759.847142857143,12997.005714285713,12872.9,expired,0.40479245351211873
2022-06-06 03:20:00-04:00,2022-06-06 03:50:00-04:00,long,london,12653.5,12627.953571428572,12704.592857142856,12704.592857142856,win,1.9217111701384013
2022-06-06 10:10:00-04:00,2022-06-06 11:15:00-04:00,long,am,12777.8,12668.022142857142,12997.355714285713,12668.022142857142,loss,-1.018218610310432
2022-06-07 14:15:00-04:00,2022-06-07 16:15:00-04:00,long,pm,12679.5,12633.047857142858,12772.404285714285,12688.6,expired,0.15284547844941174
2022-06-08 03:15:00-04:00,2022-06-08 04:35:00-04:00,short,london,12643.5,12684.115,12562.27,12684.115,loss,-1.049242890557676
2022-06-08 10:20:00-04:00,2022-06-08 12:20:00-04:00,short,am,12758.1,12796.428571428572,12681.442857142856,12699.0,expired,1.4897502795378141
2022-06-10 03:15:00-04:00,2022-06-10 05:15:00-04:00,short,london,12293.2,12338.390714285713,12202.818571428576,12307.6,expired,-0.3629064125057352
2022-06-10 14:25:00-04:00,2022-06-10 15:50:00-04:00,long,pm,11892.7,11846.49142857143,11985.117142857143,11846.49142857143,loss,-1.0432820132319298
2022-06-13 14:20:00-04:00,2022-06-13 15:45:00-04:00,short,pm,11406.4,11468.04357142857,11283.112857142858,11283.112857142858,win,1.9675554165073403
2022-06-14 10:05:00-04:00,2022-06-14 10:30:00-04:00,long,am,11336.1,11263.810714285713,11480.678571428574,11263.810714285713,loss,-1.0276666172619926
2022-06-15 14:15:00-04:00,2022-06-15 14:40:00-04:00,short,pm,11502.7,11607.739285714286,11292.62142857143,11607.739285714286,loss,-1.0190404950528715
2022-06-20 03:15:00-04:00,2022-06-20 05:15:00-04:00,short,london,11325.2,11371.931428571428,11231.737142857146,11347.8,expired,-0.5264123257519998
2022-06-21 03:20:00-04:00,2022-06-21 05:20:00-04:00,long,london,11446.2,11406.211428571429,11526.177142857145,11501.0,expired,1.3203772506430052
2022-06-21 10:10:00-04:00,2022-06-21 12:10:00-04:00,long,am,11591.8,11443.625714285714,11888.14857142857,11587.9,expired,-0.03981797497155623
2022-06-22 03:15:00-04:00,2022-06-22 05:15:00-04:00,short,london,11341.0,11419.621428571429,11183.757142857143,11343.4,expired,-0.055964386299622845
2022-06-22 14:20:00-04:00,2022-06-22 15:10:00-04:00,long,pm,11665.5,11616.931428571428,11762.637142857144,11616.931428571428,loss,-1.0411788928760513
2022-06-23 10:05:00-04:00,2022-06-23 12:05:00-04:00,long,am,11601.7,11514.582857142856,11775.934285714291,11588.8,expired,-0.17103407562888628
2022-06-24 10:25:00-04:00,2022-06-24 12:25:00-04:00,long,am,12008.0,11810.997142857143,12402.005714285715,11991.1,expired,-0.09593769488477125
2022-06-28 03:20:00-04:00,2022-06-28 03:25:00-04:00,long,london,12088.3,12068.450714285715,12127.998571428569,12068.450714285715,loss,-1.1007592932455343
2022-06-29 14:10:00-04:00,2022-06-29 16:10:00-04:00,long,pm,11684.8,11594.505714285713,11865.388571428572,11644.1,expired,-0.47289814258138607
2022-06-30 10:10:00-04:00,2022-06-30 11:25:00-04:00,short,am,11381.1,11566.105714285713,11011.088571428574,11566.105714285713,loss,-1.0108104768964665
2022-07-05 03:15:00-04:00,2022-07-05 04:20:00-04:00,short,london,11643.2,11680.66,11568.280000000002,11568.280000000002,win,1.946609717031499
2022-07-06 03:10:00-04:00,2022-07-06 05:10:00-04:00,long,london,11780.6,11706.027857142857,11929.744285714287,11741.3,expired,-0.5538261127767091
2022-07-07 03:20:00-04:00,2022-07-07 03:30:00-04:00,short,london,11893.8,11905.32857142857,11870.742857142857,11905.32857142857,loss,-1.1734820322180979
2022-07-08 10:20:00-04:00,2022-07-08 11:25:00-04:00,long,am,12027.5,11950.913571428571,12180.672857142858,12180.672857142858,win,1.9738857126868805
2022-07-08 14:05:00-04:00,2022-07-08 14:25:00-04:00,short,pm,12122.2,12143.042857142858,12080.514285714286,12143.042857142858,loss,-1.095956134338586
2022-07-11 03:15:00-04:00,2022-07-11 05:15:00-04:00,long,london,12009.5,11975.130714285715,12078.23857142857,12047.9,expired,1.0590851466217854
2022-07-12 10:10:00-04:00,2022-07-12 12:10:00-04:00,short,am,11819.2,12006.802857142857,11443.994285714289,11881.6,expired,-0.343278353969632
2022-07-12 14:10:00-04:00,2022-07-12 14:55:00-04:00,short,pm,11863.6,11891.067857142858,11808.664285714285,11808.664285714285,win,1.9271876218957236
2022-07-13 14:10:00-04:00,2022-07-13 16:10:00-04:00,short,pm,11756.7,11830.934285714286,11608.231428571431,11718.3,expired,0.49033946578402965
2022-07-14 03:15:00-04:00,2022-07-14 04:00:00-04:00,short,london,11685.3,11704.62,11646.659999999996,11646.659999999996,win,1.8964803312629481
2022-07-14 10:10:00-04:00,2022-07-14 11:40:00-04:00,short,am,11514.7,11662.917142857144,11218.265714285713,11662.917142857144,loss,-1.013493715783792
2022-07-18 14:10:00-04:00,2022-07-18 16:10:00-04:00,short,pm,11974.6,12119.679285714285,11684.441428571432,11889.4,expired,0.5734795259734935
2022-07-19 03:10:00-04:00,2022-07-19 03:30:00-04:00,long,london,11929.2,11894.756428571429,11998.087142857144,11894.756428571429,loss,-1.0580659878476175
2022-07-19 10:05:00-04:00,2022-07-19 10:45:00-04:00,long,am,12012.5,11967.620714285715,12102.25857142857,12102.25857142857,win,1.9554360108863456
2022-07-19 14:10:00-04:00,2022-07-19 16:10:00-04:00,long,pm,12240.9,12160.780714285715,12401.13857142857,12272.2,expired,0.36570470815838757
2022-07-20 10:15:00-04:00,2022-07-20 10:45:00-04:00,long,am,12296.5,12231.539285714287,12426.421428571426,12426.421428571426,win,1.969212161196327
2022-07-22 10:10:00-04:00,2022-07-22 12:10:00-04:00,short,am,12565.7,12674.540714285715,12348.018571428573,12397.2,expired,1.5297584281092322
2022-07-29 03:25:00-04:00,2022-07-29 03:30:00-04:00,long,london,12912.3,12890.01,12956.879999999997,12890.01,loss,-1.089726334679232
2022-08-01 03:15:00-04:00,2022-08-01 05:15:00-04:00,long,london,12926.8,12896.42142857143,12987.557142857138,12919.8,expired,-0.29626146249707913
2022-08-01 10:15:00-04:00,2022-08-01 12:15:00-04:00,long,am,12992.2,12834.542142857143,13307.515714285717,13009.3,expired,0.09577702166988113
2022-08-02 14:15:00-04:00,2022-08-02 16:05:00-04:00,long,pm,12945.5,12888.582142857142,13059.335714285717,12888.582142857142,loss,-1.0351383572817963
2022-08-03 03:10:00-04:00,2022-08-03 05:10:00-04:00,short,london,12905.9,12944.226428571428,12829.247142857143,12944.226428571428,loss,-1.0521833125221314
2022-08-03 10:10:00-04:00,2022-08-03 12:10:00-04:00,long,am,13133.5,12975.32,13449.86,13190.2,expired,0.34580857251233166
2022-08-03 14:25:00-04:00,2022-08-03 16:05:00-04:00,long,pm,13269.5,13237.054285714286,13334.391428571427,13237.054285714286,loss,-1.0616414230362816
2022-08-05 03:10:00-04:00,2022-08-05 04:40:00-04:00,short,london,13334.3,13347.31,13308.279999999999,13308.279999999999,win,1.8462720983858596
2022-08-05 10:25:00-04:00,2022-08-05 11:25:00-04:00,long,am,13259.7,13090.157142857142,13598.785714285717,13090.157142857142,loss,-1.0117964273677114
2022-08-08 03:15:00-04:00,2022-08-08 05:15:00-04:00,long,london,13271.7,13236.076428571429,13342.947142857145,13266.2,expired,-0.21053475828604212
2022-08-08 14:10:00-04:00,2022-08-08 16:10:00-04:00,short,pm,13164.5,13221.557142857142,13050.385714285716,13183.1,expired,-0.3610415623435269
2022-08-09 10:10:00-04:00,2022-08-09 12:10:00-04:00,short,am,12996.6,13101.498571428572,12786.802857142857,12983.9,expired,0.10200329570061531
2022-08-09 14:10:00-04:00,2022-08-09 16:10:00-04:00,long,pm,13007.6,12959.21,13104.380000000003,13037.6,expired,0.5786319487497269
2022-08-11 03:10:00-04:00,2022-08-11 03:45:00-04:00,short,london,13453.8,13468.713571428572,13423.972857142853,13423.972857142853,win,1.8658939604387328
2022-08-11 10:25:00-04:00,2022-08-11 11:05:00-04:00,long,am,13510.0,13439.825714285715,13650.34857142857,13439.825714285715,loss,-1.028500468221978
2022-08-12 03:10:00-04:00,2022-08-12 03:25:00-04:00,short,london,13335.3,13349.617142857143,13306.665714285711,13349.617142857143,loss,-1.1396926761125405
2022-08-16 14:20:00-04:00,2022-08-16 14:35:00-04:00,long,pm,13711.7,13652.420714285716,13830.25857142857,13652.420714285716,loss,-1.0337385981612468
2022-08-17 10:20:00-04:00,2022-08-17 12:20:00-04:00,short,am,13474.8,13548.627857142857,13327.144285714283,13444.8,expired,0.3792606352615587
2022-08-18 03:15:00-04:00,2022-08-18 03:25:00-04:00,long,london,13401.3,13389.249999999998,13425.400000000001,13425.400000000001,win,1.8340248962655752
2022-08-19 14:20:00-04:00,2022-08-19 15:30:00-04:00,short,pm,13240.2,13265.509285714286,13189.58142857143,13265.509285714286,loss,-1.0790223802669832
2022-08-23 03:15:00-04:00,2022-08-23 05:15:00-04:00,long,london,12867.6,12806.722857142857,12989.354285714287,12916.8,expired,0.7753320504998089
2022-08-23 10:20:00-04:00,2022-08-23 12:20:00-04:00,long,am,12963.1,12847.167857142857,13194.964285714288,12870.8,expired,-0.8134068574597234
2022-08-29 03:10:00-04:00,2022-08-29 03:20:00-04:00,long,london,12484.7,12446.777857142857,12560.544285714288,12446.777857142857,loss,-1.0527396357198007
2022-08-29 10:25:00-04:00,2022-08-29 10:50:00-04:00,long,am,12554.3,12466.246428571429,12730.40714285714,12466.246428571429,loss,-1.0227134455485705
2022-08-29 14:25:00-04:00,2022-08-29 16:25:00-04:00,short,pm,12529.1,12597.279285714287,12392.741428571428,12473.7,expired,0.7832290913662378
2022-08-31 10:10:00-04:00,2022-08-31 10:30:00-04:00,short,am,12455.5,12505.823571428571,12354.852857142858,12354.852857142858,win,1.9602571927384211
2022-09-05 03:15:00-04:00,2022-09-05 03:50:00-04:00,short,london,12111.9,12135.292857142857,12065.114285714286,12065.114285714286,win,1.9145038167938921
2022-09-05 10:15:00-04:00,2022-09-05 12:15:00-04:00,long,am,12129.6,12096.298571428571,12196.202857142858,12148.5,expired,0.5074857363476308
2022-09-06 10:25:00-04:00,2022-09-06 12:25:00-04:00,short,am,11986.1,12165.059285714286,11628.18142857143,12035.4,expired,-0.2866573801702669
2022-09-06 14:20:00-04:00,2022-09-06 16:20:00-04:00,long,pm,12035.9,11955.204285714284,12197.29142857143,12004.4,expired,-0.4151397666719717
2022-09-07 14:10:00-04:00,2022-09-07 16:10:00-04:00,long,pm,12223.0,12140.560000000001,12387.879999999997,12246.9,expired,0.2656477438136825
2022-09-09 10:10:00-04:00,2022-09-09 12:10:00-04:00,long,am,12513.3,12400.197142857143,12739.505714285711,12537.9,expired,0.19981811751629885
2022-09-12 10:05:00-04:00,2022-09-12 12:05:00-04:00,long,am,12725.7,12636.097142857143,12904.905714285716,12655.2,expired,-0.809125984503039
2022-09-12 14:10:00-04:00,2022-09-12 14:20:00-04:00,short,pm,12736.5,12752.542857142857,12704.414285714287,12704.414285714287,win,1.8753339269812952
2022-09-13 03:20:00-04:00,2022-09-13 03:45:00-04:00,short,london,12783.4,12809.769285714287,12730.661428571426,12809.769285714287,loss,-1.0758458162905944
2022-09-13 10:10:00-04:00,2022-09-13 12:10:00-04:00,short,am,12320.2,12433.531428571428,12093.537142857145,12239.2,expired,0.6970705390006605
2022-09-14 03:10:00-04:00,2022-09-14 05:10:00-04:00,long,london,12093.1,12029.492142857143,12220.315714285714,12104.8,expired,0.15249688380813797
2022-09-15 03:10:00-04:00,2022-09-15 04:45:00-04:00,long,london,12151.7,12135.165714285715,12184.768571428573,12135.165714285715,loss,-1.120960774148953
2022-09-15 14:10:00-04:00,2022-09-15 16:10:00-04:00,short,pm,11980.2,12080.527142857143,11779.545714285716,11947.1,expired,0.3099859032593421
2022-09-19 03:10:00-04:00,2022-09-19 05:10:00-04:00,short,london,11769.0,11796.430714285714,11714.138571428572,11757.6,expired,0.34268156133634176
2022-09-20 03:25:00-04:00,2022-09-20 03:40:00-04:00,long,london,11999.3,11968.304285714285,12061.291428571429,11968.304285714285,loss,-1.0645250495460192
2022-09-23 03:10:00-04:00,2022-09-23 05:10:00-04:00,short,london,11445.7,11491.644285714287,11353.81142857143,11398.9,expired,0.9750940580206059
2022-09-23 14:20:00-04:00,2022-09-23 15:40:00-04:00,short,pm,11212.9,11303.468571428572,11031.762857142856,11303.468571428572,loss,-1.022082715543077
2022-09-26 03:15:00-04:00,2022-09-26 05:15:00-04:00,long,london,11268.0,11191.185,11421.630000000001,11292.7,expired,0.2955151988543979
2022-09-26 10:25:00-04:00,2022-09-26 12:25:00-04:00,long,am,11451.6,11273.255000000001,11808.289999999999,11273.255000000001,loss,-1.0112142196304914
2022-09-26 14:25:00-04:00,2022-09-26 14:50:00-04:00,long,pm,11259.6,11225.63,11327.540000000003,11327.540000000003,win,1.9411245216367403
2022-09-27 10:10:00-04:00,2022-09-27 12:10:00-04:00,short,am,11382.6,11506.202142857142,11135.395714285716,11219.5,expired,1.3033754615904827
2022-09-29 03:10:00-04:00,2022-09-29 05:10:00-04:00,short,london,11357.3,11420.013571428572,11231.872857142855,11372.5,expired,-0.27426280481555226
2022-09-29 14:05:00-04:00,2022-09-29 15:35:00-04:00,short,pm,11068.7,11137.048571428571,10932.00285714286,11137.048571428571,loss,-1.0292617674107518
2022-09-30 03:15:00-04:00,2022-09-30 05:15:00-04:00,long,london,11241.7,11170.913571428571,11383.27285714286,11235.0,expired,-0.12290491518754462
2022-10-03 10:10:00-04:00,2022-10-03 12:10:00-04:00,long,am,11086.4,10976.662142857143,11305.875714285712,11150.7,expired,0.567716571309564
2022-10-03 14:25:00-04:00,2022-10-03 16:25:00-04:00,long,pm,11241.9,11180.675,11364.35,11251.4,expired,0.12249897917517281
2022-10-04 03:25:00-04:00,2022-10-04 05:25:00-04:00,long,london,11403.0,11355.207857142857,11498.584285714285,11436.5,expired,0.6591041563915203
2022-10-04 10:20:00-04:00,2022-10-04 12:20:00-04:00,long,am,11566.8,11434.074285714285,11832.251428571428,11557.4,expired,-0.085891419468719
2022-10-05 10:10:00-04:00,2022-10-05 12:10:00-04:00,short,am,11384.6,11479.37357142857,11195.05285714286,11445.8,expired,-0.6668525734268883
2022-10-06 03:05:00-04:00,2022-10-06 05:05:00-04:00,short,london,11581.2,11630.842857142858,11481.914285714287,11528.8,expired,1.0152517985611857
2022-10-06 10:15:00-04:00,2022-10-06 12:15:00-04:00,short,am,11518.2,11663.180714285714,11228.238571428574,11513.2,expired,0.020692407364526433
2022-10-07 03:15:00-04:00,2022-10-07 05:15:00-04:00,long,london,11450.9,11390.912142857143,11570.875714285712,11458.7,expired,0.09668623411882943
2022-10-10 10:25:00-04:00,2022-10-10 10:35:00-04:00,long,am,10960.0,10922.975714285714,11034.048571428571,10922.975714285714,loss,-1.054018597831539
2022-10-10 14:20:00-04:00,2022-10-10 16:20:00-04:00,short,pm,10940.0,11013.4,10793.2,10937.8,expired,0.0027247956403369
2022-10-11 03:15:00-04:00,2022-10-11 05:15:00-04:00,short,london,10869.4,10913.168571428572,10781.862857142854,10847.8,expired,0.4478099092630029
2022-10-11 10:10:00-04:00,2022-10-11 11:35:00-04:00,short,am,10783.0,10896.674285714285,10555.65142857143,10896.674285714285,loss,-1.0175941285879455
2022-10-12 10:25:00-04:00,2022-10-12 12:25:00-04:00,short,am,10816.5,10899.794285714284,10649.911428571431,10813.6,expired,0.01080506294377518
2022-10-13 03:10:00-04:00,2022-10-13 03:20:00-04:00,short,london,10786.6,10800.028571428571,10759.742857142859,10800.028571428571,loss,-1.1489361702127745
2022-10-14 10:25:00-04:00,2022-10-14 12:25:00-04:00,short,am,10887.8,11166.582142857142,10330.235714285714,10787.7,expired,0.35188767470758836
2022-10-14 14:25:00-04:00,2022-10-14 16:25:00-04:00,short,pm,10743.6,10807.449285714287,10615.901428571427,10703.2,expired,0.60141628164538
2022-10-17 03:10:00-04:00,2022-10-17 03:15:00-04:00,long,london,10812.9,10778.133571428572,10882.432857142854,10778.133571428572,loss,-1.0575267602161385
2022-10-18 03:25:00-04:00,2022-10-18 05:25:00-04:00,short,london,11259.1,11310.496428571429,11156.307142857144,11217.1,expired,0.778264192898344
2022-10-20 03:15:00-04:00,2022-10-20 05:15:00-04:00,short,london,11021.4,11060.796428571428,10942.607142857143,11027.2,expired,-0.19798748980149786
2022-10-20 10:25:00-04:00,2022-10-20 12:25:00-04:00,long,am,11264.3,11048.394285714287,11696.111428571425,11148.0,expired,-0.5479243585162842
2022-10-21 14:10:00-04:00,2022-10-21 16:10:00-04:00,long,pm,11252.9,11179.853571428572,11398.992857142855,11317.2,expired,0.8528822177675875
2022-10-28 14:25:00-04:00,2022-10-28 15:50:00-04:00,long,pm,11504.5,11477.3,11558.900000000001,11558.900000000001,win,1.9264705882352962
2022-11-01 03:20:00-04:00,2022-11-01 03:25:00-04:00,long,london,11490.2,11480.678571428572,11509.242857142857,11480.678571428572,loss,-1.2100525131282889
2022-11-01 10:15:00-04:00,2022-11-01 12:15:00-04:00,short,am,11383.9,11586.912857142857,10977.874285714284,11318.8,expired,0.3108177525702111
2022-11-02 03:25:00-04:00,2022-11-02 04:00:00-04:00,short,london,11310.4,11333.362857142858,11264.474285714283,11333.362857142858,loss,-1.087097175563016
2022-11-02 14:10:00-04:00,2022-11-02 14:50:00-04:00,long,pm,11341.8,11155.492857142857,11714.414285714283,11155.492857142857,loss,-1.0107349614691563
2022-11-04 10:05:00-04:00,2022-11-04 11:50:00-04:00,long,am,10790.4,10683.892142857143,11003.415714285713,10683.892142857143,loss,-1.0187779573606242
2022-11-07 03:25:00-05:00,2022-11-07 05:25:00-05:00,long,london,10825.6,10778.824285714287,10919.151428571427,10905.5,expired,1.6653941300430812
2022-11-07 14:25:00-05:00,2022-11-07 16:25:00-05:00,long,pm,10952.3,10871.304285714285,11114.291428571429,10989.5,expired,0.4345908954618477
2022-11-09 03:10:00-05:00,2022-11-09 04:05:00-05:00,long,london,11100.3,11060.169285714286,11180.561428571425,11060.169285714286,loss,-1.0498371393482029
2022-11-10 03:10:00-05:00,2022-11-10 05:10:00-05:00,long,london,10826.3,10806.952857142858,10864.994285714281,10819.7,expired,-0.44451007900757106
2022-11-10 10:05:00-05:00,2022-11-10 12:05:00-05:00,long,am,11394.7,11232.93357142857,11718.232857142862,11447.6,expired,0.31465119462363494
2022-11-11 03:15:00-05:00,2022-11-11 03:50:00-05:00,short,london,11706.2,11729.264285714287,11660.071428571428,11729.264285714287,loss,-1.086714152988538
2022-11-15 10:05:00-05:00,2022-11-15 11:00:00-05:00,long,am,11993.9,11932.44642857143,12116.80714285714,11932.44642857143,loss,-1.032544894519673
2022-11-17 14:25:00-05:00,2022-11-17 16:25:00-05:00,short,pm,11662.0,11747.214285714284,11491.571428571431,11696.8,expired,-0.4318524727577516
2022-11-18 10:15:00-05:00,2022-11-18 12:15:00-05:00,short,am,11682.2,11817.307142857142,11411.985714285718,11588.4,expired,0.6794607454401428
2022-11-18 14:10:00-05:00,2022-11-18 15:30:00-05:00,long,pm,11625.2,11596.537142857142,11682.525714285719,11682.525714285719,win,1.9302232854864483
2022-11-21 10:10:00-05:00,2022-11-21 12:10:00-05:00,short,am,11612.3,11676.785,11483.329999999998,11551.2,expired,0.9164922074900831
2022-11-23 03:10:00-05:00,2022-11-23 04:40:00-05:00,short,london,11734.2,11746.433571428572,11709.732857142859,11746.433571428572,loss,-1.1634845565481469
2022-11-23 14:10:00-05:00,2022-11-23 16:10:00-05:00,long,pm,11810.0,11739.640714285713,11950.718571428573,11848.6,expired,0.520187202420229
2022-11-25 03:05:00-05:00,2022-11-25 04:40:00-05:00,short,london,11880.5,11895.294285714286,11850.911428571428,11850.911428571428,win,1.8648126689841678
2022-11-29 14:10:00-05:00,2022-11-29 16:10:00-05:00,long,pm,11515.6,11458.635714285714,11629.528571428573,11490.4,expired,-0.4774921630094128
2022-12-02 10:20:00-05:00,2022-12-02 12:20:00-05:00,long,am,11904.3,11805.212142857143,12102.475714285712,11937.2,expired,0.31184446703143875
2022-12-02 14:15:00-05:00,2022-12-02 14:45:00-05:00,short,pm,11918.0,11931.571428571428,11890.857142857145,11931.571428571428,loss,-1.147368421052643
2022-12-05 03:10:00-05:00,2022-12-05 03:50:00-05:00,short,london,11949.9,11972.535,11904.63,11972.535,loss,-1.0883587364700675
2022-12-05 10:05:00-05:00,2022-12-05 12:05:00-05:00,short,am,11898.8,11961.305714285714,11773.78857142857,11835.5,expired,0.9807103350550589
2022-12-05 14:10:00-05:00,2022-12-05 16:10:00-05:00,short,pm,11787.9,11836.57142857143,11690.55714285714,11780.0,expired,0.12122101555619749
2022-12-07 10:10:00-05:00,2022-12-07 12:10:00-05:00,long,am,11492.4,11427.056428571428,11623.087142857143,11485.2,expired,-0.14079426328962794
2022-12-08 14:15:00-05:00,2022-12-08 16:15:00-05:00,short,pm,11601.6,11676.577142857144,11451.645714285713,11637.6,expired,-0.5068211264385265
2022-12-09 14:10:00-05:00,2022-12-09 15:35:00-05:00,short,pm,11650.7,11668.278571428573,11615.542857142857,11615.542857142857,win,1.8862251117431983
2022-12-13 10:10:00-05:00,2022-12-13 11:45:00-05:00,short,am,12104.8,12213.518571428573,11887.362857142853,11887.362857142853,win,1.9816038789535237
2022-12-14 10:15:00-05:00,2022-12-14 12:15:00-05:00,long,am,11912.4,11804.601428571428,12127.997142857143,11900.4,expired,-0.12987185093892045
2022-12-14 14:10:00-05:00,2022-12-14 16:10:00-05:00,short,pm,11798.0,11956.423571428571,11481.152857142857,11771.3,expired,0.15591114237149512
2022-12-15 03:25:00-05:00,2022-12-15 05:25:00-05:00,short,london,11625.3,11710.610714285714,11454.678571428569,11589.7,expired,0.3938543977895713
2022-12-20 10:10:00-05:00,2022-12-20 12:10:00-05:00,long,am,11057.2,10955.935,11259.730000000003,11079.9,expired,0.20441416086504377
2022-12-21 03:15:00-05:00,2022-12-21 04:00:00-05:00,short,london,11106.7,11137.855,11044.390000000003,11137.855,loss,-1.0641951532659308
2022-12-21 14:15:00-05:00,2022-12-21 15:05:00-05:00,long,pm,11265.3,11220.236428571428,11355.427142857141,11220.236428571428,loss,-1.0443817464217222
2022-12-22 03:25:00-05:00,2022-12-22 04:15:00-05:00,long,london,11262.4,11242.917857142858,11301.364285714282,11242.917857142858,loss,-1.1026581118240228
2022-12-22 14:20:00-05:00,2022-12-22 15:20:00-05:00,long,pm,10823.6,10765.5,10939.800000000001,10939.800000000001,win,1.9655765920826165
2022-12-28 03:05:00-05:00,2022-12-28 03:40:00-05:00,long,london,10846.6,10835.573571428571,10868.652857142859,10835.573571428571,loss,-1.1813823929519869
2022-12-30 10:25:00-05:00,2022-12-30 12:25:00-05:00,long,am,10834.8,10762.744285714285,10978.911428571428,10853.4,expired,0.2303772874164886
2022-12-30 14:10:00-05:00,2022-12-30 15:10:00-05:00,short,pm,10805.8,10852.555,10712.289999999997,10852.555,loss,-1.0427761736712642
2023-01-03 03:05:00-05:00,2023-01-03 04:00:00-05:00,long,london,10992.2,10956.897142857142,11062.805714285718,11062.805714285718,win,1.9433473616057
2023-01-06 14:05:00-05:00,2023-01-06 16:05:00-05:00,long,pm,10996.4,10941.254285714285,11106.691428571428,11031.7,expired,0.6038547225532547
2023-01-10 10:20:00-05:00,2023-01-10 10:40:00-05:00,long,am,11165.1,11062.982142857141,11369.335714285718,11062.982142857141,loss,-1.0195852131640608
2023-01-12 10:20:00-05:00,2023-01-12 12:20:00-05:00,long,am,11407.3,11237.950714285715,11745.998571428569,11458.5,expired,0.2905238117331528
2023-01-13 03:10:00-05:00,2023-01-13 05:10:00-05:00,short,london,11445.6,11461.635714285716,11413.52857142857,11461.635714285716,loss,-1.1247216035634642
2023-01-17 03:15:00-05:00,2023-01-17 05:15:00-05:00,long,london,11499.2,11474.255000000001,11549.09,11504.4,expired,0.12828222088590685
2023-01-17 10:25:00-05:00,2023-01-17 12:25:00-05:00,long,am,11594.7,11485.88,11812.340000000004,11534.9,expired,-0.5679103106046703
2023-01-18 03:15:00-05:00,2023-01-18 03:20:00-05:00,long,london,11588.7,11575.817142857144,11614.465714285714,11575.817142857144,loss,-1.155245065424712
2023-01-18 10:10:00-05:00,2023-01-18 10:35:00-05:00,long,am,11664.9,11610.065714285714,11774.56857142857,11610.065714285714,loss,-1.0364735306377661
2023-01-23 03:15:00-05:00,2023-01-23 03:30:00-05:00,long,london,11638.1,11614.33142857143,11685.637142857142,11614.33142857143,loss,-1.0841447289337682
2023-01-24 03:05:00-05:00,2023-01-24 03:50:00-05:00,long,london,11861.7,11855.064285714287,11874.971428571429,11874.971428571429,win,1.6986006458557519
2023-01-24 10:10:00-05:00,2023-01-24 12:10:00-05:00,short,am,11847.0,11903.3,11734.400000000001,11878.7,expired,-0.5985790408525962
2023-01-24 14:10:00-05:00,2023-01-24 16:00:00-05:00,short,pm,11848.8,11888.185714285713,11770.028571428571,11888.185714285713,loss,-1.050779833151977
2023-01-25 14:25:00-05:00,2023-01-25 16:25:00-05:00,long,pm,11790.0,11740.56,11888.880000000001,11810.3,expired,0.3701456310679426
2023-01-30 03:15:00-05:00,2023-01-30 05:15:00-05:00,short,london,12069.4,12110.499285714286,11987.201428571427,12016.6,expired,1.2360312136115974
2023-02-01 14:15:00-05:00,2023-02-01 14:30:00-05:00,long,pm,12113.9,12017.947857142857,12305.804285714285,12017.947857142857,loss,-1.0208437241779758
2023-02-07 03:15:00-05:00,2023-02-07 04:10:00-05:00,short,london,12463.7,12518.937857142857,12353.224285714288,12518.937857142857,loss,-1.0362070526166067
2023-02-10 03:20:00-05:00,2023-02-10 04:15:00-05:00,long,london,12392.3,12361.505000000001,12453.889999999996,12361.505000000001,loss,-1.064945608053259
2023-02-13 10:05:00-05:00,2023-02-13 12:05:00-05:00,long,am,12400.4,12315.150714285715,12570.898571428568,12501.4,expired,1.1613000527863857
2023-02-14 03:25:00-05:00,2023-02-14 04:00:00-05:00,short,london,12500.3,12524.37357142857,12452.152857142857,12524.37357142857,loss,-1.0830786576862605
2023-02-14 10:15:00-05:00,2023-02-14 12:15:00-05:00,long,am,12586.4,12348.360714285714,13062.47857142857,12461.0,expired,-0.5352057733567386
2023-02-15 14:15:00-05:00,2023-02-15 16:15:00-05:00,long,pm,12658.6,12599.469285714285,12776.86142857143,12703.7,expired,0.728893613423044
2023-02-16 03:15:00-05:00,2023-02-16 05:15:00-05:00,short,london,12719.4,12751.678571428572,12654.842857142854,12694.9,expired,0.6970568709891266
2023-02-17 03:10:00-05:00,2023-02-17 03:35:00-05:00,short,london,12355.9,12379.845714285715,12308.008571428569,12308.008571428569,win,1.9164777472855308
2023-02-17 14:10:00-05:00,2023-02-17 14:50:00-05:00,long,pm,12275.7,12241.500714285714,12344.098571428574,12344.098571428574,win,1.9415192464337203
2023-02-20 03:20:00-05:00,2023-02-20 05:20:00-05:00,short,london,12345.5,12364.29,12307.919999999998,12333.5,expired,0.5321979776476602
2023-02-20 10:20:00-05:00,2023-02-20 12:20:00-05:00,short,am,12346.3,12370.990000000002,12296.919999999995,12337.4,expired,0.2794653705953417
2023-02-21 03:25:00-05:00,2023-02-21 03:45:00-05:00,short,london,12275.3,12308.862857142858,12208.174285714282,12208.174285714282,win,1.9404103175278824
2023-02-22 10:20:00-05:00,2023-02-22 12:20:00-05:00,short,am,12052.0,12150.842857142858,11854.314285714285,12094.7,expired,-0.45223298164475156
2023-02-23 03:25:00-05:00,2023-02-23 04:20:00-05:00,long,london,12168.3,12146.68,12211.539999999997,12146.68,loss,-1.0925069380203558
2023-02-23 10:15:00-05:00,2023-02-23 11:40:00-05:00,short,am,12163.1,12236.520714285714,12016.258571428572,12016.258571428572,win,1.9727597310996312
2023-02-24 03:25:00-05:00,2023-02-24 05:20:00-05:00,short,london,12119.7,12136.898571428572,12085.302857142859,12085.302857142859,win,1.883711271700305
2023-02-27 03:10:00-05:00,2023-02-27 05:10:00-05:00,long,london,12029.0,11999.557857142858,12087.884285714284,12054.3,expired,0.7913826148135487
2023-02-27 14:15:00-05:00,2023-02-27 14:40:00-05:00,long,pm,12094.9,12070.147142857142,12144.405714285715,12070.147142857142,loss,-1.080798753390661
2023-02-28 03:05:00-05:00,2023-02-28 05:05:00-05:00,short,london,12023.8,12071.421428571428,11928.557142857142,12048.9,expired,-0.5690715464226859
2023-02-28 10:10:00-05:00,2023-02-28 12:10:00-05:00,long,am,12071.3,12018.122142857144,12177.65571428571,12090.3,expired,0.31968192991176503
2023-03-01 10:20:00-05:00,2023-03-01 12:20:00-05:00,short,am,11960.2,12060.485714285714,11759.628571428573,11989.4,expired,-0.31111111111110185
2023-03-02 03:10:00-05:00,2023-03-02 03:50:00-05:00,short,london,11824.0,11863.205714285714,11745.588571428572,11863.205714285714,loss,-1.0510129718699903
2023-03-02 14:10:00-05:00,2023-03-02 16:10:00-05:00,long,pm,11989.2,11891.007142857143,12185.585714285717,12030.9,expired,0.40430639412233943
2023-03-03 03:10:00-05:00,2023-03-03 03:45:00-05:00,long,london,12019.5,12000.914999999999,12056.670000000002,12056.670000000002,win,1.8923863330643047
2023-03-03 10:10:00-05:00,2023-03-03 10:25:00-05:00,short,am,12176.7,12198.0,12134.100000000002,12198.0,loss,-1.0938967136150266
2023-03-07 10:20:00-05:00,2023-03-07 12:20:00-05:00,short,am,12225.2,12352.541428571429,11970.517142857145,12266.9,expired,-0.3431719000661818
2023-03-09 14:10:00-05:00,2023-03-09 16:10:00-05:00,short,pm,12091.3,12226.471428571429,11820.95714285714,11982.5,expired,0.7901077996195187
2023-03-10 10:15:00-05:00,2023-03-10 11:30:00-05:00,long,am,11924.6,11857.059285714286,12059.68142857143,12059.68142857143,win,1.9703882314371228
2023-03-10 14:15:00-05:00,2023-03-10 14:45:00-05:00,long,pm,11818.9,11785.460714285713,11885.778571428573,11885.778571428573,win,1.9401901100074779
2023-03-14 03:05:00-04:00,2023-03-14 05:05:00-04:00,long,london,11968.3,11922.002857142856,12060.894285714287,11970.7,expired,0.00863984201434874
2023-03-16 10:05:00-04:00,2023-03-16 10:50:00-04:00,long,am,12246.1,12183.072857142857,12372.154285714287,12372.154285714287,win,1.96826763979238
2023-03-17 03:05:00-04:00,2023-03-17 04:50:00-04:00,long,london,12619.0,12599.587857142857,12657.824285714287,12599.587857142857,loss,-1.103028295985573
2023-03-17 10:10:00-04:00,2023-03-17 10:25:00-04:00,long,am,12627.3,12561.46,12758.98,12561.46,loss,-1.0303766707168893
2023-03-22 03:15:00-04:00,2023-03-22 04:00:00-04:00,short,london,12738.1,12754.502142857144,12705.295714285714,12705.295714285714,win,1.8780647127988528
2023-03-22 14:10:00-04:00,2023-03-22 14:45:00-04:00,long,pm,12816.1,12752.284285714284,12943.731428571433,12943.731428571433,win,1.9686597568892579
2023-03-24 03:15:00-04:00,2023-03-24 03:30:00-04:00,short,london,12747.1,12761.827857142858,12717.644285714285,12761.827857142858,loss,-1.135797080362766
2023-03-27 03:15:00-04:00,2023-03-27 05:15:00-04:00,short,london,12805.9,12846.381428571427,12724.937142857145,12792.0,expired,0.29396195786427604
2023-03-27 14:10:00-04:00,2023-03-27 14:20:00-04:00,short,pm,12702.3,12722.004285714285,12662.891428571427,12722.004285714285,loss,-1.101500761255708
2023-03-29 03:10:00-04:00,2023-03-29 05:10:00-04:00,long,london,12719.9,12690.733571428571,12778.232857142857,12736.4,expired,0.4971469154850222
2023-03-30 10:20:00-04:00,2023-03-30 10:25:00-04:00,short,am,12967.0,12985.314285714287,12930.371428571427,12985.314285714287,loss,-1.1092043681747217
2023-03-30 14:10:00-04:00,2023-03-30 16:10:00-04:00,long,pm,12926.7,12897.617857142857,12984.864285714288,12977.0,expired,1.6608129681934798
2023-03-31 14:15:00-04:00,2023-03-31 15:20:00-04:00,long,pm,13120.2,13093.537142857143,13173.525714285715,13173.525714285715,win,1.9249892841834553
2023-04-05 14:10:00-04:00,2023-04-05 16:10:00-04:00,long,pm,12956.5,12915.626428571428,13038.247142857144,12974.0,expired,0.37921814654945746
2023-04-06 10:15:00-04:00,2023-04-06 12:15:00-04:00,long,am,12919.2,12849.26857142857,13059.06285714286,13025.2,expired,1.487171106389904
2023-04-10 03:05:00-04:00,2023-04-10 03:50:00-04:00,short,london,13010.7,13024.394285714285,12983.311428571433,13024.394285714285,loss,-1.1460463175464404
2023-04-17 10:25:00-04:00,2023-04-17 10:35:00-04:00,long,am,13056.8,13031.671428571428,13107.057142857142,13031.671428571428,loss,-1.0795906765207506
2023-04-18 10:15:00-04:00,2023-04-18 12:15:00-04:00,short,am,13131.2,13204.057857142858,12985.484285714287,13093.8,expired,0.4858775894354185
2023-04-18 14:10:00-04:00,2023-04-18 14:45:00-04:00,short,pm,13088.3,13106.119285714285,13052.661428571428,13052.661428571428,win,1.887762055557783
2023-04-19 03:25:00-04:00,2023-04-19 04:10:00-04:00,long,london,13037.4,13016.566428571428,13079.067142857142,13016.566428571428,loss,-1.0959989028696822
2023-04-20 03:10:00-04:00,2023-04-20 03:25:00-04:00,short,london,13034.4,13046.21,13010.78,13010.78,win,1.830651989839112
2023-04-20 10:15:00-04:00,2023-04-20 12:15:00-04:00,long,am,13045.4,12952.81142857143,13230.57714285714,13046.8,expired,-0.006480281429368925
2023-04-21 10:05:00-04:00,2023-04-21 10:25:00-04:00,short,am,12923.3,12990.279285714285,12789.341428571428,12990.279285714285,loss,-1.0298599780315876
2023-04-24 10:10:00-04:00,2023-04-24 11:25:00-04:00,short,am,13006.6,13052.25857142857,12915.28285714286,12915.28285714286,win,1.956196614624072
2023-04-26 03:10:00-04:00,2023-04-26 05:10:00-04:00,short,london,12888.1,12905.180714285714,12853.938571428573,12889.4,expired,-0.1932003512733284
2023-04-26 10:25:00-04:00,2023-04-26 11:05:00-04:00,short,am,12838.2,12889.058571428572,12736.482857142859,12889.058571428572,loss,-1.0393247380691557
2023-04-27 10:20:00-04:00,2023-04-27 12:20:00-04:00,long,am,12996.2,12932.73142857143,13123.137142857144,13081.3,expired,1.309309444494438
2023-04-28 03:20:00-04:00,2023-04-28 05:20:00-04:00,short,london,13123.3,13142.640000000001,13084.619999999995,13121.7,expired,-0.020682523267911812
2023-05-05 03:15:00-04:00,2023-05-05 04:50:00-04:00,short,london,13025.7,13045.975714285714,12985.148571428574,13045.975714285714,loss,-1.0986401747340273
2023-05-05 14:10:00-04:00,2023-05-05 16:10:00-04:00,long,pm,13235.2,13204.887142857144,13295.825714285715,13247.2,expired,0.32989302040624174
2023-05-08 03:25:00-04:00,2023-05-08 04:00:00-04:00,long,london,13260.8,13250.20357142857,13281.992857142857,13250.20357142857,loss,-1.1887428378833764
2023-05-08 14:15:00-04:00,2023-05-08 14:45:00-04:00,short,pm,13267.5,13295.81357142857,13210.872857142858,13295.81357142857,loss,-1.0706375034688074
2023-05-09 10:05:00-04:00,2023-05-09 11:10:00-04:00,long,am,13232.5,13209.560000000001,13278.379999999997,13209.560000000001,loss,-1.087183958151705
2023-05-10 10:15:00-04:00,2023-05-10 10:45:00-04:00,long,am,13324.9,13262.585714285713,13449.528571428573,13262.585714285713,loss,-1.0320953690967443
2023-05-10 14:20:00-04:00,2023-05-10 16:20:00-04:00,long,pm,13287.9,13204.094285714285,13455.511428571428,13353.6,expired,0.7600913677894544
2023-05-11 03:10:00-04:00,2023-05-11 05:10:00-04:00,long,london,13378.1,13361.545714285714,13411.208571428573,13391.9,expired,0.7128063513979254
2023-05-12 10:10:00-04:00,2023-05-12 12:10:00-04:00,short,am,13365.2,13432.157857142856,13231.28428571429,13316.1,expired,0.70342752904281
2023-05-15 10:15:00-04:00,2023-05-15 11:20:00-04:00,short,am,13314.2,13381.898571428572,13178.802857142859,13381.898571428572,loss,-1.0295427208845935
2023-05-15 14:05:00-04:00,2023-05-15 16:05:00-04:00,long,pm,13400.4,13367.020714285714,13467.15857142857,13417.3,expired,0.44638462690718705
2023-05-18 03:20:00-04:00,2023-05-18 05:20:00-04:00,long,london,13596.7,13581.177142857143,13627.745714285717,13613.0,expired,0.921222160868673
2023-05-18 10:15:00-04:00,2023-05-18 12:15:00-04:00,long,am,13677.3,13594.132857142857,13843.634285714284,13743.7,expired,0.7743442637030619
2023-05-19 10:25:00-04:00,2023-05-19 11:15:00-04:00,long,am,13850.6,13810.123571428572,13931.552857142857,13810.123571428572,loss,-1.049411474050153
2023-05-19 14:25:00-04:00,2023-05-19 15:50:00-04:00,long,pm,13781.2,13765.102857142858,13813.394285714287,13813.394285714287,win,1.8757543485977994
2023-05-22 03:15:00-04:00,2023-05-22 03:55:00-04:00,long,london,13817.7,13810.478571428572,13832.142857142859,13832.142857142859,win,1.7230464886251395
2023-05-22 10:15:00-04:00,2023-05-22 12:15:00-04:00,short,am,13876.6,13907.206428571428,13815.387142857146,13862.4,expired,0.3986090690564933
2023-05-24 03:10:00-04:00,2023-05-24 03:15:00-04:00,short,london,13684.1,13692.678571428572,13666.942857142856,13666.942857142856,win,1.7668609492090108
2023-05-24 10:10:00-04:00,2023-05-24 12:10:00-04:00,short,am,13577.3,13636.65857142857,13458.582857142857,13573.1,expired,0.03706288657310892
2023-05-26 03:10:00-04:00,2023-05-26 03:35:00-04:00,short,london,13945.0,13956.435714285715,13922.12857142857,13922.12857142857,win,1.8251093066833373
2023-06-01 03:20:00-04:00,2023-06-01 04:20:00-04:00,long,london,14275.9,14251.265714285715,14325.168571428569,14251.265714285715,loss,-1.0811876594757637
2023-06-02 14:20:00-04:00,2023-06-02 16:20:00-04:00,short,pm,14550.5,14578.847142857143,14493.805714285714,14556.7,expired,-0.2892707755883939
2023-06-05 10:10:00-04:00,2023-06-05 12:10:00-04:00,long,am,14586.4,14532.505714285713,14694.188571428573,14662.4,expired,1.3730583682340884
2023-06-05 14:05:00-04:00,2023-06-05 14:10:00-04:00,long,pm,14602.3,14586.699999999999,14633.5,14586.699999999999,loss,-1.1282051282051253
2023-06-07 14:10:00-04:00,2023-06-07 15:25:00-04:00,long,pm,14356.1,14320.655714285713,14426.988571428576,14320.655714285713,loss,-1.0564265849824643
2023-06-09 03:25:00-04:00,2023-06-09 04:50:00-04:00,short,london,14467.9,14487.605,14428.49,14487.605,loss,-1.101497081958894
2023-06-14 03:25:00-04:00,2023-06-14 05:25:00-04:00,long,london,14944.9,14901.907142857142,15030.885714285714,14955.3,expired,0.19538129257350828
2023-06-14 14:10:00-04:00,2023-06-14 14:45:00-04:00,short,pm,14876.9,14980.212142857143,14670.275714285714,14980.212142857143,loss,-1.0193588086036076
2023-06-15 03:15:00-04:00,2023-06-15 03:45:00-04:00,short,london,14987.1,15004.230000000001,14952.839999999998,15004.230000000001,loss,-1.1167542323409154
2023-06-15 10:15:00-04:00,2023-06-15 12:15:00-04:00,long,am,15052.5,14935.044285714286,15287.411428571428,15117.3,expired,0.5346696019168278
2023-06-16 03:15:00-04:00,2023-06-16 04:20:00-04:00,short,london,15180.9,15203.975714285714,15134.74857142857,15203.975714285714,loss,-1.0866712065870103
2023-06-20 10:10:00-04:00,2023-06-20 12:10:00-04:00,short,am,15075.1,15146.024285714286,14933.25142857143,15031.6,expired,0.5851310250367624
2023-06-21 03:10:00-04:00,2023-06-21 03:25:00-04:00,short,london,15065.7,15077.485,15042.130000000001,15077.485,loss,-1.1697072549851528
2023-06-21 10:15:00-04:00,2023-06-21 12:15:00-04:00,short,am,14957.4,15054.675714285715,14762.848571428569,14912.1,expired,0.4451265181442902
2023-06-22 10:20:00-04:00,2023-06-22 12:20:00-04:00,long,am,14957.5,14800.072142857141,15272.355714285717,14973.9,expired,0.09147046946673673
2023-06-23 03:20:00-04:00,2023-06-23 03:30:00-04:00,long,london,15001.6,14976.900000000001,15050.999999999998,14976.900000000001,loss,-1.080971659919032
2023-06-23 10:15:00-04:00,2023-06-23 12:15:00-04:00,long,am,14880.2,14821.182142857144,14998.235714285714,14940.5,expired,0.9878366111951509
2023-06-23 14:15:00-04:00,2023-06-23 16:15:00-04:00,short,pm,14950.5,14994.217142857144,14863.065714285713,14894.0,expired,1.2466505457159422
2023-06-26 03:25:00-04:00,2023-06-26 05:25:00-04:00,short,london,14881.9,14926.052857142859,14793.594285714282,14869.4,expired,0.23781020480796272
2023-06-27 03:25:00-04:00,2023-06-27 04:40:00-04:00,long,london,14757.6,14749.272857142858,14774.254285714285,14749.272857142858,loss,-1.2401784182535711
2023-06-27 10:20:00-04:00,2023-06-27 11:25:00-04:00,short,am,14778.3,14830.335000000001,14674.229999999996,14830.335000000001,loss,-1.0384356683001814
2023-06-27 14:25:00-04:00,2023-06-27 16:25:00-04:00,long,pm,14965.5,14917.358571428573,15061.782857142854,14940.1,expired,-0.569156354787984
2023-06-28 03:20:00-04:00,2023-06-28 04:20:00-04:00,long,london,14912.0,14896.034285714284,14943.931428571432,14896.034285714284,loss,-1.1252684323550342
2023-06-29 10:15:00-04:00,2023-06-29 12:15:00-04:00,short,am,14922.2,15000.60357142857,14765.392857142862,14960.4,expired,-0.5127317450917876
2023-06-29 14:15:00-04:00,2023-06-29 15:50:00-04:00,short,pm,14914.4,14958.09857142857,14827.002857142857,14958.09857142857,loss,-1.0457680865670669
2023-07-05 03:25:00-04:00,2023-07-05 05:15:00-04:00,long,london,15162.7,15148.342857142858,15191.414285714287,15148.342857142858,loss,-1.1393034825870623
2023-07-05 14:25:00-04:00,2023-07-05 14:50:00-04:00,short,pm,15207.4,15245.017857142857,15132.164285714285,15245.017857142857,loss,-1.0531662394379568
2023-07-06 03:25:00-04:00,2023-07-06 04:45:00-04:00,short,london,15145.9,15164.56642857143,15108.567142857139,15164.56642857143,loss,-1.1071442237783533
2023-07-07 03:15:00-04:00,2023-07-07 05:10:00-04:00,short,london,15067.2,15088.400000000001,15024.8,15088.400000000001,loss,-1.094339622641506
2023-07-07 14:05:00-04:00,2023-07-07 15:15:00-04:00,short,pm,15195.0,15224.504285714285,15135.99142857143,15135.99142857143,win,1.932213237786277
2023-07-10 10:15:00-04:00,2023-07-10 12:00:00-04:00,long,am,15028.8,14951.970714285713,15182.458571428571,14951.970714285713,loss,-1.026031740128857
2023-07-11 10:10:00-04:00,2023-07-11 11:55:00-04:00,short,am,15005.0,15106.715714285714,14801.568571428572,15106.715714285714,loss,-1.0196626451875677
2023-07-12 14:20:00-04:00,2023-07-12 15:25:00-04:00,long,pm,15337.5,15299.362142857144,15413.775714285712,15299.362142857144,loss,-1.052441331260654
2023-07-13 03:20:00-04:00,2023-07-13 04:20:00-04:00,long,london,15385.7,15372.144285714285,15412.811428571433,15412.811428571433,win,1.8524607440194099
2023-07-13 14:25:00-04:00,2023-07-13 15:05:00-04:00,long,pm,15542.9,15528.347142857143,15572.005714285713,15572.005714285713,win,1.8625699420830433
2023-07-14 10:25:00-04:00,2023-07-14 12:25:00-04:00,long,am,15693.6,15577.724285714285,15925.351428571432,15649.7,expired,-0.3961140630971527
2023-07-20 10:10:00-04:00,2023-07-20 12:10:00-04:00,short,am,15709.3,15783.825714285715,15560.248571428569,15658.9,expired,0.6494402698972408
2023-07-24 03:25:00-04:00,2023-07-24 05:25:00-04:00,long,london,15471.9,15428.053571428572,15559.592857142854,15486.9,expired,0.29648937036736306
2023-07-27 03:25:00-04:00,2023-07-27 04:25:00-04:00,long,london,15644.5,15615.207857142857,15703.084285714285,15703.084285714285,win,1.9317223048599081
2023-07-27 10:15:00-04:00,2023-07-27 12:15:00-04:00,short,am,15755.5,15812.262142857144,15641.975714285712,15731.9,expired,0.38053531654649125
2023-07-28 14:10:00-04:00,2023-07-28 16:10:00-04:00,long,pm,15738.9,15681.189999999999,15854.320000000002,15746.9,expired,0.10396811644428872
2023-07-31 03:15:00-04:00,2023-07-31 03:45:00-04:00,short,london,15746.3,15758.265,15722.369999999999,15722.369999999999,win,1.8328458002507333
2023-07-31 10:05:00-04:00,2023-07-31 12:05:00-04:00,short,am,15765.5,15820.894285714287,15654.711428571427,15763.3,expired,0.0036104807097304334
2023-08-01 03:15:00-04:00,2023-08-01 05:15:00-04:00,short,london,15744.2,15771.635714285714,15689.328571428574,15718.2,expired,0.874772194740981
2023-08-01 10:25:00-04:00,2023-08-01 10:40:00-04:00,short,am,15696.1,15733.604285714286,15621.09142857143,15733.604285714286,loss,-1.0533272387917578
2023-08-02 10:20:00-04:00,2023-08-02 12:20:00-04:00,short,am,15473.6,15596.807142857144,15227.185714285713,15344.3,expired,1.0332193170618624
2023-08-03 14:25:00-04:00,2023-08-03 15:10:00-04:00,long,pm,15387.2,15360.023571428572,15441.552857142859,15360.023571428572,loss,-1.0735931873735107
2023-08-04 10:10:00-04:00,2023-08-04 12:10:00-04:00,short,am,15354.5,15509.81,15043.880000000001,15493.0,expired,-0.9046423282467353
2023-08-04 14:10:00-04:00,2023-08-04 16:10:00-04:00,short,pm,15401.7,15503.100714285714,15198.898571428574,15293.5,expired,1.0473299004656356
2023-08-07 03:25:00-04:00,2023-08-07 05:25:00-04:00,long,london,15375.8,15331.804285714286,15463.791428571425,15356.8,expired,-0.47731921940450256
2023-08-07 14:05:00-04:00,2023-08-07 16:05:00-04:00,long,pm,15372.9,15337.252857142856,15444.194285714288,15415.5,expired,1.1389412094737847
2023-08-08 03:10:00-04:00,2023-08-08 04:00:00-04:00,long,london,15345.8,15333.136428571428,15371.127142857142,15371.127142857142,win,1.8420666704269815
2023-08-08 10:25:00-04:00,2023-08-08 12:25:00-04:00,short,am,15216.2,15315.509999999998,15017.580000000005,15198.6,expired,0.15708387876347527
2023-08-08 14:25:00-04:00,2023-08-08 16:25:00-04:00,long,pm,15237.1,15193.641428571429,15324.017142857143,15279.3,expired,0.925018901416762
2023-08-09 03:20:00-04:00,2023-08-09 05:20:00-04:00,short,london,15335.6,15365.517857142857,15275.764285714287,15346.7,expired,-0.4378655843380898
2023-08-10 03:25:00-04:00,2023-08-10 05:25:00-04:00,long,london,15215.0,15172.065714285714,15300.868571428571,15205.7,expired,-0.2631929194117094
2023-08-10 10:05:00-04:00,2023-08-10 11:20:00-04:00,long,am,15354.4,15202.792142857143,15657.615714285714,15202.792142857143,loss,-1.0131919284243656
2023-08-11 10:10:00-04:00,2023-08-11 11:30:00-04:00,long,am,15031.2,14981.807142857144,15129.985714285714,14981.807142857144,loss,-1.0404916847433119
2023-08-15 10:20:00-04:00,2023-08-15 12:20:00-04:00,short,am,15087.7,15202.272142857144,14858.555714285714,15130.2,expired,-0.3884015685687731
2023-08-16 14:15:00-04:00,2023-08-16 14:20:00-04:00,short,pm,14978.4,15007.642142857143,14919.915714285713,15007.642142857143,loss,-1.0683944405090489
2023-08-17 03:10:00-04:00,2023-08-17 05:10:00-04:00,long,london,14899.2,14864.70642857143,14968.187142857143,14907.3,expired,0.17684454660284585
2023-08-17 14:25:00-04:00,2023-08-17 16:20:00-04:00,short,pm,14799.5,14856.699285714287,14685.101428571426,14685.101428571426,win,1.9650345284032025
2023-08-21 03:20:00-04:00,2023-08-21 03:55:00-04:00,long,london,14708.3,14681.365714285716,14762.168571428567,14762.168571428567,win,1.9257451999575632
2023-08-21 10:10:00-04:00,2023-08-21 11:15:00-04:00,long,am,14844.1,14742.92,15046.460000000001,14742.92,loss,-1.0197667523225933
2023-08-22 03:15:00-04:00,2023-08-22 05:15:00-04:00,long,london,14969.0,14938.937857142857,15029.124285714286,14999.5,expired,0.9480362107063881
2023-08-23 14:25:00-04:00,2023-08-23 16:20:00-04:00,short,pm,15169.2,15198.264285714286,15111.071428571431,15198.264285714286,loss,-1.0688129761612213
2023-08-24 03:10:00-04:00,2023-08-24 03:15:00-04:00,long,london,15343.7,15328.324285714285,15374.451428571432,15328.324285714285,loss,-1.1300752578277309
2023-08-28 03:25:00-04:00,2023-08-28 03:45:00-04:00,long,london,14969.5,14949.677857142857,15009.144285714287,14949.677857142857,loss,-1.1008972649634228
2023-08-29 10:10:00-04:00,2023-08-29 12:10:00-04:00,long,am,15192.9,15024.691428571428,15529.317142857142,15330.0,expired,0.8031695344215543
2023-09-06 03:25:00-04:00,2023-09-06 05:25:00-04:00,short,london,15451.0,15490.092857142858,15372.814285714285,15452.2,expired,-0.08185638589440827
2023-09-06 10:15:00-04:00,2023-09-06 12:15:00-04:00,short,am,15410.2,15497.113571428572,15236.372857142858,15337.5,expired,0.8134517870791282
2023-09-08 14:20:00-04:00,2023-09-08 16:20:00-04:00,short,pm,15286.0,15338.848571428573,15180.302857142855,15317.0,expired,-0.6244255825268832
2023-09-12 03:20:00-04:00,2023-09-12 05:20:00-04:00,short,london,15463.1,15491.049285714287,15407.201428571427,15436.5,expired,0.880165606072201
2023-09-13 14:10:00-04:00,2023-09-13 14:50:00-04:00,short,pm,15408.1,15433.765,15356.770000000002,15356.770000000002,win,1.9220728618741447
2023-09-14 03:10:00-04:00,2023-09-14 05:10:00-04:00,short,london,15421.2,15443.343571428572,15376.91285714286,15419.9,expired,-0.03161188348758105
2023-09-19 10:10:00-04:00,2023-09-19 12:10:00-04:00,short,am,15114.9,15200.069285714286,14944.561428571427,15105.8,expired,0.08336338552630859
2023-09-20 14:20:00-04:00,2023-09-20 14:30:00-04:00,short,pm,15165.8,15213.249285714286,15070.901428571426,15213.249285714286,loss,-1.0421502656972095
2023-09-22 14:20:00-04:00,2023-09-22 15:20:00-04:00,short,pm,14726.8,14802.157142857144,14576.08571428571,14802.157142857144,loss,-1.0265402843601887
2023-09-25 03:20:00-04:00,2023-09-25 04:15:00-04:00,long,london,14767.6,14742.905,14816.99,14742.905,loss,-1.0809880542619974
2023-09-26 03:20:00-04:00,2023-09-26 03:40:00-04:00,short,london,14652.4,14682.17142857143,14592.85714285714,14682.17142857143,loss,-1.0671785028790752
2023-09-26 10:20:00-04:00,2023-09-26 12:20:00-04:00,short,am,14587.9,14688.656428571428,14386.387142857142,14614.9,expired,-0.28782282590972497
2023-09-27 10:20:00-04:00,2023-09-27 12:20:00-04:00,short,am,14596.4,14654.76857142857,14479.662857142857,14494.9,expired,1.7046845171080405
2023-09-28 03:25:00-04:00,2023-09-28 04:00:00-04:00,long,london,14594.6,14575.032142857142,14633.735714285716,14575.032142857142,loss,-1.1022084321956518
2023-09-28 14:20:00-04:00,2023-09-28 14:35:00-04:00,long,pm,14715.4,14676.846428571429,14792.507142857141,14676.846428571429,loss,-1.0518758684576204
2023-10-02 10:10:00-04:00,2023-10-02 12:10:00-04:00,long,am,14784.1,14682.945000000002,14986.409999999998,14774.0,expired,-0.11961840739459743
2023-10-03 10:10:00-04:00,2023-10-03 12:10:00-04:00,short,am,14717.3,14831.960714285713,14487.978571428572,14608.4,expired,0.9323158386544163
2023-10-04 10:10:00-04:00,2023-10-04 10:40:00-04:00,short,am,14645.5,14696.708571428571,14543.082857142857,14696.708571428571,loss,-1.0390559616135693
2023-10-05 10:15:00-04:00,2023-10-05 12:15:00-04:00,short,am,14654.5,14790.02142857143,14383.45714285714,14668.0,expired,-0.11437305644863627
2023-10-06 03:10:00-04:00,2023-10-06 05:10:00-04:00,long,london,14723.6,14703.884285714284,14763.031428571432,14741.6,expired,0.8115353959857328
2023-10-06 10:20:00-04:00,2023-10-06 10:45:00-04:00,long,am,14626.6,14561.782857142858,14756.234285714285,14756.234285714285,win,1.969143965441241
2023-10-09 10:10:00-04:00,2023-10-09 12:10:00-04:00,short,am,14900.7,14940.082142857143,14821.935714285715,14926.4,expired,-0.7033644690305355
2023-10-10 10:10:00-04:00,2023-10-10 11:30:00-04:00,long,am,15112.8,15050.497142857144,15237.40571428571,15237.40571428571,win,1.9678987434651003
2023-10-12 10:15:00-04:00,2023-10-12 12:15:00-04:00,long,am,15297.6,15239.971428571429,15412.857142857143,15325.0,expired,0.4407535944471929
2023-10-12 14:20:00-04:00,2023-10-12 16:20:00-04:00,short,pm,15133.7,15212.735714285714,14975.628571428573,15197.7,expired,-0.8350655219159567
2023-10-13 03:25:00-04:00,2023-10-13 04:40:00-04:00,short,london,15206.1,15219.372142857143,15179.555714285716,15179.555714285716,win,1.8493084333458831
2023-10-17 03:15:00-04:00,2023-10-17 04:35:00-04:00,long,london,15170.0,15144.384285714286,15221.231428571427,15144.384285714286,loss,-1.0780770732251426
2023-10-18 03:15:00-04:00,2023-10-18 05:15:00-04:00,short,london,15079.5,15105.028571428571,15028.442857142858,15097.7,expired,-0.7912702853945573
2023-10-18 10:25:00-04:00,2023-10-18 10:35:00-04:00,long,am,15047.7,15009.201428571429,15124.697142857145,15009.201428571429,loss,-1.0519499795910785
2023-10-23 03:20:00-04:00,2023-10-23 03:35:00-04:00,short,london,14594.3,14609.815,14563.269999999997,14563.269999999997,win,1.871092491137619
2023-10-23 14:05:00-04:00,2023-10-23 14:35:00-04:00,short,pm,14716.6,14740.67142857143,14668.457142857142,14668.457142857142,win,1.9169139465875398
2023-10-25 14:10:00-04:00,2023-10-25 16:05:00-04:00,long,pm,14386.7,14359.704285714286,14440.69142857143,14359.704285714286,loss,-1.0740858337302206
2023-10-27 03:10:00-04:00,2023-10-27 04:35:00-04:00,short,london,14206.5,14240.877857142857,14137.744285714285,14240.877857142857,loss,-1.058176982692347
2023-10-31 10:25:00-04:00,2023-10-31 12:25:00-04:00,long,am,14307.5,14231.345,14459.810000000001,14318.9,expired,0.12343247324534903
2023-11-01 03:15:00-04:00,2023-11-01 04:00:00-04:00,short,london,14405.6,14417.367142857142,14382.065714285718,14382.065714285718,win,1.8300352069928125
2023-11-02 03:10:00-04:00,2023-11-02 04:50:00-04:00,long,london,14728.2,14706.612857142858,14771.374285714286,14771.374285714286,win,1.907352259943087
2023-11-02 10:15:00-04:00,2023-11-02 10:50:00-04:00,short,am,14822.8,14880.857142857143,14706.685714285712,14880.857142857143,loss,-1.0344488188976373
2023-11-07 10:05:00-05:00,2023-11-07 11:30:00-05:00,long,am,15215.3,15156.59,15332.719999999998,15332.719999999998,win,1.965934253108499
2023-11-09 10:15:00-05:00,2023-11-09 11:50:00-05:00,short,am,15319.8,15370.747142857143,15217.905714285713,15370.747142857143,loss,-1.0392563721504078
2023-11-14 03:20:00-05:00,2023-11-14 03:30:00-05:00,short,london,15523.1,15532.127857142857,15505.044285714286,15532.127857142857,loss,-1.2215365139647134
2023-11-14 14:10:00-05:00,2023-11-14 14:55:00-05:00,short,pm,15784.0,15830.942857142856,15690.114285714288,15830.942857142856,loss,-1.04260499087036
2023-11-15 03:10:00-05:00,2023-11-15 03:40:00-05:00,long,london,15863.2,15851.002857142857,15887.594285714287,15887.594285714287,win,1.836027172639968
2023-11-15 14:25:00-05:00,2023-11-15 15:25:00-05:00,short,pm,15857.2,15871.45,15828.7,15828.7,win,1.8596491228070176
2023-11-17 14:20:00-05:00,2023-11-17 15:30:00-05:00,long,pm,15861.3,15834.557142857144,15914.78571428571,15834.557142857144,loss,-1.0747863247863296
2023-11-20 03:15:00-05:00,2023-11-20 04:20:00-05:00,long,london,15816.3,15792.596428571427,15863.707142857143,15863.707142857143,win,1.915624529154741
2023-11-28 10:10:00-05:00,2023-11-28 10:40:00-05:00,long,am,15946.8,15923.736428571428,15992.927142857141,15992.927142857141,win,1.9132831614481691
2023-11-29 03:20:00-05:00,2023-11-29 03:35:00-05:00,long,london,16033.3,16023.225714285714,16053.44857142857,16053.44857142857,win,1.8014747589336217
2023-11-30 10:10:00-05:00,2023-11-30 12:10:00-05:00,short,am,15938.8,16019.607857142857,15777.184285714284,15861.3,expired,0.9343150860506776
2023-11-30 14:20:00-05:00,2023-11-30 15:50:00-05:00,long,pm,15858.5,15820.844285714285,15933.81142857143,15933.81142857143,win,1.9468872111992113
2023-12-01 03:10:00-05:00,2023-12-01 03:55:00-05:00,long,london,15926.7,15913.357142857143,15953.385714285716,15953.385714285716,win,1.8501070663811616
2023-12-04 14:10:00-05:00,2023-12-04 15:30:00-05:00,short,pm,15801.3,15829.967857142858,15743.964285714283,15829.967857142858,loss,-1.0697645446617636
2023-12-05 10:10:00-05:00,2023-12-05 12:10:00-05:00,long,am,15877.5,15743.500714285714,16145.498571428572,15866.7,expired,-0.09552289724358302
2023-12-06 03:05:00-05:00,2023-12-06 04:20:00-05:00,long,london,15952.6,15933.272142857142,15991.255714285717,15933.272142857142,loss,-1.1034775860157378
2023-12-11 14:25:00-05:00,2023-12-11 16:25:00-05:00,short,pm,16245.3,16258.411428571428,16219.077142857142,16250.7,expired,-0.5643931139683029
2023-12-13 03:10:00-05:00,2023-12-13 03:40:00-05:00,long,london,16412.5,16400.17,16437.160000000003,16400.17,loss,-1.162206001622037
2023-12-14 10:10:00-05:00,2023-12-14 12:10:00-05:00,short,am,16629.2,16681.296428571426,16525.00714285715,16600.9,expired,0.504833070542281
2023-12-14 14:10:00-05:00,2023-12-14 16:10:00-05:00,long,pm,16478.9,16428.004285714283,16580.691428571437,16544.2,expired,1.2437196508265156
2023-12-18 03:15:00-05:00,2023-12-18 05:15:00-05:00,short,london,16656.4,16674.785714285714,16619.628571428577,16663.1,expired,-0.4731934731933657
2023-12-18 10:10:00-05:00,2023-12-18 12:10:00-05:00,long,am,16695.9,16649.937857142857,16787.82428571429,16742.4,expired,0.9681881051175312
2023-12-20 03:10:00-05:00,2023-12-20 03:30:00-05:00,short,london,16843.5,16861.79357142857,16806.91285714286,16806.91285714286,win,1.8906719768849263
2023-12-21 03:25:00-05:00,2023-12-21 05:25:00-05:00,long,london,16692.9,16679.18,16720.340000000004,16691.7,expired,-0.23323615160353178
2023-12-27 03:10:00-05:00,2023-12-27 05:10:00-05:00,short,london,16908.5,16930.49,16864.519999999997,16907.2,expired,-0.03183265120512399
2023-12-27 10:20:00-05:00,2023-12-27 12:20:00-05:00,short,am,16909.1,16955.277142857143,16816.74571428571,16920.2,expired,-0.283690137359274
2023-12-27 14:20:00-05:00,2023-12-27 16:00:00-05:00,short,pm,16920.5,16953.367857142857,16854.764285714286,16953.367857142857,loss,-1.0608497229164402
2024-01-02 03:15:00-05:00,2024-01-02 04:05:00-05:00,long,london,16864.7,16853.32285714286,16887.454285714284,16853.32285714286,loss,-1.1757910597689776
2024-01-03 03:20:00-05:00,2024-01-03 03:40:00-05:00,long,london,16562.4,16545.01857142857,16597.162857142866,16545.01857142857,loss,-1.1150653406755722
2024-01-03 10:25:00-05:00,2024-01-03 12:25:00-05:00,short,am,16421.9,16493.329285714288,16279.041428571429,16422.2,expired,-0.032199678003209484
2024-01-05 10:15:00-05:00,2024-01-05 12:15:00-05:00,long,am,16371.3,16263.322857142857,16587.254285714283,16315.0,expired,-0.5399290855207421
2024-01-09 10:25:00-05:00,2024-01-09 12:25:00-05:00,long,am,16584.0,16514.66857142857,16722.66285714286,16683.1,expired,1.400519245034163
2024-01-09 14:20:00-05:00,2024-01-09 15:50:00-05:00,short,pm,16691.3,16714.27357142857,16645.352857142858,16645.352857142858,win,1.9129434443304392
2024-01-10 03:10:00-05:00,2024-01-10 05:10:00-05:00,long,london,16705.2,16671.979285714286,16771.64142857143,16752.5,expired,1.3636070437979202
2024-01-10 10:25:00-05:00,2024-01-10 12:25:00-05:00,long,am,16698.0,16658.567857142858,16776.864285714284,16748.9,expired,1.2401050629472599
2024-01-11 10:15:00-05:00,2024-01-11 12:15:00-05:00,short,am,16747.8,16907.758571428574,16427.88285714285,16660.8,expired,0.5313875914299121
2024-01-11 14:05:00-05:00,2024-01-11 16:05:00-05:00,long,pm,16778.1,16715.647142857142,16903.00571428571,16828.1,expired,0.7685797287096647
2024-01-12 10:05:00-05:00,2024-01-12 12:05:00-05:00,short,am,16856.2,16908.704285714288,16751.191428571427,16794.7,expired,1.1332408238782927
2024-01-16 10:05:00-05:00,2024-01-16 10:20:00-05:00,long,am,16769.3,16726.733571428573,16854.432857142852,16854.432857142852,win,1.9530146158105794
2024-01-16 14:20:00-05:00,2024-01-16 15:50:00-05:00,short,pm,16756.1,16823.950714285715,16620.398571428566,16823.950714285715,loss,-1.0294764767188462
2024-01-18 03:05:00-05:00,2024-01-18 04:40:00-05:00,long,london,16769.9,16748.829285714284,16812.041428571436,16812.041428571436,win,1.9050815281874096
2024-01-19 14:15:00-05:00,2024-01-19 16:15:00-05:00,long,pm,17292.1,17216.217142857142,17443.865714285712,17334.4,expired,0.5310817425355288
2024-01-22 14:25:00-05:00,2024-01-22 15:25:00-05:00,short,pm,17351.6,17377.184285714287,17300.43142857142,17377.184285714287,loss,-1.0781729856496638
2024-01-25 03:10:00-05:00,2024-01-25 03:45:00-05:00,short,london,17519.8,17543.481428571427,17472.437142857143,17543.481428571427,loss,-1.0844543644809088
2024-01-25 14:20:00-05:00,2024-01-25 16:00:00-05:00,short,pm,17472.3,17542.740714285712,17331.418571428574,17542.740714285712,loss,-1.0283926706348812
2024-01-26 14:10:00-05:00,2024-01-26 16:10:00-05:00,long,pm,17429.9,17400.404285714285,17488.891428571435,17406.5,expired,-0.8611420545357518
2024-01-29 10:20:00-05:00,2024-01-29 11:00:00-05:00,long,am,17446.4,17428.035714285717,17483.12857142857,17428.035714285717,loss,-1.1089070400622425
2024-01-30 03:15:00-05:00,2024-01-30 03:25:00-05:00,short,london,17588.3,17599.230000000003,17566.43999999999,17599.230000000003,loss,-1.1829826166513524
2024-01-30 10:10:00-05:00,2024-01-30 12:10:00-05:00,short,am,17560.8,17591.54,17499.319999999996,17536.1,expired,0.7384515289524901
2024-02-01 10:20:00-05:00,2024-02-01 12:20:00-05:00,long,am,17243.6,17167.715714285714,17395.368571428568,17272.9,expired,0.3597582785820958
2024-02-05 10:25:00-05:00,2024-02-05 12:25:00-05:00,short,am,17548.4,17659.620000000003,17325.96,17607.4,expired,-0.5484625067433857
2024-02-06 14:20:00-05:00,2024-02-06 14:55:00-05:00,short,pm,17512.2,17556.55285714286,17423.494285714285,17556.55285714286,loss,-1.0450929236319122
2024-02-09 10:05:00-05:00,2024-02-09 12:05:00-05:00,long,am,17853.3,17800.004285714287,17959.891428571424,17912.1,expired,1.065751735599246
2024-02-12 14:25:00-05:00,2024-02-12 16:25:00-05:00,short,pm,17911.8,18013.490714285716,17708.418571428567,17854.3,expired,0.5457725456039567
2024-02-13 14:25:00-05:00,2024-02-13 16:15:00-05:00,short,pm,17556.0,17631.055,17405.89,17631.055,loss,-1.026647125441343
2024-02-15 10:20:00-05:00,2024-02-15 11:05:00-05:00,long,am,17772.3,17731.729285714286,17853.441428571427,17731.729285714286,loss,-1.0492966425465244
2024-02-16 10:05:00-05:00,2024-02-16 12:05:00-05:00,short,am,17704.8,17892.91857142857,17328.562857142857,17803.3,expired,-0.5342375249652582
2024-02-16 14:20:00-05:00,2024-02-16 14:45:00-05:00,long,pm,17827.3,17744.715714285714,17992.46857142857,17744.715714285714,loss,-1.0242176823677975
2024-02-19 10:25:00-05:00,2024-02-19 12:25:00-05:00,short,am,17730.9,17755.042142857143,17682.61571428572,17732.7,expired,-0.15740110654159462
2024-02-26 14:10:00-05:00,2024-02-26 15:55:00-05:00,long,pm,17969.5,17939.784285714286,18028.931428571428,17939.784285714286,loss,-1.0673044565165142
2024-02-27 10:05:00-05:00,2024-02-27 12:05:00-05:00,long,am,17952.3,17902.835,18051.23,17964.0,expired,0.19609825128880418
2024-02-27 14:25:00-05:00,2024-02-27 16:25:00-05:00,long,pm,17960.6,17898.56,18084.679999999993,17986.7,expired,0.3884590586718771
2024-02-29 03:15:00-05:00,2024-02-29 05:15:00-05:00,short,london,17828.8,17879.975714285712,17726.448571428573,17836.2,expired,-0.18368087541526842
2024-02-29 10:20:00-05:00,2024-02-29 11:40:00-05:00,short,am,17985.3,18038.44142857143,17879.017142857138,17879.017142857138,win,1.962364579693004
2024-03-01 03:20:00-05:00,2024-03-01 05:10:00-05:00,short,london,18108.8,18128.233571428573,18069.932857142852,18069.932857142852,win,1.8970853089278603
2024-03-06 10:10:00-05:00,2024-03-06 11:55:00-05:00,short,am,17983.4,18105.402857142857,17739.39428571429,18105.402857142857,loss,-1.016393058710569
2024-03-08 14:10:00-05:00,2024-03-08 16:10:00-05:00,long,pm,18071.8,18007.11142857143,18201.17714285714,18059.6,expired,-0.21951327238197507
2024-03-11 03:20:00-04:00,2024-03-11 03:25:00-04:00,long,london,18023.7,18016.12142857143,18038.85714285714,18038.85714285714,win,1.7360980207351158
2024-03-14 14:15:00-04:00,2024-03-14 15:05:00-04:00,long,pm,18071.1,17971.434285714287,18270.43142857142,17971.434285714287,loss,-1.0200670813863493
2024-03-15 03:15:00-04:00,2024-03-15 03:55:00-04:00,long,london,17991.5,17975.385000000002,18023.729999999996,17975.385000000002,loss,-1.1241079739373412
2024-03-15 10:20:00-04:00,2024-03-15 12:15:00-04:00,long,am,17854.7,17791.5,17981.100000000002,17791.5,loss,-1.031645569620253
2024-03-15 14:05:00-04:00,2024-03-15 16:05:00-04:00,long,pm,17836.4,17774.274285714288,17960.65142857143,17840.5,expired,0.03380242825604742
2024-03-20 03:15:00-04:00,2024-03-20 04:40:00-04:00,long,london,18046.6,18023.02857142857,18093.742857142854,18023.02857142857,loss,-1.0848484848484885
2024-03-20 14:15:00-04:00,2024-03-20 15:15:00-04:00,long,pm,18100.7,18020.268571428573,18261.562857142857,18261.562857142857,win,1.9751340982558345
2024-03-21 03:10:00-04:00,2024-03-21 03:50:00-04:00,long,london,18410.1,18393.60785714286,18443.084285714278,18443.084285714278,win,1.878730131231299
2024-03-22 14:25:00-04:00,2024-03-22 15:10:00-04:00,short,pm,18392.5,18409.716428571428,18358.067142857144,18358.067142857144,win,1.8838318881466996
2024-03-25 03:10:00-04:00,2024-03-25 04:00:00-04:00,short,london,18335.5,18342.464285714286,18321.571428571428,18342.464285714286,loss,-1.2871794871794657
2024-03-25 10:25:00-04:00,2024-03-25 12:25:00-04:00,long,am,18300.2,18203.715714285714,18493.168571428574,18315.7,expired,0.1399191578199249
2024-03-25 14:15:00-04:00,2024-03-25 15:20:00-04:00,long,pm,18352.2,18321.535714285714,18413.528571428575,18321.535714285714,loss,-1.0652224551595595
2024-03-27 10:15:00-04:00,2024-03-27 12:15:00-04:00,short,am,18221.1,18368.411428571428,17926.47714285714,18215.9,expired,0.021722686630830254
2024-03-28 03:15:00-04:00,2024-03-28 03:40:00-04:00,short,london,18288.8,18299.545714285716,18267.308571428566,18299.545714285716,loss,-1.1861207125764035
2024-04-01 10:25:00-04:00,2024-04-01 12:00:00-04:00,short,am,18354.4,18417.020714285714,18229.158571428576,18229.158571428576,win,1.9680616865710792
2024-04-02 10:20:00-04:00,2024-04-02 12:20:00-04:00,short,am,18052.4,18104.329999999998,17948.540000000008,18052.5,expired,-0.04043905257074293
2024-04-03 10:10:00-04:00,2024-04-03 12:10:00-04:00,long,am,18141.2,18042.289285714287,18339.02142857143,18209.8,expired,0.6733345369200104
2024-04-05 14:05:00-04:00,2024-04-05 16:05:00-04:00,short,pm,18141.0,18205.29357142857,18012.41285714286,18105.1,expired,0.5272688893579981
2024-04-08 03:25:00-04:00,2024-04-08 04:20:00-04:00,long,london,18129.1,18100.53142857143,18186.237142857135,18100.53142857143,loss,-1.0700070007000777
2024-04-09 03:25:00-04:00,2024-04-09 03:35:00-04:00,long,london,18153.7,18137.25142857143,18186.59714285714,18137.25142857143,loss,-1.1215911064790849
2024-04-11 14:15:00-04:00,2024-04-11 16:15:00-04:00,long,pm,18303.9,18217.187142857143,18477.32571428572,18322.2,expired,0.18797673767276765
2024-04-12 10:20:00-04:00,2024-04-12 10:35:00-04:00,short,am,18144.7,18176.97857142857,18080.14285714286,18080.14285714286,win,1.9380393892454075
2024-04-15 10:15:00-04:00,2024-04-15 12:15:00-04:00,short,am,18089.8,18197.704999999998,17873.99,18023.4,expired,0.5968212779759836
2024-04-16 14:25:00-04:00,2024-04-16 16:25:00-04:00,short,pm,17742.7,17840.027857142857,17548.044285714288,17728.0,expired,0.13048679353291276
2024-04-22 03:20:00-04:00,2024-04-22 05:20:00-04:00,short,london,17139.3,17172.07142857143,17073.757142857135,17149.6,expired,-0.3753269398430086
2024-04-23 03:10:00-04:00,2024-04-23 05:10:00-04:00,long,london,17218.8,17186.624285714286,17283.151428571426,17260.1,expired,1.2214181059361733
2024-04-24 10:05:00-04:00,2024-04-24 10:40:00-04:00,short,am,17636.5,17668.11714285714,17573.26571428572,17573.26571428572,win,1.936743177299831
2024-04-26 03:15:00-04:00,2024-04-26 05:15:00-04:00,short,london,17635.5,17670.23857142857,17566.02285714286,17591.0,expired,1.223423942098166
2024-04-29 14:10:00-04:00,2024-04-29 15:00:00-04:00,short,pm,17788.3,17818.61357142857,17727.672857142858,17727.672857142858,win,1.9340229505879014
2024-04-30 03:25:00-04:00,2024-04-30 05:25:00-04:00,short,london,17782.1,17800.10357142857,17746.092857142852,17769.9,expired,0.5665542551078961
2024-05-02 10:20:00-04:00,2024-05-02 12:20:00-04:00,short,am,17391.7,17499.98142857143,17175.13714285714,17432.0,expired,-0.3906487064131697
2024-05-07 10:20:00-04:00,2024-05-07 10:50:00-04:00,long,am,18093.7,18074.714285714286,18131.67142857143,18131.67142857143,win,1.8946576373212953
2024-05-09 03:20:00-04:00,2024-05-09 03:25:00-04:00,long,london,18051.9,18040.977857142854,18073.744285714296,18040.977857142854,loss,-1.1831142502124694
2024-05-09 10:10:00-04:00,2024-05-09 10:35:00-04:00,long,am,18048.0,18014.542857142857,18114.914285714287,18114.914285714287,win,1.9402220324508979
2024-05-10 03:10:00-04:00,2024-05-10 05:10:00-04:00,long,london,18165.4,18129.867857142857,18236.46428571429,18203.4,expired,1.0131671524775974
2024-05-13 03:25:00-04:00,2024-05-13 05:25:00-04:00,short,london,18204.6,18216.135714285712,18181.52857142857,18210.5,expired,-0.6848297213623861
2024-05-14 10:05:00-04:00,2024-05-14 10:20:00-04:00,short,am,18223.3,18245.67357142857,18178.552857142855,18245.67357142857,loss,-1.0893911821983815
2024-05-15 10:10:00-04:00,2024-05-15 12:10:00-04:00,long,am,18422.4,18362.79071428571,18541.618571428582,18513.4,expired,1.4930559716246319
2024-05-16 14:20:00-04:00,2024-05-16 16:20:00-04:00,short,pm,18604.8,18653.314285714285,18507.77142857143,18553.5,expired,1.0161955241460436
2024-05-22 03:15:00-04:00,2024-05-22 05:15:00-04:00,short,london,18732.8,18742.3,18713.8,18717.8,expired,1.368421052631579
2024-05-28 03:20:00-04:00,2024-05-28 04:05:00-04:00,short,london,18868.3,18890.500714285714,18823.89857142857,18890.500714285714,loss,-1.0900871915318024
2024-05-28 10:15:00-04:00,2024-05-28 12:15:00-04:00,long,am,18825.9,18783.512857142858,18910.67428571429,18861.1,expired,0.7832563782817384
2024-05-29 03:25:00-04:00,2024-05-29 03:30:00-04:00,long,london,18822.0,18805.004285714287,18855.991428571426,18805.004285714287,loss,-1.1176767252248563
2024-06-04 03:20:00-04:00,2024-06-04 05:20:00-04:00,short,london,18548.7,18597.54928571429,18451.001428571424,18499.5,expired,0.9662372603780953
2024-06-05 03:15:00-04:00,2024-06-05 04:00:00-04:00,short,london,18683.3,18709.73357142857,18630.43285714286,18709.73357142857,loss,-1.0756613613640709
2024-06-06 03:20:00-04:00,2024-06-06 05:20:00-04:00,long,london,19060.2,19040.004285714287,19100.591428571428,19061.7,expired,-0.024757727947938846
2024-06-06 14:15:00-04:00,2024-06-06 16:15:00-04:00,short,pm,19018.7,19058.65,18938.8,19034.0,expired,-0.43304130162700766
2024-06-07 14:20:00-04:00,2024-06-07 16:20:00-04:00,short,pm,19011.2,19124.50142857143,18784.59714285714,18990.5,expired,0.16504646265965955
2024-06-11 03:20:00-04:00,2024-06-11 05:20:00-04:00,short,london,19066.6,19090.17214285714,19019.455714285716,19044.6,expired,0.8484591376019418
2024-06-12 10:20:00-04:00,2024-06-12 12:20:00-04:00,long,am,19486.8,19352.61285714286,19755.174285714278,19480.0,expired,-0.06558005344348138
2024-06-13 14:15:00-04:00,2024-06-13 16:15:00-04:00,long,pm,19560.3,19528.077142857142,19624.745714285713,19594.3,expired,0.9930838801205991
2024-06-14 03:20:00-04:00,2024-06-14 03:30:00-04:00,short,london,19601.9,19634.945714285714,19535.808571428577,19634.945714285714,loss,-1.0605222203008857
2024-06-17 10:20:00-04:00,2024-06-17 12:20:00-04:00,long,am,19695.0,19632.417857142857,19820.164285714287,19783.2,expired,1.377389716372765
2024-06-17 14:10:00-04:00,2024-06-17 16:10:00-04:00,long,pm,19950.8,19831.911428571428,20188.577142857142,19903.0,expired,-0.4188796231765572
2024-06-18 10:15:00-04:00,2024-06-18 10:45:00-04:00,long,am,19913.6,19893.885714285712,19953.02857142857,19893.885714285712,loss,-1.1014492753623162
2024-06-20 10:25:00-04:00,2024-06-20 12:25:00-04:00,short,am,19908.1,20007.158571428572,19709.98285714285,19803.0,expired,1.040798373256767
2024-06-20 14:10:00-04:00,2024-06-20 16:10:00-04:00,long,pm,19793.2,19696.465714285714,19986.668571428574,19775.7,expired,-0.2015831290427366
2024-06-24 03:10:00-04:00,2024-06-24 03:15:00-04:00,long,london,19744.8,19734.655,19765.09,19734.655,loss,-1.1971414489896417
2024-06-25 03:15:00-04:00,2024-06-25 04:30:00-04:00,short,london,19517.6,19556.715,19439.369999999995,19556.715,loss,-1.051131279560269
2024-06-25 10:15:00-04:00,2024-06-25 12:15:00-04:00,long,am,19619.4,19542.204285714284,19773.791428571436,19685.5,expired,0.8303569776263904
2024-06-27 03:25:00-04:00,2024-06-27 04:20:00-04:00,long,london,19725.2,19703.722142857143,19768.155714285716,19703.722142857143,loss,-1.0931191592670162
2024-06-28 10:15:00-04:00,2024-06-28 12:15:00-04:00,long,am,19988.2,19796.989285714284,20370.621428571434,19796.989285714284,loss,-1.010459664917163
2024-07-01 10:10:00-04:00,2024-07-01 10:15:00-04:00,long,am,19599.3,19568.585714285713,19660.72857142857,19660.72857142857,win,1.9348837209302336
2024-07-01 14:20:00-04:00,2024-07-01 16:20:00-04:00,long,pm,19807.2,19758.237857142856,19905.12428571429,19829.8,expired,0.4207332195427516
2024-07-05 10:05:00-04:00,2024-07-05 12:05:00-04:00,long,am,20270.6,20200.425714285713,20410.94857142857,20380.2,expired,1.5333251903424516
2024-07-08 14:10:00-04:00,2024-07-08 15:55:00-04:00,short,pm,20442.5,20469.674285714285,20388.15142857143,20469.674285714285,loss,-1.073598990642415
2024-07-09 10:20:00-04:00,2024-07-09 10:25:00-04:00,long,am,20522.1,20498.871428571427,20568.557142857142,20498.871428571427,loss,-1.086100861008609
2024-07-10 03:05:00-04:00,2024-07-10 03:30:00-04:00,short,london,20510.9,20521.409285714286,20489.881428571432,20521.409285714286,loss,-1.1903078909807876
2024-07-10 10:15:00-04:00,2024-07-10 11:00:00-04:00,long,am,20578.2,20524.754999999997,20685.090000000007,20524.754999999997,loss,-1.0374216484236107
2024-07-11 10:25:00-04:00,2024-07-11 12:25:00-04:00,short,am,20508.1,20728.480714285713,20067.33857142857,20321.6,expired,0.8371875941957563
2024-07-12 03:25:00-04:00,2024-07-12 05:00:00-04:00,short,london,20229.8,20249.76,20189.88,20249.76,loss,-1.1002004008016075
2024-07-12 10:20:00-04:00,2024-07-12 12:20:00-04:00,long,am,20348.1,20231.347857142857,20581.604285714282,20406.8,expired,0.48564419129659164
2024-07-16 03:20:00-04:00,2024-07-16 05:20:00-04:00,short,london,20414.8,20459.977142857144,20324.44571428571,20423.8,expired,-0.24348596003034706
2024-07-16 10:15:00-04:00,2024-07-16 12:15:00-04:00,short,am,20365.7,20512.11857142857,20072.86285714286,20323.7,expired,0.2731893885436097
2024-07-17 03:10:00-04:00,2024-07-17 04:25:00-04:00,short,london,20262.6,20323.672142857144,20140.45571428571,20140.45571428571,win,1.967251845007662
2024-07-22 03:10:00-04:00,2024-07-22 03:40:00-04:00,short,london,19639.4,19670.276428571426,19577.647142857153,19670.276428571426,loss,-1.0647743308580377
2024-07-22 10:10:00-04:00,2024-07-22 12:10:00-04:00,short,am,19791.3,19873.503571428573,19626.89285714285,19723.7,expired,0.7980188556284066
2024-07-25 03:15:00-04:00,2024-07-25 04:05:00-04:00,short,london,19080.9,19135.015,18972.670000000006,18972.670000000006,win,1.9630416705164913
2024-07-25 10:15:00-04:00,2024-07-25 11:15:00-04:00,short,am,18865.3,19108.431428571428,18379.03714285714,19108.431428571428,loss,-1.0082260035724357
2024-07-29 10:20:00-04:00,2024-07-29 11:10:00-04:00,short,am,19178.5,19250.314285714285,19034.87142857143,19034.87142857143,win,1.972150387905311
2024-07-31 03:10:00-04:00,2024-07-31 03:50:00-04:00,short,london,19079.1,19100.225714285716,19036.848571428563,19100.225714285716,loss,-1.094671355152812
2024-08-01 03:05:00-04:00,2024-08-01 03:20:00-04:00,short,london,19514.4,19537.02857142857,19469.142857142862,19537.02857142857,loss,-1.0883838383838458
2024-08-02 03:25:00-04:00,2024-08-02 04:00:00-04:00,short,london,18600.5,18631.022857142856,18539.454285714288,18631.022857142856,loss,-1.0655246653561756
2024-08-02 10:25:00-04:00,2024-08-02 12:25:00-04:00,short,am,18375.0,18652.081428571426,17820.837142857148,18473.5,expired,-0.36270926029996686
2024-08-05 14:10:00-04:00,2024-08-05 16:10:00-04:00,short,pm,17941.5,18070.76642857143,17682.96714285714,17972.8,expired,-0.2576074884098631
2024-08-12 03:10:00-04:00,2024-08-12 03:15:00-04:00,long,london,18546.7,18522.805,18594.49,18522.805,loss,-1.0836995187277658
2024-08-14 03:25:00-04:00,2024-08-14 04:05:00-04:00,long,london,19010.6,19000.052857142855,19031.694285714286,19000.052857142855,loss,-1.18962481376133
2024-08-19 03:20:00-04:00,2024-08-19 03:40:00-04:00,long,london,19493.1,19481.53714285714,19516.225714285712,19516.225714285712,win,1.827032369656533
2024-08-19 10:25:00-04:00,2024-08-19 10:50:00-04:00,short,am,19531.5,19569.914285714287,19454.671428571426,19569.914285714287,loss,-1.0520639642989942
2024-08-19 14:20:00-04:00,2024-08-19 15:50:00-04:00,long,pm,19639.3,19603.464285714283,19710.971428571433,19710.971428571433,win,1.9441897548335696
2024-08-21 10:10:00-04:00,2024-08-21 10:40:00-04:00,long,am,19793.0,19737.3,19904.4,19904.4,win,1.9640933572710957
2024-08-22 10:20:00-04:00,2024-08-22 11:40:00-04:00,short,am,19846.3,19955.56714285714,19627.765714285717,19627.765714285717,win,1.9816962359616663
2024-08-27 03:25:00-04:00,2024-08-27 04:00:00-04:00,short,london,19542.4,19561.69714285714,19503.80571428572,19561.69714285714,loss,-1.1036422860527249
2024-08-28 14:05:00-04:00,2024-08-28 15:45:00-04:00,short,pm,19269.8,19414.382857142857,18980.634285714284,19414.382857142857,loss,-1.013832898585092
2024-08-30 03:15:00-04:00,2024-08-30 03:30:00-04:00,short,london,19434.0,19444.335714285713,19413.328571428574,19444.335714285713,loss,-1.1935038009675423
2024-09-04 03:05:00-04:00,2024-09-04 03:45:00-04:00,short,london,18840.9,18876.091428571428,18770.51714285715,18876.091428571428,loss,-1.0568320207842852
2024-09-05 03:20:00-04:00,2024-09-05 05:20:00-04:00,long,london,18914.8,18850.094285714287,19044.211428571423,18876.7,expired,-0.6197288824126809
2024-09-05 10:10:00-04:00,2024-09-05 11:25:00-04:00,long,am,19004.1,18842.072142857145,19328.155714285705,18842.072142857145,loss,-1.0123435564431162
2024-09-06 14:10:00-04:00,2024-09-06 16:10:00-04:00,short,pm,18423.2,18512.984285714283,18243.631428571436,18407.5,expired,0.15258794889339328
2024-09-09 03:20:00-04:00,2024-09-09 05:20:00-04:00,long,london,18559.0,18530.239285714284,18616.521428571432,18607.9,expired,1.6306966347944427
2024-09-10 14:20:00-04:00,2024-09-10 16:20:00-04:00,long,pm,18786.6,18717.595,18924.609999999993,18807.2,expired,0.26954568509532484
2024-09-17 10:10:00-04:00,2024-09-17 12:10:00-04:00,long,am,19541.2,19469.52142857143,19684.557142857146,19512.3,expired,-0.4310911808669797
2024-09-18 14:10:00-04:00,2024-09-18 15:05:00-04:00,long,pm,19500.1,19386.487142857146,19727.325714285704,19386.487142857146,loss,-1.0176036414389726
2024-09-20 14:10:00-04:00,2024-09-20 15:20:00-04:00,short,pm,19750.4,19808.569285714286,19634.061428571433,19808.569285714286,loss,-1.034382406031657
2024-09-23 03:25:00-04:00,2024-09-23 05:25:00-04:00,short,london,19792.6,19887.193571428572,19603.412857142852,19843.9,expired,-0.5634632374595266
2024-09-24 10:10:00-04:00,2024-09-24 11:45:00-04:00,short,am,19814.0,19944.002857142856,19553.99428571429,19944.002857142856,loss,-1.0153842772686317
2024-09-26 14:20:00-04:00,2024-09-26 16:20:00-04:00,long,pm,20112.2,19987.490714285716,20361.61857142857,20142.7,expired,0.22853149897189554
2024-09-27 03:10:00-04:00,2024-09-27 03:35:00-04:00,long,london,20082.5,20050.15142857143,20147.19714285714,20050.15142857143,loss,-1.061826532414769
2024-09-30 03:20:00-04:00,2024-09-30 05:20:00-04:00,long,london,20024.9,19950.479285714286,20173.741428571433,20006.4,expired,-0.27546094117420666
2024-10-01 03:20:00-04:00,2024-10-01 03:50:00-04:00,short,london,20045.1,20092.267857142855,19950.764285714286,20092.267857142855,loss,-1.0424017566442043
2024-10-01 10:20:00-04:00,2024-10-01 12:20:00-04:00,short,am,19763.4,20079.176428571427,19131.84714285715,19761.1,expired,0.0009500392456780644
2024-10-03 10:10:00-04:00,2024-10-03 12:10:00-04:00,long,am,19835.8,19702.838571428572,20101.722857142853,19848.4,expired,0.07972236846348155
2024-10-04 10:15:00-04:00,2024-10-04 12:15:00-04:00,short,am,19932.1,20080.62785714286,19635.044285714277,19924.0,expired,0.041069736797800106
2024-10-07 14:10:00-04:00,2024-10-07 14:30:00-04:00,short,pm,19943.9,19987.547857142854,19856.604285714297,19856.604285714297,win,1.9541787356603941
2024-10-08 10:15:00-04:00,2024-10-08 12:15:00-04:00,long,am,19998.9,19892.227142857144,20212.245714285717,20057.2,expired,0.5277818698021902
2024-10-08 14:20:00-04:00,2024-10-08 15:35:00-04:00,long,pm,20055.2,20010.964285714283,20143.671428571437,20143.671428571437,win,1.9547876634910422
2024-10-11 03:25:00-04:00,2024-10-11 05:25:00-04:00,short,london,20231.1,20265.88857142857,20161.522857142852,20206.1,expired,0.6611366622864343
2024-10-11 10:20:00-04:00,2024-10-11 12:20:00-04:00,long,am,20263.8,20145.345,20500.709999999995,20275.3,expired,0.08019923177578112
2024-10-14 03:25:00-04:00,2024-10-14 04:05:00-04:00,long,london,20280.6,20265.487857142856,20310.824285714283,20310.824285714283,win,1.8676560949094814
2024-10-14 10:25:00-04:00,2024-10-14 10:55:00-04:00,short,am,20484.2,20524.036428571428,20404.527142857147,20404.527142857147,win,1.9497946961682575
2024-10-17 10:10:00-04:00,2024-10-17 12:10:00-04:00,short,am,20265.7,20444.3,19908.500000000004,20345.9,expired,-0.46024636058231466
2024-10-18 14:20:00-04:00,2024-10-18 16:20:00-04:00,long,pm,20350.2,20305.315714285713,20439.968571428577,20346.6,expired,-0.12476526942300256
2024-10-21 03:10:00-04:00,2024-10-21 05:10:00-04:00,long,london,20303.8,20286.422142857144,20338.55571428571,20304.9,expired,-0.05179004480237792
2024-10-22 03:20:00-04:00,2024-10-22 04:55:00-04:00,long,london,20331.0,20296.475714285712,20400.048571428575,20296.475714285712,loss,-1.0579302354450253
2024-10-22 10:20:00-04:00,2024-10-22 12:20:00-04:00,long,am,20344.2,20231.483571428573,20569.632857142857,20314.8,expired,-0.2785751855161326
2024-10-23 10:10:00-04:00,2024-10-23 12:10:00-04:00,short,am,20268.5,20332.530000000002,20140.439999999995,20170.5,expired,1.499297204435363
2024-10-25 10:10:00-04:00,2024-10-25 12:10:00-04:00,long,am,20523.4,20361.21785714286,20847.764285714286,20510.7,expired,-0.09063883200106197
2024-10-25 14:25:00-04:00,2024-10-25 16:25:00-04:00,short,pm,20409.2,20463.21,20301.180000000004,20352.6,expired,1.0109239029809998
2024-10-30 14:15:00-04:00,2024-10-30 15:35:00-04:00,long,pm,20481.2,20443.717142857142,20556.16571428572,20443.717142857142,loss,-1.0533577254363875
2024-11-05 03:15:00-05:00,2024-11-05 03:55:00-05:00,short,london,20021.1,20046.286428571428,19970.72714285714,20046.286428571428,loss,-1.0794078443606232
2024-11-08 03:15:00-05:00,2024-11-08 05:15:00-05:00,short,london,21140.1,21157.575714285715,21105.148571428566,21116.3,expired,1.2474454344803327
2024-11-08 10:15:00-05:00,2024-11-08 11:55:00-05:00,short,am,21108.0,21140.127857142856,21043.74428571429,21140.127857142856,loss,-1.062251272816206
2024-11-11 03:25:00-05:00,2024-11-11 03:55:00-05:00,long,london,21221.4,21201.94,21260.320000000007,21201.94,loss,-1.1027749229187933
2024-11-12 10:10:00-05:00,2024-11-12 11:45:00-05:00,short,am,21135.9,21170.145,21067.410000000003,21067.410000000003,win,1.9415973134764182
2024-11-13 10:10:00-05:00,2024-11-13 12:05:00-05:00,short,am,21033.0,21111.873571428572,20875.252857142856,21111.873571428572,loss,-1.0253570361247202
2024-11-14 03:20:00-05:00,2024-11-14 05:20:00-05:00,long,london,21066.1,21013.020714285714,21172.258571428567,21084.4,expired,0.30708777973657636
2024-11-14 10:25:00-05:00,2024-11-14 12:25:00-05:00,short,am,21020.6,21099.33142857143,20863.137142857136,20983.8,expired,0.442008999854818
2024-11-14 14:10:00-05:00,2024-11-14 15:00:00-05:00,long,pm,20973.3,20940.955714285712,21037.988571428574,20940.955714285712,loss,-1.0618347246146342
2024-11-15 03:15:00-05:00,2024-11-15 05:15:00-05:00,short,london,20750.9,20795.352857142858,20661.99428571429,20734.3,expired,0.32843783141053784
2024-11-18 14:05:00-05:00,2024-11-18 14:20:00-05:00,long,pm,20563.1,20524.055714285714,20641.188571428567,20524.055714285714,loss,-1.0512238849657916
2024-11-19 03:20:00-05:00,2024-11-19 03:35:00-05:00,short,london,20603.8,20622.069285714286,20567.261428571426,20567.261428571426,win,1.8905266450326514
2024-11-20 03:25:00-05:00,2024-11-20 03:55:00-05:00,long,london,20764.2,20735.24642857143,20822.10714285714,20735.24642857143,loss,-1.0690761070679686
2024-11-21 10:10:00-05:00,2024-11-21 12:10:00-05:00,short,am,20616.1,20845.36142857143,20157.57714285714,20674.7,expired,-0.2643270626795442
2024-11-21 14:20:00-05:00,2024-11-21 15:05:00-05:00,short,pm,20769.4,20803.17714285714,20701.845714285722,20803.17714285714,loss,-1.0592116393165343
2024-11-22 14:20:00-05:00,2024-11-22 16:20:00-05:00,short,pm,20760.2,20812.626428571428,20655.347142857147,20796.2,expired,-0.7248252653378408
2024-11-25 14:15:00-05:00,2024-11-25 14:20:00-05:00,long,pm,20803.4,20781.6,20847.000000000007,20781.6,loss,-1.0917431192660427
2024-11-27 10:20:00-05:00,2024-11-27 12:20:00-05:00,short,am,20763.2,20903.69214285714,20482.21571428572,20662.9,expired,0.6996832563081925
2024-11-28 10:25:00-05:00,2024-11-28 12:25:00-05:00,long,am,20843.2,20822.285,20885.030000000002,20848.1,expired,0.13865646665061898
2024-11-29 03:10:00-05:00,2024-11-29 05:10:00-05:00,long,london,20841.8,20817.23285714286,20890.93428571428,20855.9,expired,0.49252776647103375
2024-11-29 10:20:00-05:00,2024-11-29 12:20:00-05:00,long,am,20908.0,20755.755,21212.489999999998,20939.4,expired,0.19310979014090218
2024-12-02 03:10:00-05:00,2024-12-02 04:00:00-05:00,long,london,20915.7,20906.730000000003,20933.639999999996,20933.639999999996,win,1.7770345596431938
2024-12-04 10:15:00-05:00,2024-12-04 12:15:00-05:00,long,am,21402.8,21345.899285714284,21516.60142857143,21445.2,expired,0.7100086617039826
2024-12-06 14:20:00-05:00,2024-12-06 16:20:00-05:00,short,pm,21602.2,21637.453571428574,21531.692857142854,21603.2,expired,-0.08509776111842346
2024-12-10 10:25:00-05:00,2024-12-10 10:55:00-05:00,long,am,21539.1,21480.065714285713,21657.16857142857,21480.065714285713,loss,-1.0338786177523955
2024-12-11 10:15:00-05:00,2024-12-11 12:15:00-05:00,long,am,21687.2,21547.187857142857,21967.22428571429,21764.6,expired,0.5385247197946926
2024-12-16 14:20:00-05:00,2024-12-16 15:50:00-05:00,long,pm,22203.1,22176.145714285714,22257.008571428567,22176.145714285714,loss,-1.0741997032011914
2024-12-18 03:15:00-05:00,2024-12-18 04:00:00-05:00,long,london,22132.4,22100.975000000002,22195.25,22100.975000000002,loss,-1.0636435958631678
2024-12-18 14:20:00-05:00,2024-12-18 15:00:00-05:00,short,pm,21940.1,22096.760714285716,21626.778571428564,21626.778571428564,win,1.9872335575059845
2024-12-19 10:20:00-05:00,2024-12-19 10:30:00-05:00,long,am,21333.5,21279.207142857143,21442.085714285713,21279.207142857143,loss,-1.0368372582554932
2024-12-23 03:10:00-05:00,2024-12-23 03:25:00-05:00,short,london,21509.1,21528.130714285715,21471.038571428566,21471.038571428566,win,1.8949067297226405
2024-12-23 10:15:00-05:00,2024-12-23 11:40:00-05:00,short,am,21345.2,21477.36928571429,21080.861428571425,21477.36928571429,loss,-1.0151321087133922
2024-12-24 03:20:00-05:00,2024-12-24 04:15:00-05:00,short,london,21563.7,21599.317857142858,21492.464285714286,21599.317857142858,loss,-1.056151609345232
2024-12-24 10:20:00-05:00,2024-12-24 12:20:00-05:00,long,am,21701.8,21598.515714285713,21908.36857142857,21775.9,expired,0.6980732790218594
2024-12-31 10:15:00-05:00,2024-12-31 12:15:00-05:00,short,am,21236.0,21307.86357142857,21092.27285714286,21146.1,expired,1.223151010347029
2024-12-31 14:15:00-05:00,2024-12-31 14:40:00-05:00,long,pm,21043.0,20999.777857142857,21129.444285714286,20999.777857142857,loss,-1.0462725785394391
2025-01-02 03:20:00-05:00,2025-01-02 03:25:00-05:00,long,london,21203.9,21164.655000000002,21282.39,21164.655000000002,loss,-1.0509619059752848
2025-01-06 03:15:00-05:00,2025-01-06 03:45:00-05:00,long,london,21402.3,21382.430714285714,21442.03857142857,21442.03857142857,win,1.8993421289139703
2025-01-07 10:25:00-05:00,2025-01-07 12:25:00-05:00,short,am,21456.3,21640.915,21087.069999999996,21260.3,expired,1.0508355225739963
2025-01-08 10:20:00-05:00,2025-01-08 11:40:00-05:00,short,am,21140.6,21244.061428571425,20933.677142857145,21244.061428571425,loss,-1.019330875550585
2025-01-10 10:20:00-05:00,2025-01-10 12:20:00-05:00,short,am,20841.4,21040.585,20443.030000000006,20761.5,expired,0.3910937068554478
2025-01-10 14:15:00-05:00,2025-01-10 16:15:00-05:00,short,pm,20926.6,21022.431428571428,20734.93714285714,20853.0,expired,0.7471452848752044
2025-01-14 10:20:00-05:00,2025-01-14 10:35:00-05:00,long,am,20895.0,20815.905000000002,21053.189999999995,20815.905000000002,loss,-1.0252860484227835
2025-01-16 14:20:00-05:00,2025-01-16 15:55:00-05:00,long,pm,21169.6,21115.739999999998,21277.32,21115.739999999998,loss,-1.0371333085777938
2025-01-21 14:25:00-05:00,2025-01-21 16:00:00-05:00,short,pm,21610.5,21634.552142857145,21562.39571428571,21634.552142857145,loss,-1.0831526742493924
2025-01-22 03:25:00-05:00,2025-01-22 05:25:00-05:00,long,london,21743.7,21718.660714285714,21793.778571428575,21758.0,expired,0.4912280701753851
2025-01-23 14:20:00-05:00,2025-01-23 15:50:00-05:00,short,pm,21814.2,21860.127142857145,21722.34571428571,21860.127142857145,loss,-1.043547233195432
2025-01-27 03:05:00-05:00,2025-01-27 05:00:00-05:00,short,london,21194.6,21289.860714285714,21004.078571428567,21004.078571428567,win,1.9790049863157504
2025-01-28 03:20:00-05:00,2025-01-28 03:45:00-05:00,short,london,21209.0,21252.139285714286,21122.72142857143,21252.139285714286,loss,-1.0463614537627288
2025-01-28 14:25:00-05:00,2025-01-28 14:45:00-05:00,long,pm,21433.4,21399.284285714286,21501.631428571432,21501.631428571432,win,1.941375989280183
2025-01-30 03:25:00-05:00,2025-01-30 04:50:00-05:00,long,london,21586.6,21528.289285714287,21703.22142857142,21528.289285714287,loss,-1.0342990139033519
2025-01-30 10:10:00-05:00,2025-01-30 12:10:00-05:00,short,am,21498.2,21645.440000000002,21203.719999999998,21444.5,expired,0.35112741102961265
2025-02-03 03:25:00-05:00,2025-02-03 05:25:00-05:00,long,london,21112.2,20981.70357142857,21373.19285714286,21105.6,expired,-0.06590218670463277
2025-02-03 14:20:00-05:00,2025-02-03 16:00:00-05:00,long,pm,21401.2,21291.071428571428,21621.457142857147,21291.071428571428,loss,-1.0181605915164091
2025-02-04 03:20:00-05:00,2025-02-04 03:30:00-05:00,short,london,21300.3,21329.31428571429,21242.27142857142,21242.27142857142,win,1.9310684391925241
2025-02-04 10:15:00-05:00,2025-02-04 12:15:00-05:00,long,am,21524.1,21305.23357142857,21961.832857142857,21502.7,expired,-0.10691452386157511
2025-02-05 14:15:00-05:00,2025-02-05 16:15:00-05:00,long,pm,21629.7,21577.04,21735.02,21688.1,expired,1.0710216483098742
2025-02-06 10:20:00-05:00,2025-02-06 12:20:00-05:00,long,am,21705.8,21644.354285714286,21828.691428571427,21715.4,expired,0.12368641309405715
2025-02-10 14:10:00-05:00,2025-02-10 14:45:00-05:00,short,pm,21789.9,21800.949285714287,21767.80142857143,21767.80142857143,win,1.8189928243583884
2025-02-11 03:05:00-05:00,2025-02-11 03:40:00-05:00,short,london,21657.0,21693.86,21583.28,21693.86,loss,-1.0542593597395542
2025-02-12 03:10:00-05:00,2025-02-12 04:05:00-05:00,long,london,21717.4,21694.165714285715,21763.868571428575,21694.165714285715,loss,-1.0860796851942907
2025-02-12 10:15:00-05:00,2025-02-12 10:20:00-05:00,short,am,21591.6,21630.35,21514.1,21630.35,loss,-1.0516129032258064
2025-02-13 10:05:00-05:00,2025-02-13 12:05:00-05:00,long,am,21832.0,21754.495000000003,21987.009999999995,21913.2,expired,1.0218695568028309
2025-02-14 10:15:00-05:00,2025-02-14 12:15:00-05:00,long,am,22048.9,22011.077142857142,22124.54571428572,22040.6,expired,-0.2723221030367761
2025-02-14 14:15:00-05:00,2025-02-14 16:30:00-05:00,long,pm,22115.3,22065.615,22214.669999999995,22124.0,expired,0.13484955217874695
2025-02-17 03:25:00-05:00,2025-02-17 04:40:00-05:00,long,london,22166.4,22159.27142857143,22180.657142857148,22159.27142857143,loss,-1.2805611222444195
2025-02-18 03:15:00-05:00,2025-02-18 05:15:00-05:00,short,london,22220.8,22254.533571428572,22153.332857142854,22207.5,expired,0.3349778728269498
2025-02-18 14:20:00-05:00,2025-02-18 14:50:00-05:00,short,pm,22091.0,22111.967857142856,22049.06428571429,22111.967857142856,loss,-1.0953840912962078
2025-02-19 14:25:00-05:00,2025-02-19 15:25:00-05:00,long,pm,22203.4,22155.5,22299.200000000004,22155.5,loss,-1.0417536534446752
2025-02-20 14:25:00-05:00,2025-02-20 16:40:00-05:00,long,pm,22031.1,21968.364285714288,22156.57142857142,22077.0,expired,0.6997609017420631
2025-02-21 03:25:00-05:00,2025-02-21 04:00:00-05:00,short,london,22074.0,22100.514285714286,22020.97142857143,22100.514285714286,loss,-1.0754310344827591
2025-02-24 03:15:00-05:00,2025-02-24 04:00:00-05:00,short,london,21674.9,21726.327142857142,21572.04571428572,21726.327142857142,loss,-1.0388899691658116
2025-02-24 10:10:00-05:00,2025-02-24 12:10:00-05:00,short,am,21518.5,21752.48642857143,21050.527142857143,21541.8,expired,-0.10812592915950255
2025-02-25 03:20:00-05:00,2025-02-25 04:00:00-05:00,long,london,21317.4,21257.425714285717,21437.34857142857,21257.425714285717,loss,-1.0333476251726936
2025-02-25 10:10:00-05:00,2025-02-25 12:10:00-05:00,short,am,21158.2,21367.632857142857,20739.33428571429,21100.7,expired,0.26500139833427844
2025-02-27 03:20:00-05:00,2025-02-27 03:55:00-05:00,short,london,21249.2,21282.03785714286,21183.524285714284,21282.03785714286,loss,-1.060905313988643
2025-02-27 10:05:00-05:00,2025-02-27 12:05:00-05:00,short,am,20964.6,21342.37714285714,20209.045714285712,20963.0,expired,-0.0010588253089539503
2025-02-28 14:15:00-05:00,2025-02-28 14:35:00-05:00,short,pm,20568.4,20627.925000000003,20449.35,20627.925000000003,loss,-1.033599328013439
2025-03-03 10:05:00-05:00,2025-03-03 12:05:00-05:00,short,am,20836.6,21089.759285714288,20330.28142857142,20876.2,expired,-0.1643234214483884
2025-03-05 10:10:00-05:00,2025-03-05 11:10:00-05:00,long,am,20388.3,20233.612142857142,20697.675714285713,20233.612142857142,loss,-1.0129292630781805
2025-03-05 14:15:00-05:00,2025-03-05 16:30:00-05:00,long,pm,20618.9,20411.915714285715,21032.868571428575,20576.8,expired,-0.21305965256162568
2025-03-06 03:05:00-05:00,2025-03-06 05:05:00-05:00,short,london,20515.5,20617.017857142855,20312.46428571429,20378.6,expired,1.3288302550572095
2025-03-10 10:10:00-04:00,2025-03-10 12:10:00-04:00,short,am,19713.9,19924.575,19292.550000000003,19585.4,expired,0.6004509315296093
2025-03-13 03:15:00-04:00,2025-03-13 03:20:00-04:00,short,london,19452.7,19486.419285714288,19385.261428571426,19486.419285714288,loss,-1.0593132374435967
2025-03-13 10:25:00-04:00,2025-03-13 11:35:00-04:00,long,am,19460.9,19303.677857142855,19775.344285714295,19303.677857142855,loss,-1.0127208544779676
2025-03-14 03:20:00-04:00,2025-03-14 04:15:00-04:00,short,london,19380.3,19407.057142857142,19326.785714285714,19407.057142857142,loss,-1.0747463961558998
2025-03-14 10:05:00-04:00,2025-03-14 11:00:00-04:00,short,am,19527.0,19609.906428571427,19361.187142857147,19609.906428571427,loss,-1.0241235816626322
2025-03-19 03:15:00-04:00,2025-03-19 03:40:00-04:00,short,london,19514.2,19538.81357142857,19464.97285714286,19464.97285714286,win,1.918744014626073
2025-03-19 10:25:00-04:00,2025-03-19 12:25:00-04:00,long,am,19643.1,19498.00214285714,19933.295714285712,19700.0,expired,0.3783653396476379
2025-03-19 14:20:00-04:00,2025-03-19 16:35:00-04:00,long,pm,19686.2,19560.54285714286,19937.514285714282,19748.9,expired,0.48306048203730423
2025-03-20 10:10:00-04:00,2025-03-20 12:10:00-04:00,long,am,19781.9,19547.024285714288,20251.65142857143,19767.9,expired,-0.068121133973591
2025-03-25 03:20:00-04:00,2025-03-25 04:05:00-04:00,long,london,20172.3,20142.32,20232.26,20142.32,loss,-1.0667111407605079
2025-03-26 10:25:00-04:00,2025-03-26 12:25:00-04:00,short,am,20097.4,20291.209285714285,19709.781428571434,20017.5,expired,0.40194152572670167
2025-03-28 03:05:00-04:00,2025-03-28 05:05:00-04:00,short,london,19754.3,19826.62714285714,19609.645714285714,19727.8,expired,0.33873866756207105
2025-03-28 14:20:00-04:00,2025-03-28 15:30:00-04:00,long,pm,19286.1,19254.610714285714,19349.078571428567,19254.610714285714,loss,-1.0635136667800873
2025-03-31 14:15:00-04:00,2025-03-31 16:30:00-04:00,long,pm,19156.5,19029.840714285714,19409.818571428572,19240.1,expired,0.6442480670866033
2025-04-01 03:10:00-04:00,2025-04-01 05:10:00-04:00,long,london,19281.7,19180.42357142857,19484.25285714286,19290.5,expired,0.06714296797307874
2025-04-04 10:20:00-04:00,2025-04-04 12:20:00-04:00,short,am,17898.2,18101.56,17491.48,17630.0,expired,1.309008654602675
2025-04-07 03:20:00-04:00,2025-04-07 04:00:00-04:00,long,london,16461.6,16332.545714285714,16719.708571428568,16719.708571428568,win,1.9845026456197834
2025-04-07 10:20:00-04:00,2025-04-07 12:20:00-04:00,long,am,17344.3,16513.672857142858,19005.554285714283,17196.0,expired,-0.18094761445310623
2025-04-09 14:05:00-04:00,2025-04-09 16:05:00-04:00,long,pm,18708.6,17264.88285714286,21596.034285714275,19185.6,expired,0.3290118167191447
2025-04-11 03:10:00-04:00,2025-04-11 04:35:00-04:00,short,london,18516.0,18663.547857142858,18220.904285714285,18220.904285714285,win,1.98644507593178
2025-04-15 03:10:00-04:00,2025-04-15 05:10:00-04:00,long,london,18855.6,18766.26142857143,19034.277142857136,18850.9,expired,-0.0749956026032286
2025-04-21 10:10:00-04:00,2025-04-21 12:10:00-04:00,short,am,17859.8,18058.012857142858,17463.374285714282,17728.1,expired,0.6543470583571769
2025-04-22 03:25:00-04:00,2025-04-22 05:25:00-04:00,short,london,17997.3,18065.33428571429,17861.23142857142,18007.8,expired,-0.18373089198722287
2025-04-25 10:15:00-04:00,2025-04-25 12:15:00-04:00,long,am,19255.1,19128.080714285712,19509.13857142857,19287.6,expired,0.24012101649355683
2025-04-28 10:05:00-04:00,2025-04-28 12:05:00-04:00,short,am,19414.7,19527.60357142857,19188.89285714286,19197.7,expired,1.9042798848575024
2025-04-30 14:25:00-04:00,2025-04-30 15:55:00-04:00,long,pm,19398.2,19304.551428571427,19585.497142857148,19585.497142857148,win,1.9786435610336521
2025-05-01 03:15:00-04:00,2025-05-01 05:05:00-04:00,long,london,19837.6,19806.160714285714,19900.478571428568,19900.478571428568,win,1.936385323185276
2025-05-01 10:05:00-04:00,2025-05-01 10:25:00-04:00,short,am,19834.1,19900.455714285716,19701.388571428564,19900.455714285716,loss,-1.0301405842967544
2025-05-01 14:20:00-04:00,2025-05-01 15:50:00-04:00,long,pm,19908.7,19843.890714285713,20038.318571428576,19843.890714285713,loss,-1.0308597753849198
2025-05-02 14:20:00-04:00,2025-05-02 15:00:00-04:00,long,pm,20146.5,20100.942857142858,20237.614285714284,20100.942857142858,loss,-1.0439009093759808
2025-05-07 14:20:00-04:00,2025-05-07 15:40:00-04:00,short,pm,19660.8,19834.06714285714,19314.265714285717,19834.06714285714,loss,-1.0115428693924329
2025-05-13 14:05:00-04:00,2025-05-13 16:05:00-04:00,short,pm,21228.9,21273.532142857144,21139.635714285716,21173.2,expired,1.2031687605025396
2025-05-14 03:05:00-04:00,2025-05-14 03:20:00-04:00,long,london,21266.5,21231.979285714286,21335.54142857143,21231.979285714286,loss,-1.0579362287653375
2025-05-15 03:20:00-04:00,2025-05-15 04:40:00-04:00,short,london,21249.2,21293.62142857143,21160.35714285714,21160.35714285714,win,1.954976684354399
2025-05-15 14:25:00-04:00,2025-05-15 16:40:00-04:00,short,pm,21334.7,21453.79642857143,21096.507142857143,21331.8,expired,0.007556901670327361
2025-05-16 03:10:00-04:00,2025-05-16 03:30:00-04:00,long,london,21302.6,21283.175,21341.449999999997,21341.449999999997,win,1.8970398970398932
2025-05-19 10:25:00-04:00,2025-05-19 12:25:00-04:00,long,am,21315.3,21098.610714285714,21748.67857142857,21402.2,expired,0.3918052511001683
2025-05-19 14:25:00-04:00,2025-05-19 16:40:00-04:00,short,pm,21409.1,21475.930714285714,21275.438571428567,21437.5,expired,-0.4548806686403938
2025-05-21 03:10:00-04:00,2025-05-21 05:10:00-04:00,long,london,21250.0,21219.702857142856,21310.594285714287,21249.0,expired,-0.09901923802338489
2025-05-22 03:10:00-04:00,2025-05-22 05:10:00-04:00,long,london,21133.1,21101.03857142857,21197.222857142857,21134.0,expired,-0.0343091387069005
2025-05-22 10:10:00-04:00,2025-05-22 12:10:00-04:00,long,am,21209.7,21046.754285714283,21535.591428571435,21239.7,expired,0.17183636969367225
2025-05-23 14:25:00-04:00,2025-05-23 15:50:00-04:00,short,pm,20986.4,21025.517857142855,20908.164285714294,20908.164285714294,win,1.9488724550351455
2025-05-29 10:15:00-04:00,2025-05-29 12:15:00-04:00,short,am,21392.8,21650.773571428574,20876.85285714285,21376.6,expired,0.05504439823570187
2025-05-30 14:15:00-04:00,2025-05-30 15:50:00-04:00,long,pm,21183.3,21093.39857142857,21363.102857142858,21363.102857142858,win,1.9777534124676235
2025-06-02 03:20:00-04:00,2025-06-02 03:25:00-04:00,long,london,21197.3,21174.657142857144,21242.58571428571,21174.657142857144,loss,-1.0883280757097873
2025-06-03 14:25:00-04:00,2025-06-03 16:40:00-04:00,short,pm,21664.8,21721.783571428572,21550.832857142854,21667.6,expired,-0.08423480451757806
2025-06-04 10:10:00-04:00,2025-06-04 12:10:00-04:00,short,am,21679.0,21763.16214285714,21510.675714285717,21677.1,expired,-0.001188182674581928
2025-06-05 14:25:00-04:00,2025-06-05 15:15:00-04:00,short,pm,21674.8,21759.56357142857,21505.272857142856,21505.272857142856,win,1.9764049583294712
2025-06-06 14:25:00-04:00,2025-06-06 16:00:00-04:00,long,pm,21808.7,21750.345,21925.41,21750.345,loss,-1.03427298432011
2025-06-10 03:25:00-04:00,2025-06-10 03:35:00-04:00,long,london,21779.8,21763.67142857143,21812.05714285714,21763.67142857143,loss,-1.1240035429583846
2025-06-10 14:15:00-04:00,2025-06-10 14:55:00-04:00,short,pm,21854.4,21909.07571428571,21745.048571428582,21909.07571428571,loss,-1.03657931178638
2025-06-19 03:05:00-04:00,2025-06-19 03:20:00-04:00,long,london,21637.9,21607.104285714286,21699.491428571433,21607.104285714286,loss,-1.0649441016839045
2025-06-20 14:25:00-04:00,2025-06-20 16:40:00-04:00,long,pm,21671.8,21554.099285714285,21907.20142857143,21663.3,expired,-0.08920931418063949
2025-06-23 03:15:00-04:00,2025-06-23 03:40:00-04:00,long,london,21630.8,21596.58785714286,21699.22428571428,21699.22428571428,win,1.941541223876231
2025-06-26 10:05:00-04:00,2025-06-26 12:05:00-04:00,long,am,22351.6,22279.588571428572,22495.62285714285,22426.2,expired,1.0081733058245357
2025-06-27 10:15:00-04:00,2025-06-27 12:15:00-04:00,long,am,22598.9,22490.454285714284,22815.791428571436,22587.0,expired,-0.1281747286331641
2025-06-30 03:20:00-04:00,2025-06-30 05:20:00-04:00,short,london,22676.9,22709.817142857144,22611.065714285716,22698.6,expired,-0.7199895842373965
2025-07-01 03:10:00-04:00,2025-07-01 03:50:00-04:00,long,london,22649.5,22635.024285714288,22678.451428571425,22635.024285714288,loss,-1.1381624395539502
2025-07-03 10:15:00-04:00,2025-07-03 12:15:00-04:00,long,am,22854.8,22708.52357142857,23147.352857142858,22891.3,expired,0.2358548150029043
2025-07-08 03:25:00-04:00,2025-07-08 03:45:00-04:00,short,london,22759.8,22773.452142857146,22732.495714285706,22773.452142857146,loss,-1.1464971485376019
2025-07-09 14:15:00-04:00,2025-07-09 16:30:00-04:00,long,pm,22830.5,22783.245,22925.010000000002,22865.9,expired,0.706803512855798
2025-07-10 10:10:00-04:00,2025-07-10 12:10:00-04:00,short,am,22768.3,22918.920714285716,22467.058571428566,22799.0,expired,-0.21710161284968554
2025-07-14 03:25:00-04:00,2025-07-14 03:40:00-04:00,short,london,22656.1,22686.884285714284,22594.531428571427,22686.884285714284,loss,-1.064968211981994
2025-07-14 10:25:00-04:00,2025-07-14 12:25:00-04:00,long,am,22778.6,22677.807857142856,22980.184285714284,22853.8,expired,0.7262470855863289
2025-07-15 10:25:00-04:00,2025-07-15 10:50:00-04:00,long,am,23002.9,22959.994285714285,23088.711428571434,22959.994285714285,loss,-1.0466138376506604
2025-07-17 03:15:00-04:00,2025-07-17 05:15:00-04:00,short,london,22971.6,22999.546428571426,22915.707142857143,22969.3,expired,0.01073482428112453
2025-07-17 14:15:00-04:00,2025-07-17 16:30:00-04:00,short,pm,23099.3,23123.660714285714,23050.57857142857,23115.8,expired,-0.7594194399648081
2025-07-22 10:20:00-04:00,2025-07-22 12:20:00-04:00,long,am,23023.8,22967.185714285715,23137.028571428567,23063.0,expired,0.6570779712339458
2025-07-24 14:20:00-04:00,2025-07-24 14:45:00-04:00,long,pm,23271.5,23245.147142857142,23324.205714285716,23245.147142857142,loss,-1.075893099148911
2025-07-25 14:25:00-04:00,2025-07-25 15:50:00-04:00,long,pm,23319.0,23298.039285714287,23360.921428571426,23298.039285714287,loss,-1.0954165956721815
2025-07-30 03:25:00-04:00,2025-07-30 04:00:00-04:00,short,london,23374.9,23393.442142857144,23337.815714285716,23393.442142857144,loss,-1.1078623983974745
2025-08-01 03:25:00-04:00,2025-08-01 05:25:00-04:00,short,london,23094.2,23169.830714285712,22942.938571428578,22976.8,expired,1.5258351198965692
2025-08-04 10:05:00-04:00,2025-08-04 12:05:00-04:00,long,am,23123.7,22962.667142857143,23445.765714285717,23155.6,expired,0.18567639257292962
2025-08-05 10:10:00-04:00,2025-08-05 10:35:00-04:00,short,am,23245.9,23295.95714285714,23145.785714285725,23145.785714285725,win,1.9600456621004532
2025-08-06 10:10:00-04:00,2025-08-06 11:50:00-04:00,long,am,23119.9,23045.49142857143,23268.717142857146,23268.717142857146,win,1.9731213761855395
2025-08-07 03:20:00-04:00,2025-08-07 04:20:00-04:00,long,london,23395.8,23369.295000000002,23448.809999999994,23448.809999999994,win,1.9245425391435504
2025-08-07 10:15:00-04:00,2025-08-07 11:45:00-04:00,short,am,23517.4,23577.140000000003,23397.92,23397.92,win,1.966521593572147
2025-08-07 14:25:00-04:00,2025-08-07 15:50:00-04:00,short,pm,23272.5,23363.634285714284,23090.23142857143,23363.634285714284,loss,-1.0219456375207703
2025-08-08 03:25:00-04:00,2025-08-08 05:15:00-04:00,long,london,23444.8,23429.522142857142,23475.355714285713,23475.355714285713,win,1.8690915891346016
2025-08-08 14:10:00-04:00,2025-08-08 16:10:00-04:00,long,pm,23608.5,23558.92785714286,23707.644285714283,23669.8,expired,1.1962363654702575
2025-08-11 03:20:00-04:00,2025-08-11 03:45:00-04:00,short,london,23661.1,23676.307142857142,23630.68571428571,23630.68571428571,win,1.8684828558008508
2025-08-12 03:15:00-04:00,2025-08-12 05:15:00-04:00,long,london,23571.3,23539.92142857143,23634.05714285714,23558.0,expired,-0.4875938993853917
2025-08-14 14:20:00-04:00,2025-08-14 16:35:00-04:00,short,pm,23841.8,23898.687142857143,23728.02571428571,23808.1,expired,0.5572436654026809
2025-08-15 10:25:00-04:00,2025-08-15 11:40:00-04:00,long,am,23760.6,23677.61857142857,23926.562857142853,23677.61857142857,loss,-1.0241017783669326
2025-08-20 10:20:00-04:00,2025-08-20 12:20:00-04:00,short,am,23076.5,23371.195,22487.11,23207.1,expired,-0.4499567349293292
2025-08-21 03:20:00-04:00,2025-08-21 05:20:00-04:00,short,london,23268.0,23301.37357142857,23201.252857142863,23248.9,expired,0.5123814823534456
2025-08-25 03:05:00-04:00,2025-08-25 05:05:00-04:00,short,london,23476.2,23505.636428571426,23417.32714285715,23444.1,expired,1.0225425250541715
2025-08-25 10:20:00-04:00,2025-08-25 12:20:00-04:00,long,am,23473.8,23384.23857142857,23652.922857142858,23545.8,expired,0.7815864610084011
2025-08-27 14:20:00-04:00,2025-08-27 15:10:00-04:00,long,pm,23596.9,23535.324285714287,23720.05142857143,23535.324285714287,loss,-1.032480337795513
2025-08-28 10:15:00-04:00,2025-08-28 12:15:00-04:00,long,am,23588.6,23519.835714285713,23726.12857142857,23673.0,expired,1.198296457878907
2025-08-29 03:10:00-04:00,2025-08-29 03:35:00-04:00,long,london,23678.9,23663.074285714287,23710.55142857143,23663.074285714287,loss,-1.126376602274776
2025-08-29 10:20:00-04:00,2025-08-29 12:20:00-04:00,short,am,23441.5,23625.23285714286,23074.034285714282,23423.7,expired,0.0859944173606042
2025-09-02 03:25:00-04:00,2025-09-02 03:45:00-04:00,short,london,23374.3,23415.08857142857,23292.72285714286,23292.72285714286,win,1.95096665732698
2025-09-03 10:10:00-04:00,2025-09-03 10:25:00-04:00,long,am,23357.5,23324.52857142857,23423.442857142858,23423.442857142858,win,1.9393414211438482
2025-09-05 03:10:00-04:00,2025-09-05 05:00:00-04:00,short,london,23726.5,23754.320714285717,23670.858571428565,23754.320714285717,loss,-1.0718888803306812
2025-09-08 03:20:00-04:00,2025-09-08 04:00:00-04:00,long,london,23739.1,23720.222142857143,23776.85571428571,23720.222142857143,loss,-1.1059442279314473
2025-09-08 10:25:00-04:00,2025-09-08 12:25:00-04:00,short,am,23833.0,23862.100000000002,23774.799999999996,23802.5,expired,0.9793814432988956
2025-09-09 03:20:00-04:00,2025-09-09 04:05:00-04:00,long,london,23834.9,23815.067142857144,23874.565714285716,23815.067142857144,loss,-1.1008427573291062
2025-09-17 10:15:00-04:00,2025-09-17 12:15:00-04:00,short,am,24254.6,24318.01785714286,24127.76428571428,24179.9,expired,1.1463648138761173
2025-09-17 14:20:00-04:00,2025-09-17 15:10:00-04:00,short,pm,24188.2,24294.270714285714,23976.058571428573,24294.270714285714,loss,-1.0188553458272447
2025-09-24 03:20:00-04:00,2025-09-24 03:55:00-04:00,short,london,24653.0,24683.655714285716,24591.688571428567,24683.655714285716,loss,-1.065240691551326
2025-09-25 03:25:00-04:00,2025-09-25 03:35:00-04:00,short,london,24523.0,24537.327142857142,24494.345714285715,24537.327142857142,loss,-1.139595173995417
2025-09-25 14:10:00-04:00,2025-09-25 16:10:00-04:00,short,pm,24325.2,24440.436428571425,24094.72714285715,24417.7,expired,-0.8200531825873786
2025-09-29 03:10:00-04:00,2025-09-29 03:30:00-04:00,short,london,24643.2,24660.53,24608.540000000005,24660.53,loss,-1.1154068090017437
